path,split
yes_drone/B_S2_D1_067-bebop_000_.wav,train
yes_drone/B_S2_D1_067-bebop_001_.wav,train
yes_drone/B_S2_D1_067-bebop_002_.wav,train
yes_drone/B_S2_D1_067-bebop_003_.wav,train
yes_drone/B_S2_D1_067-bebop_004_.wav,train
yes_drone/B_S2_D1_068-bebop_000_.wav,train
yes_drone/B_S2_D1_068-bebop_001_.wav,test
yes_drone/B_S2_D1_068-bebop_002_.wav,train
yes_drone/B_S2_D1_068-bebop_003_.wav,test
yes_drone/B_S2_D1_068-bebop_004_.wav,train
yes_drone/B_S2_D1_069-bebop_000_.wav,train
yes_drone/B_S2_D1_069-bebop_001_.wav,train
yes_drone/B_S2_D1_069-bebop_002_.wav,train
yes_drone/B_S2_D1_069-bebop_003_.wav,train
yes_drone/B_S2_D1_069-bebop_004_.wav,train
yes_drone/B_S2_D1_070-bebop_000_.wav,train
yes_drone/B_S2_D1_070-bebop_001_.wav,train
yes_drone/B_S2_D1_070-bebop_002_.wav,test
yes_drone/B_S2_D1_070-bebop_003_.wav,test
yes_drone/B_S2_D1_070-bebop_004_.wav,train
yes_drone/B_S2_D1_071-bebop_000_.wav,train
yes_drone/B_S2_D1_071-bebop_001_.wav,train
yes_drone/B_S2_D1_071-bebop_002_.wav,train
yes_drone/B_S2_D1_071-bebop_003_.wav,test
yes_drone/B_S2_D1_071-bebop_004_.wav,train
yes_drone/B_S2_D1_072-bebop_000_.wav,train
yes_drone/B_S2_D1_072-bebop_001_.wav,train
yes_drone/B_S2_D1_072-bebop_002_.wav,train
yes_drone/B_S2_D1_072-bebop_003_.wav,train
yes_drone/B_S2_D1_072-bebop_004_.wav,train
yes_drone/B_S2_D1_073-bebop_000_.wav,train
yes_drone/B_S2_D1_073-bebop_001_.wav,train
yes_drone/B_S2_D1_073-bebop_002_.wav,test
yes_drone/B_S2_D1_073-bebop_003_.wav,train
yes_drone/B_S2_D1_073-bebop_004_.wav,train
yes_drone/B_S2_D1_074-bebop_000_.wav,train
yes_drone/B_S2_D1_074-bebop_001_.wav,train
yes_drone/B_S2_D1_074-bebop_002_.wav,train
yes_drone/B_S2_D1_074-bebop_003_.wav,test
yes_drone/B_S2_D1_074-bebop_004_.wav,train
yes_drone/B_S2_D1_075-bebop_000_.wav,test
yes_drone/B_S2_D1_075-bebop_001_.wav,train
yes_drone/B_S2_D1_075-bebop_002_.wav,train
yes_drone/B_S2_D1_075-bebop_003_.wav,test
yes_drone/B_S2_D1_075-bebop_004_.wav,train
yes_drone/B_S2_D1_076-bebop_000_.wav,train
yes_drone/B_S2_D1_076-bebop_001_.wav,test
yes_drone/B_S2_D1_076-bebop_002_.wav,train
yes_drone/B_S2_D1_076-bebop_003_.wav,train
yes_drone/B_S2_D1_076-bebop_004_.wav,train
yes_drone/B_S2_D1_077-bebop_000_.wav,train
yes_drone/B_S2_D1_077-bebop_001_.wav,train
yes_drone/B_S2_D1_077-bebop_002_.wav,train
yes_drone/B_S2_D1_077-bebop_003_.wav,train
yes_drone/B_S2_D1_077-bebop_004_.wav,train
yes_drone/B_S2_D1_078-bebop_000_.wav,train
yes_drone/B_S2_D1_078-bebop_001_.wav,train
yes_drone/B_S2_D1_078-bebop_002_.wav,train
yes_drone/B_S2_D1_078-bebop_003_.wav,train
yes_drone/B_S2_D1_078-bebop_004_.wav,train
yes_drone/B_S2_D1_079-bebop_000_.wav,train
yes_drone/B_S2_D1_079-bebop_001_.wav,train
yes_drone/B_S2_D1_079-bebop_002_.wav,train
yes_drone/B_S2_D1_079-bebop_003_.wav,train
yes_drone/B_S2_D1_079-bebop_004_.wav,train
yes_drone/B_S2_D1_080-bebop_000_.wav,train
yes_drone/B_S2_D1_080-bebop_001_.wav,test
yes_drone/B_S2_D1_080-bebop_002_.wav,train
yes_drone/B_S2_D1_080-bebop_003_.wav,test
yes_drone/B_S2_D1_080-bebop_004_.wav,test
yes_drone/B_S2_D1_081-bebop_000_.wav,train
yes_drone/B_S2_D1_081-bebop_001_.wav,train
yes_drone/B_S2_D1_081-bebop_002_.wav,train
yes_drone/B_S2_D1_081-bebop_003_.wav,train
yes_drone/B_S2_D1_081-bebop_004_.wav,train
yes_drone/B_S2_D1_082-bebop_000_.wav,train
yes_drone/B_S2_D1_082-bebop_001_.wav,train
yes_drone/B_S2_D1_082-bebop_002_.wav,train
yes_drone/B_S2_D1_082-bebop_003_.wav,train
yes_drone/B_S2_D1_082-bebop_004_.wav,train
yes_drone/B_S2_D1_083-bebop_000_.wav,train
yes_drone/B_S2_D1_083-bebop_001_.wav,train
yes_drone/B_S2_D1_083-bebop_002_.wav,train
yes_drone/B_S2_D1_083-bebop_003_.wav,test
yes_drone/B_S2_D1_083-bebop_004_.wav,train
yes_drone/B_S2_D1_084-bebop_000_.wav,train
yes_drone/B_S2_D1_084-bebop_001_.wav,test
yes_drone/B_S2_D1_084-bebop_002_.wav,train
yes_drone/B_S2_D1_084-bebop_003_.wav,test
yes_drone/B_S2_D1_084-bebop_004_.wav,test
yes_drone/B_S2_D1_085-bebop_000_.wav,train
yes_drone/B_S2_D1_085-bebop_001_.wav,train
yes_drone/B_S2_D1_085-bebop_002_.wav,train
yes_drone/B_S2_D1_085-bebop_003_.wav,train
yes_drone/B_S2_D1_085-bebop_004_.wav,test
yes_drone/B_S2_D1_086-bebop_000_.wav,train
yes_drone/B_S2_D1_086-bebop_001_.wav,test
yes_drone/B_S2_D1_086-bebop_002_.wav,train
yes_drone/B_S2_D1_086-bebop_003_.wav,train
yes_drone/B_S2_D1_086-bebop_004_.wav,train
yes_drone/B_S2_D1_087-bebop_000_.wav,train
yes_drone/B_S2_D1_087-bebop_001_.wav,train
yes_drone/B_S2_D1_087-bebop_002_.wav,train
yes_drone/B_S2_D1_087-bebop_003_.wav,test
yes_drone/B_S2_D1_087-bebop_004_.wav,train
yes_drone/B_S2_D1_088-bebop_000_.wav,train
yes_drone/B_S2_D1_088-bebop_001_.wav,test
yes_drone/B_S2_D1_088-bebop_002_.wav,train
yes_drone/B_S2_D1_088-bebop_003_.wav,train
yes_drone/B_S2_D1_088-bebop_004_.wav,train
yes_drone/B_S2_D1_089-bebop_000_.wav,train
yes_drone/B_S2_D1_089-bebop_001_.wav,train
yes_drone/B_S2_D1_089-bebop_002_.wav,train
yes_drone/B_S2_D1_089-bebop_003_.wav,train
yes_drone/B_S2_D1_089-bebop_004_.wav,train
yes_drone/B_S2_D1_090-bebop_000_.wav,train
yes_drone/B_S2_D1_090-bebop_001_.wav,train
yes_drone/B_S2_D1_090-bebop_002_.wav,train
yes_drone/B_S2_D1_090-bebop_003_.wav,train
yes_drone/B_S2_D1_090-bebop_004_.wav,train
yes_drone/B_S2_D1_091-bebop_000_.wav,train
yes_drone/B_S2_D1_091-bebop_001_.wav,train
yes_drone/B_S2_D1_091-bebop_002_.wav,test
yes_drone/B_S2_D1_091-bebop_003_.wav,train
yes_drone/B_S2_D1_091-bebop_004_.wav,train
yes_drone/B_S2_D1_092-bebop_000_.wav,train
yes_drone/B_S2_D1_092-bebop_001_.wav,train
yes_drone/B_S2_D1_092-bebop_002_.wav,train
yes_drone/B_S2_D1_092-bebop_003_.wav,train
yes_drone/B_S2_D1_092-bebop_004_.wav,train
yes_drone/B_S2_D1_093-bebop_000_.wav,train
yes_drone/B_S2_D1_093-bebop_001_.wav,train
yes_drone/B_S2_D1_093-bebop_002_.wav,train
yes_drone/B_S2_D1_093-bebop_003_.wav,train
yes_drone/B_S2_D1_093-bebop_004_.wav,train
yes_drone/B_S2_D1_094-bebop_000_.wav,train
yes_drone/B_S2_D1_094-bebop_001_.wav,train
yes_drone/B_S2_D1_094-bebop_002_.wav,test
yes_drone/B_S2_D1_094-bebop_003_.wav,train
yes_drone/B_S2_D1_094-bebop_004_.wav,train
yes_drone/B_S2_D1_095-bebop_000_.wav,train
yes_drone/B_S2_D1_095-bebop_001_.wav,train
yes_drone/B_S2_D1_095-bebop_002_.wav,test
yes_drone/B_S2_D1_095-bebop_003_.wav,test
yes_drone/B_S2_D1_095-bebop_004_.wav,train
yes_drone/B_S2_D1_096-bebop_000_.wav,train
yes_drone/B_S2_D1_096-bebop_001_.wav,train
yes_drone/B_S2_D1_096-bebop_002_.wav,train
yes_drone/B_S2_D1_096-bebop_003_.wav,train
yes_drone/B_S2_D1_096-bebop_004_.wav,train
yes_drone/B_S2_D1_097-bebop_000_.wav,train
yes_drone/B_S2_D1_097-bebop_001_.wav,train
yes_drone/B_S2_D1_097-bebop_002_.wav,train
yes_drone/B_S2_D1_097-bebop_003_.wav,test
yes_drone/B_S2_D1_097-bebop_004_.wav,train
yes_drone/B_S2_D1_098-bebop_000_.wav,train
yes_drone/B_S2_D1_098-bebop_001_.wav,train
yes_drone/B_S2_D1_098-bebop_002_.wav,train
yes_drone/B_S2_D1_098-bebop_003_.wav,train
yes_drone/B_S2_D1_098-bebop_004_.wav,train
yes_drone/B_S2_D1_099-bebop_000_.wav,train
yes_drone/B_S2_D1_099-bebop_001_.wav,train
yes_drone/B_S2_D1_099-bebop_002_.wav,test
yes_drone/B_S2_D1_099-bebop_003_.wav,train
yes_drone/B_S2_D1_099-bebop_004_.wav,test
yes_drone/B_S2_D1_100-bebop_000_.wav,train
yes_drone/B_S2_D1_100-bebop_001_.wav,train
yes_drone/B_S2_D1_100-bebop_002_.wav,train
yes_drone/B_S2_D1_100-bebop_003_.wav,test
yes_drone/B_S2_D1_100-bebop_004_.wav,test
yes_drone/B_S2_D1_101-bebop_000_.wav,train
yes_drone/B_S2_D1_101-bebop_001_.wav,train
yes_drone/B_S2_D1_101-bebop_002_.wav,train
yes_drone/B_S2_D1_101-bebop_003_.wav,test
yes_drone/B_S2_D1_101-bebop_004_.wav,train
yes_drone/B_S2_D1_102-bebop_000_.wav,train
yes_drone/B_S2_D1_102-bebop_001_.wav,train
yes_drone/B_S2_D1_102-bebop_002_.wav,train
yes_drone/B_S2_D1_102-bebop_003_.wav,test
yes_drone/B_S2_D1_102-bebop_004_.wav,train
yes_drone/B_S2_D1_103-bebop_000_.wav,train
yes_drone/B_S2_D1_103-bebop_001_.wav,train
yes_drone/B_S2_D1_103-bebop_002_.wav,train
yes_drone/B_S2_D1_103-bebop_003_.wav,train
yes_drone/B_S2_D1_103-bebop_004_.wav,train
yes_drone/B_S2_D1_104-bebop_000_.wav,train
yes_drone/B_S2_D1_104-bebop_001_.wav,train
yes_drone/B_S2_D1_104-bebop_002_.wav,test
yes_drone/B_S2_D1_104-bebop_003_.wav,train
yes_drone/B_S2_D1_104-bebop_004_.wav,train
yes_drone/B_S2_D1_105-bebop_000_.wav,train
yes_drone/B_S2_D1_105-bebop_001_.wav,train
yes_drone/B_S2_D1_105-bebop_002_.wav,train
yes_drone/B_S2_D1_105-bebop_003_.wav,train
yes_drone/B_S2_D1_105-bebop_004_.wav,test
yes_drone/B_S2_D1_106-bebop_000_.wav,train
yes_drone/B_S2_D1_106-bebop_001_.wav,train
yes_drone/B_S2_D1_106-bebop_002_.wav,train
yes_drone/B_S2_D1_106-bebop_003_.wav,train
yes_drone/B_S2_D1_106-bebop_004_.wav,train
yes_drone/B_S2_D1_107-bebop_000_.wav,train
yes_drone/B_S2_D1_107-bebop_001_.wav,train
yes_drone/B_S2_D1_107-bebop_002_.wav,train
yes_drone/B_S2_D1_107-bebop_003_.wav,test
yes_drone/B_S2_D1_107-bebop_004_.wav,train
yes_drone/B_S2_D1_108-bebop_000_.wav,train
yes_drone/B_S2_D1_108-bebop_001_.wav,train
yes_drone/B_S2_D1_108-bebop_002_.wav,test
yes_drone/B_S2_D1_108-bebop_003_.wav,train
yes_drone/B_S2_D1_108-bebop_004_.wav,test
yes_drone/B_S2_D1_109-bebop_000_.wav,train
yes_drone/B_S2_D1_109-bebop_001_.wav,train
yes_drone/B_S2_D1_109-bebop_002_.wav,test
yes_drone/B_S2_D1_109-bebop_003_.wav,train
yes_drone/B_S2_D1_109-bebop_004_.wav,train
yes_drone/B_S2_D1_110-bebop_000_.wav,train
yes_drone/B_S2_D1_110-bebop_001_.wav,train
yes_drone/B_S2_D1_110-bebop_002_.wav,train
yes_drone/B_S2_D1_110-bebop_003_.wav,train
yes_drone/B_S2_D1_110-bebop_004_.wav,train
yes_drone/B_S2_D1_111-bebop_000_.wav,train
yes_drone/B_S2_D1_111-bebop_001_.wav,train
yes_drone/B_S2_D1_111-bebop_002_.wav,test
yes_drone/B_S2_D1_111-bebop_003_.wav,train
yes_drone/B_S2_D1_111-bebop_004_.wav,train
yes_drone/B_S2_D1_112-bebop_000_.wav,test
yes_drone/B_S2_D1_112-bebop_001_.wav,train
yes_drone/B_S2_D1_112-bebop_002_.wav,test
yes_drone/B_S2_D1_112-bebop_003_.wav,train
yes_drone/B_S2_D1_112-bebop_004_.wav,train
yes_drone/B_S2_D1_113-bebop_000_.wav,train
yes_drone/B_S2_D1_113-bebop_001_.wav,train
yes_drone/B_S2_D1_113-bebop_002_.wav,train
yes_drone/B_S2_D1_113-bebop_003_.wav,train
yes_drone/B_S2_D1_113-bebop_004_.wav,train
yes_drone/B_S2_D1_114-bebop_000_.wav,train
yes_drone/B_S2_D1_114-bebop_001_.wav,test
yes_drone/B_S2_D1_114-bebop_002_.wav,train
yes_drone/B_S2_D1_114-bebop_003_.wav,train
yes_drone/B_S2_D1_114-bebop_004_.wav,train
yes_drone/B_S2_D1_115-bebop_000_.wav,train
yes_drone/B_S2_D1_115-bebop_001_.wav,train
yes_drone/B_S2_D1_115-bebop_002_.wav,train
yes_drone/B_S2_D1_115-bebop_003_.wav,train
yes_drone/B_S2_D1_115-bebop_004_.wav,train
yes_drone/B_S2_D1_116-bebop_000_.wav,train
yes_drone/B_S2_D1_116-bebop_001_.wav,train
yes_drone/B_S2_D1_116-bebop_002_.wav,train
yes_drone/B_S2_D1_116-bebop_003_.wav,train
yes_drone/B_S2_D1_116-bebop_004_.wav,train
yes_drone/B_S2_D1_117-bebop_000_.wav,train
yes_drone/B_S2_D1_117-bebop_001_.wav,train
yes_drone/B_S2_D1_117-bebop_002_.wav,train
yes_drone/B_S2_D1_117-bebop_003_.wav,test
yes_drone/B_S2_D1_117-bebop_004_.wav,train
yes_drone/B_S2_D1_118-bebop_000_.wav,train
yes_drone/B_S2_D1_118-bebop_001_.wav,train
yes_drone/B_S2_D1_118-bebop_002_.wav,test
yes_drone/B_S2_D1_118-bebop_003_.wav,test
yes_drone/B_S2_D1_118-bebop_004_.wav,test
yes_drone/B_S2_D1_119-bebop_000_.wav,train
yes_drone/B_S2_D1_119-bebop_001_.wav,train
yes_drone/B_S2_D1_119-bebop_002_.wav,train
yes_drone/B_S2_D1_119-bebop_003_.wav,train
yes_drone/B_S2_D1_119-bebop_004_.wav,train
yes_drone/B_S2_D1_120-bebop_000_.wav,test
yes_drone/B_S2_D1_120-bebop_001_.wav,train
yes_drone/B_S2_D1_120-bebop_002_.wav,test
yes_drone/B_S2_D1_120-bebop_003_.wav,train
yes_drone/B_S2_D1_120-bebop_004_.wav,train
yes_drone/B_S2_D1_121-bebop_000_.wav,train
yes_drone/B_S2_D1_121-bebop_001_.wav,train
yes_drone/B_S2_D1_121-bebop_002_.wav,test
yes_drone/B_S2_D1_121-bebop_003_.wav,train
yes_drone/B_S2_D1_121-bebop_004_.wav,train
yes_drone/B_S2_D1_122-bebop_000_.wav,train
yes_drone/B_S2_D1_122-bebop_001_.wav,train
yes_drone/B_S2_D1_122-bebop_002_.wav,train
yes_drone/B_S2_D1_122-bebop_003_.wav,train
yes_drone/B_S2_D1_122-bebop_004_.wav,train
yes_drone/B_S2_D1_123-bebop_000_.wav,test
yes_drone/B_S2_D1_123-bebop_001_.wav,train
yes_drone/B_S2_D1_123-bebop_002_.wav,train
yes_drone/B_S2_D1_123-bebop_003_.wav,train
yes_drone/B_S2_D1_123-bebop_004_.wav,train
yes_drone/B_S2_D1_124-bebop_000_.wav,train
yes_drone/B_S2_D1_124-bebop_001_.wav,train
yes_drone/B_S2_D1_124-bebop_002_.wav,test
yes_drone/B_S2_D1_124-bebop_003_.wav,train
yes_drone/B_S2_D1_124-bebop_004_.wav,train
yes_drone/B_S2_D1_125-bebop_000_.wav,train
yes_drone/B_S2_D1_125-bebop_001_.wav,test
yes_drone/B_S2_D1_125-bebop_002_.wav,test
yes_drone/B_S2_D1_125-bebop_003_.wav,train
yes_drone/B_S2_D1_125-bebop_004_.wav,train
yes_drone/B_S2_D1_126-bebop_000_.wav,train
yes_drone/B_S2_D1_126-bebop_001_.wav,train
yes_drone/B_S2_D1_126-bebop_002_.wav,train
yes_drone/B_S2_D1_126-bebop_003_.wav,train
yes_drone/B_S2_D1_126-bebop_004_.wav,train
yes_drone/B_S2_D1_127-bebop_000_.wav,train
yes_drone/B_S2_D1_127-bebop_001_.wav,test
yes_drone/B_S2_D1_127-bebop_002_.wav,test
yes_drone/B_S2_D1_127-bebop_003_.wav,train
yes_drone/B_S2_D1_127-bebop_004_.wav,train
yes_drone/B_S2_D1_128-bebop_000_.wav,train
yes_drone/B_S2_D1_128-bebop_001_.wav,train
yes_drone/B_S2_D1_128-bebop_002_.wav,train
yes_drone/B_S2_D1_128-bebop_003_.wav,train
yes_drone/B_S2_D1_128-bebop_004_.wav,train
yes_drone/B_S2_D1_129-bebop_000_.wav,train
yes_drone/B_S2_D1_129-bebop_001_.wav,train
yes_drone/B_S2_D1_129-bebop_002_.wav,train
yes_drone/B_S2_D1_129-bebop_003_.wav,train
yes_drone/B_S2_D1_129-bebop_004_.wav,train
yes_drone/B_S2_D1_130-bebop_000_.wav,train
yes_drone/B_S2_D1_130-bebop_001_.wav,test
yes_drone/B_S2_D1_130-bebop_002_.wav,train
yes_drone/B_S2_D1_130-bebop_003_.wav,train
yes_drone/B_S2_D1_130-bebop_004_.wav,train
yes_drone/B_S2_D1_131-bebop_000_.wav,train
yes_drone/B_S2_D1_131-bebop_001_.wav,train
yes_drone/B_S2_D1_131-bebop_002_.wav,train
yes_drone/B_S2_D1_131-bebop_003_.wav,train
yes_drone/B_S2_D1_131-bebop_004_.wav,test
yes_drone/B_S2_D1_132-bebop_000_.wav,train
yes_drone/B_S2_D1_132-bebop_001_.wav,train
yes_drone/B_S2_D1_132-bebop_002_.wav,train
yes_drone/B_S2_D1_132-bebop_003_.wav,train
yes_drone/B_S2_D1_132-bebop_004_.wav,test
yes_drone/B_S2_D1_133-bebop_000_.wav,train
yes_drone/Membo_0_000-membo_000_.wav,train
yes_drone/Membo_0_000-membo_001_.wav,test
yes_drone/Membo_0_000-membo_002_.wav,train
yes_drone/Membo_0_000-membo_003_.wav,train
yes_drone/Membo_0_000-membo_004_.wav,test
yes_drone/Membo_0_001-membo_000_.wav,train
yes_drone/Membo_0_001-membo_001_.wav,train
yes_drone/Membo_0_001-membo_002_.wav,test
yes_drone/Membo_0_001-membo_003_.wav,train
yes_drone/Membo_0_001-membo_004_.wav,train
yes_drone/Membo_0_002-membo_000_.wav,test
yes_drone/Membo_0_002-membo_001_.wav,train
yes_drone/Membo_0_002-membo_002_.wav,train
yes_drone/Membo_0_002-membo_003_.wav,test
yes_drone/Membo_0_002-membo_004_.wav,train
yes_drone/Membo_0_003-membo_000_.wav,train
yes_drone/Membo_0_003-membo_001_.wav,train
yes_drone/Membo_0_003-membo_002_.wav,train
yes_drone/Membo_0_003-membo_003_.wav,train
yes_drone/Membo_0_003-membo_004_.wav,train
yes_drone/Membo_0_004-membo_000_.wav,train
yes_drone/Membo_0_004-membo_001_.wav,train
yes_drone/Membo_0_004-membo_002_.wav,train
yes_drone/Membo_0_004-membo_003_.wav,train
yes_drone/Membo_0_004-membo_004_.wav,train
yes_drone/Membo_0_005-membo_000_.wav,train
yes_drone/Membo_0_005-membo_001_.wav,train
yes_drone/Membo_0_005-membo_002_.wav,test
yes_drone/Membo_0_005-membo_003_.wav,train
yes_drone/Membo_0_005-membo_004_.wav,train
yes_drone/Membo_0_006-membo_000_.wav,train
yes_drone/Membo_0_006-membo_001_.wav,train
yes_drone/Membo_0_006-membo_002_.wav,train
yes_drone/Membo_0_006-membo_003_.wav,train
yes_drone/Membo_0_006-membo_004_.wav,train
yes_drone/Membo_0_007-membo_000_.wav,train
yes_drone/Membo_0_007-membo_001_.wav,train
yes_drone/Membo_0_007-membo_002_.wav,train
yes_drone/Membo_0_007-membo_003_.wav,train
yes_drone/Membo_0_007-membo_004_.wav,train
yes_drone/Membo_0_008-membo_000_.wav,train
yes_drone/Membo_0_008-membo_001_.wav,train
yes_drone/Membo_0_008-membo_002_.wav,train
yes_drone/Membo_0_008-membo_003_.wav,train
yes_drone/Membo_0_008-membo_004_.wav,train
yes_drone/Membo_0_009-membo_000_.wav,test
yes_drone/Membo_0_009-membo_001_.wav,train
yes_drone/Membo_0_009-membo_002_.wav,train
yes_drone/Membo_0_009-membo_003_.wav,train
yes_drone/Membo_0_009-membo_004_.wav,train
yes_drone/Membo_0_010-membo_000_.wav,train
yes_drone/Membo_0_010-membo_001_.wav,train
yes_drone/Membo_0_010-membo_002_.wav,train
yes_drone/Membo_0_010-membo_003_.wav,train
yes_drone/Membo_0_010-membo_004_.wav,train
yes_drone/Membo_0_011-membo_000_.wav,test
yes_drone/Membo_0_011-membo_001_.wav,train
yes_drone/Membo_0_011-membo_002_.wav,train
yes_drone/Membo_0_011-membo_003_.wav,train
yes_drone/Membo_0_011-membo_004_.wav,train
yes_drone/Membo_0_012-membo_000_.wav,train
yes_drone/Membo_0_012-membo_001_.wav,test
yes_drone/Membo_0_012-membo_002_.wav,train
yes_drone/Membo_0_012-membo_003_.wav,train
yes_drone/Membo_0_012-membo_004_.wav,train
yes_drone/Membo_0_013-membo_000_.wav,train
yes_drone/Membo_0_013-membo_001_.wav,train
yes_drone/Membo_0_013-membo_002_.wav,train
yes_drone/Membo_0_013-membo_003_.wav,train
yes_drone/Membo_0_013-membo_004_.wav,train
yes_drone/Membo_0_014-membo_000_.wav,train
yes_drone/Membo_0_014-membo_001_.wav,test
yes_drone/Membo_0_014-membo_002_.wav,train
yes_drone/Membo_0_014-membo_003_.wav,train
yes_drone/Membo_0_014-membo_004_.wav,train
yes_drone/Membo_0_015-membo_000_.wav,train
yes_drone/Membo_0_015-membo_001_.wav,train
yes_drone/Membo_0_015-membo_002_.wav,train
yes_drone/Membo_0_015-membo_003_.wav,train
yes_drone/Membo_0_015-membo_004_.wav,train
yes_drone/Membo_0_016-membo_000_.wav,train
yes_drone/Membo_0_016-membo_001_.wav,train
yes_drone/Membo_0_016-membo_002_.wav,train
yes_drone/Membo_0_016-membo_003_.wav,test
yes_drone/Membo_0_016-membo_004_.wav,train
yes_drone/Membo_0_017-membo_000_.wav,train
yes_drone/Membo_0_017-membo_001_.wav,train
yes_drone/Membo_0_017-membo_002_.wav,train
yes_drone/Membo_0_017-membo_003_.wav,test
yes_drone/Membo_0_017-membo_004_.wav,train
yes_drone/Membo_0_034-membo_000_.wav,train
yes_drone/Membo_0_034-membo_001_.wav,train
yes_drone/Membo_0_034-membo_002_.wav,train
yes_drone/Membo_0_034-membo_003_.wav,train
yes_drone/Membo_0_034-membo_004_.wav,train
yes_drone/Membo_0_036-membo_000_.wav,test
yes_drone/Membo_0_036-membo_001_.wav,train
yes_drone/Membo_0_036-membo_002_.wav,train
yes_drone/Membo_0_036-membo_003_.wav,train
yes_drone/Membo_0_036-membo_004_.wav,test
yes_drone/Membo_0_037-membo_000_.wav,train
yes_drone/Membo_0_037-membo_001_.wav,train
yes_drone/Membo_0_037-membo_002_.wav,test
yes_drone/Membo_0_037-membo_003_.wav,train
yes_drone/Membo_0_037-membo_004_.wav,train
yes_drone/Membo_0_038-membo_000_.wav,test
yes_drone/Membo_0_038-membo_001_.wav,test
yes_drone/Membo_0_038-membo_002_.wav,train
yes_drone/Membo_0_038-membo_003_.wav,train
yes_drone/Membo_0_038-membo_004_.wav,train
yes_drone/Membo_0_039-membo_000_.wav,train
yes_drone/Membo_0_039-membo_001_.wav,test
yes_drone/Membo_0_039-membo_002_.wav,test
yes_drone/Membo_0_039-membo_003_.wav,test
yes_drone/Membo_0_039-membo_004_.wav,train
yes_drone/Membo_0_040-membo_000_.wav,train
yes_drone/Membo_0_040-membo_001_.wav,train
yes_drone/Membo_0_040-membo_002_.wav,train
yes_drone/Membo_0_040-membo_003_.wav,test
yes_drone/Membo_0_040-membo_004_.wav,train
yes_drone/Membo_0_041-membo_000_.wav,train
yes_drone/Membo_0_041-membo_001_.wav,train
yes_drone/Membo_0_041-membo_002_.wav,train
yes_drone/Membo_0_041-membo_003_.wav,train
yes_drone/Membo_0_041-membo_004_.wav,test
yes_drone/Membo_1_000-membo_000_.wav,test
yes_drone/Membo_1_000-membo_001_.wav,train
yes_drone/Membo_1_000-membo_002_.wav,train
yes_drone/Membo_1_000-membo_003_.wav,train
yes_drone/Membo_1_000-membo_004_.wav,train
yes_drone/Membo_1_001-membo_000_.wav,train
yes_drone/Membo_1_001-membo_001_.wav,train
yes_drone/Membo_1_001-membo_002_.wav,train
yes_drone/Membo_1_001-membo_003_.wav,train
yes_drone/Membo_1_001-membo_004_.wav,train
yes_drone/Membo_1_002-membo_000_.wav,test
yes_drone/Membo_1_002-membo_001_.wav,train
yes_drone/Membo_1_002-membo_002_.wav,train
yes_drone/Membo_1_002-membo_003_.wav,test
yes_drone/Membo_1_002-membo_004_.wav,train
yes_drone/Membo_1_004-membo_000_.wav,train
yes_drone/Membo_1_004-membo_001_.wav,test
yes_drone/Membo_1_004-membo_002_.wav,train
yes_drone/Membo_1_004-membo_003_.wav,test
yes_drone/Membo_1_004-membo_004_.wav,test
yes_drone/Membo_1_029-membo_000_.wav,train
yes_drone/Membo_1_029-membo_001_.wav,train
yes_drone/Membo_1_029-membo_002_.wav,train
yes_drone/Membo_1_029-membo_003_.wav,train
yes_drone/Membo_1_029-membo_004_.wav,test
yes_drone/Membo_1_030-membo_000_.wav,train
yes_drone/Membo_1_030-membo_001_.wav,train
yes_drone/Membo_1_030-membo_002_.wav,train
yes_drone/Membo_1_030-membo_003_.wav,test
yes_drone/Membo_1_030-membo_004_.wav,test
yes_drone/Membo_1_031-membo_000_.wav,train
yes_drone/Membo_1_031-membo_001_.wav,train
yes_drone/Membo_1_031-membo_002_.wav,test
yes_drone/Membo_1_031-membo_003_.wav,train
yes_drone/Membo_1_031-membo_004_.wav,train
yes_drone/Membo_1_032-membo_000_.wav,test
yes_drone/Membo_1_032-membo_001_.wav,train
yes_drone/Membo_1_032-membo_002_.wav,train
yes_drone/Membo_1_032-membo_003_.wav,test
yes_drone/Membo_1_032-membo_004_.wav,test
yes_drone/Membo_1_033-membo_000_.wav,test
yes_drone/Membo_1_033-membo_001_.wav,train
yes_drone/Membo_1_033-membo_002_.wav,test
yes_drone/Membo_1_033-membo_003_.wav,train
yes_drone/Membo_1_033-membo_004_.wav,train
yes_drone/Membo_1_034-membo_000_.wav,train
yes_drone/Membo_1_034-membo_001_.wav,test
yes_drone/Membo_1_034-membo_002_.wav,train
yes_drone/Membo_1_034-membo_003_.wav,train
yes_drone/Membo_1_034-membo_004_.wav,test
yes_drone/Membo_1_041-membo_000_.wav,train
yes_drone/Membo_1_041-membo_001_.wav,train
yes_drone/Membo_1_041-membo_002_.wav,train
yes_drone/Membo_1_041-membo_003_.wav,train
yes_drone/Membo_1_041-membo_004_.wav,train
yes_drone/Membo_1_042-membo_000_.wav,train
yes_drone/Membo_1_042-membo_001_.wav,train
yes_drone/Membo_1_042-membo_002_.wav,train
yes_drone/Membo_1_042-membo_003_.wav,train
yes_drone/Membo_1_042-membo_004_.wav,train
yes_drone/Membo_1_043-membo_000_.wav,test
yes_drone/Membo_1_043-membo_001_.wav,test
yes_drone/Membo_1_043-membo_002_.wav,train
yes_drone/Membo_1_043-membo_003_.wav,train
yes_drone/Membo_1_043-membo_004_.wav,train
yes_drone/Membo_1_044-membo_000_.wav,train
yes_drone/Membo_1_044-membo_001_.wav,train
yes_drone/Membo_1_044-membo_002_.wav,train
yes_drone/Membo_1_044-membo_003_.wav,train
yes_drone/Membo_1_044-membo_004_.wav,train
yes_drone/Membo_1_045-membo_000_.wav,test
yes_drone/Membo_1_045-membo_001_.wav,train
yes_drone/Membo_1_045-membo_002_.wav,test
yes_drone/Membo_1_045-membo_003_.wav,train
yes_drone/Membo_1_045-membo_004_.wav,train
yes_drone/Membo_1_046-membo_000_.wav,train
yes_drone/Membo_1_046-membo_001_.wav,test
yes_drone/Membo_1_046-membo_002_.wav,train
yes_drone/Membo_1_046-membo_003_.wav,train
yes_drone/Membo_1_046-membo_004_.wav,train
yes_drone/Membo_1_047-membo_000_.wav,train
yes_drone/Membo_1_047-membo_001_.wav,train
yes_drone/Membo_1_047-membo_002_.wav,train
yes_drone/Membo_1_047-membo_003_.wav,test
yes_drone/Membo_1_047-membo_004_.wav,test
yes_drone/Membo_1_048-membo_000_.wav,test
yes_drone/Membo_1_048-membo_001_.wav,train
yes_drone/Membo_1_048-membo_002_.wav,train
yes_drone/Membo_1_048-membo_003_.wav,train
yes_drone/Membo_1_048-membo_004_.wav,train
yes_drone/Membo_2_010-membo_000_.wav,train
yes_drone/Membo_2_010-membo_001_.wav,train
yes_drone/Membo_2_010-membo_002_.wav,train
yes_drone/Membo_2_010-membo_003_.wav,test
yes_drone/Membo_2_010-membo_004_.wav,train
yes_drone/Membo_2_011-membo_000_.wav,test
yes_drone/Membo_2_011-membo_001_.wav,test
yes_drone/Membo_2_011-membo_002_.wav,train
yes_drone/Membo_2_011-membo_003_.wav,train
yes_drone/Membo_2_011-membo_004_.wav,train
yes_drone/Membo_2_013-membo_000_.wav,train
yes_drone/Membo_2_013-membo_001_.wav,train
yes_drone/Membo_2_013-membo_002_.wav,train
yes_drone/Membo_2_013-membo_003_.wav,test
yes_drone/Membo_2_013-membo_004_.wav,test
yes_drone/Membo_2_014-membo_000_.wav,train
yes_drone/Membo_2_014-membo_001_.wav,train
yes_drone/Membo_2_014-membo_002_.wav,train
yes_drone/Membo_2_014-membo_003_.wav,train
yes_drone/Membo_2_014-membo_004_.wav,train
yes_drone/Membo_2_015-membo_000_.wav,train
yes_drone/Membo_2_015-membo_001_.wav,train
yes_drone/Membo_2_015-membo_002_.wav,train
yes_drone/Membo_2_015-membo_003_.wav,train
yes_drone/Membo_2_015-membo_004_.wav,train
yes_drone/Membo_2_016-membo_000_.wav,train
yes_drone/Membo_2_016-membo_001_.wav,train
yes_drone/Membo_2_016-membo_002_.wav,train
yes_drone/Membo_2_016-membo_003_.wav,train
yes_drone/Membo_2_016-membo_004_.wav,train
yes_drone/Membo_2_017-membo_000_.wav,train
yes_drone/Membo_2_017-membo_001_.wav,test
yes_drone/Membo_2_017-membo_002_.wav,test
yes_drone/Membo_2_017-membo_003_.wav,train
yes_drone/Membo_2_017-membo_004_.wav,train
yes_drone/Membo_2_018-membo_000_.wav,train
yes_drone/Membo_2_018-membo_001_.wav,train
yes_drone/Membo_2_018-membo_002_.wav,train
yes_drone/Membo_2_018-membo_003_.wav,train
yes_drone/Membo_2_018-membo_004_.wav,train
yes_drone/Membo_2_019-membo_000_.wav,test
yes_drone/Membo_2_019-membo_001_.wav,test
yes_drone/Membo_2_019-membo_002_.wav,train
yes_drone/Membo_2_019-membo_003_.wav,train
yes_drone/Membo_2_019-membo_004_.wav,train
yes_drone/Membo_2_020-membo_000_.wav,test
yes_drone/Membo_2_020-membo_001_.wav,train
yes_drone/Membo_2_020-membo_002_.wav,train
yes_drone/Membo_2_020-membo_003_.wav,train
yes_drone/Membo_2_020-membo_004_.wav,train
yes_drone/Membo_2_027-membo_000_.wav,train
yes_drone/Membo_2_027-membo_001_.wav,test
yes_drone/Membo_2_027-membo_002_.wav,train
yes_drone/Membo_2_027-membo_003_.wav,train
yes_drone/Membo_2_027-membo_004_.wav,train
yes_drone/Membo_2_028-membo_000_.wav,test
yes_drone/Membo_2_028-membo_001_.wav,train
yes_drone/Membo_2_028-membo_002_.wav,train
yes_drone/Membo_2_028-membo_003_.wav,train
yes_drone/Membo_2_028-membo_004_.wav,train
yes_drone/extra_membo_D2_2000.wav,test
yes_drone/extra_membo_D2_2001.wav,train
yes_drone/extra_membo_D2_2002.wav,train
yes_drone/extra_membo_D2_2003.wav,train
yes_drone/extra_membo_D2_2004.wav,train
yes_drone/extra_membo_D2_2005.wav,train
yes_drone/extra_membo_D2_2006.wav,train
yes_drone/extra_membo_D2_2007.wav,train
yes_drone/extra_membo_D2_2008.wav,train
yes_drone/extra_membo_D2_2009.wav,train
yes_drone/extra_membo_D2_2010.wav,train
yes_drone/extra_membo_D2_2011.wav,train
yes_drone/extra_membo_D2_2012.wav,train
yes_drone/extra_membo_D2_2013.wav,train
yes_drone/extra_membo_D2_2014.wav,train
yes_drone/extra_membo_D2_2015.wav,test
yes_drone/extra_membo_D2_2016.wav,test
yes_drone/extra_membo_D2_2017.wav,test
yes_drone/extra_membo_D2_2018.wav,train
yes_drone/extra_membo_D2_2019.wav,train
yes_drone/extra_membo_D2_2020.wav,test
yes_drone/extra_membo_D2_2021.wav,test
yes_drone/extra_membo_D2_2022.wav,train
yes_drone/extra_membo_D2_2023.wav,train
yes_drone/extra_membo_D2_2024.wav,train
yes_drone/extra_membo_D2_2025.wav,train
yes_drone/extra_membo_D2_2026.wav,train
yes_drone/extra_membo_D2_2027.wav,train
yes_drone/extra_membo_D2_2028.wav,train
yes_drone/extra_membo_D2_2029.wav,train
yes_drone/extra_membo_D2_2030.wav,test
yes_drone/extra_membo_D2_2031.wav,train
yes_drone/extra_membo_D2_2032.wav,train
yes_drone/extra_membo_D2_2033.wav,train
yes_drone/extra_membo_D2_2034.wav,train
yes_drone/extra_membo_D2_2035.wav,train
yes_drone/extra_membo_D2_2036.wav,train
yes_drone/extra_membo_D2_2037.wav,train
yes_drone/extra_membo_D2_2038.wav,train
yes_drone/extra_membo_D2_2039.wav,train
yes_drone/extra_membo_D2_2040.wav,train
yes_drone/extra_membo_D2_2041.wav,train
yes_drone/extra_membo_D2_2042.wav,test
yes_drone/extra_membo_D2_2043.wav,train
yes_drone/extra_membo_D2_2044.wav,train
yes_drone/extra_membo_D2_2045.wav,train
yes_drone/extra_membo_D2_2046.wav,train
yes_drone/extra_membo_D2_2047.wav,train
yes_drone/extra_membo_D2_2048.wav,train
yes_drone/extra_membo_D2_2049.wav,train
yes_drone/extra_membo_D2_2050.wav,test
yes_drone/extra_membo_D2_2051.wav,train
yes_drone/extra_membo_D2_2052.wav,train
yes_drone/extra_membo_D2_2053.wav,train
yes_drone/extra_membo_D2_2054.wav,test
yes_drone/extra_membo_D2_2055.wav,train
yes_drone/mixed_0-bebop_000_.wav,train
yes_drone/mixed_0-bebop_001_.wav,train
yes_drone/mixed_0-bebop_002_.wav,train
yes_drone/mixed_0-bebop_003_.wav,train
yes_drone/mixed_0-bebop_004_.wav,train
yes_drone/mixed_1-bebop_000_.wav,train
yes_drone/mixed_1-bebop_001_.wav,train
yes_drone/mixed_1-bebop_002_.wav,train
yes_drone/mixed_1-bebop_003_.wav,train
yes_drone/mixed_1-bebop_004_.wav,train
yes_drone/mixed_10-bebop_000_.wav,test
yes_drone/mixed_10-bebop_001_.wav,train
yes_drone/mixed_10-bebop_002_.wav,test
yes_drone/mixed_10-bebop_003_.wav,train
yes_drone/mixed_10-bebop_004_.wav,train
yes_drone/mixed_11-bebop_000_.wav,train
yes_drone/mixed_11-bebop_001_.wav,train
yes_drone/mixed_11-bebop_002_.wav,test
yes_drone/mixed_11-bebop_003_.wav,train
yes_drone/mixed_11-bebop_004_.wav,train
yes_drone/mixed_12-bebop_000_.wav,train
yes_drone/mixed_12-bebop_001_.wav,test
yes_drone/mixed_12-bebop_002_.wav,test
yes_drone/mixed_12-bebop_003_.wav,train
yes_drone/mixed_12-bebop_004_.wav,test
yes_drone/mixed_13-bebop_000_.wav,train
yes_drone/mixed_13-bebop_001_.wav,test
yes_drone/mixed_13-bebop_002_.wav,test
yes_drone/mixed_13-bebop_003_.wav,train
yes_drone/mixed_13-bebop_004_.wav,train
yes_drone/mixed_14-bebop_000_.wav,train
yes_drone/mixed_14-bebop_001_.wav,train
yes_drone/mixed_14-bebop_002_.wav,test
yes_drone/mixed_14-bebop_003_.wav,test
yes_drone/mixed_14-bebop_004_.wav,train
yes_drone/mixed_15-bebop_000_.wav,train
yes_drone/mixed_15-bebop_001_.wav,train
yes_drone/mixed_15-bebop_002_.wav,train
yes_drone/mixed_15-bebop_003_.wav,train
yes_drone/mixed_15-bebop_004_.wav,train
yes_drone/mixed_16-bebop_000_.wav,train
yes_drone/mixed_16-bebop_001_.wav,train
yes_drone/mixed_16-bebop_002_.wav,train
yes_drone/mixed_16-bebop_003_.wav,train
yes_drone/mixed_16-bebop_004_.wav,train
yes_drone/mixed_17-bebop_000_.wav,train
yes_drone/mixed_17-bebop_001_.wav,train
yes_drone/mixed_17-bebop_002_.wav,test
yes_drone/mixed_17-bebop_003_.wav,test
yes_drone/mixed_17-bebop_004_.wav,train
yes_drone/mixed_18-bebop_000_.wav,train
yes_drone/mixed_18-bebop_001_.wav,train
yes_drone/mixed_18-bebop_002_.wav,train
yes_drone/mixed_18-bebop_003_.wav,train
yes_drone/mixed_18-bebop_004_.wav,train
yes_drone/mixed_19-bebop_000_.wav,train
yes_drone/mixed_19-bebop_001_.wav,train
yes_drone/mixed_19-bebop_002_.wav,test
yes_drone/mixed_19-bebop_003_.wav,test
yes_drone/mixed_19-bebop_004_.wav,test
yes_drone/mixed_2-bebop_000_.wav,train
yes_drone/mixed_2-bebop_001_.wav,train
yes_drone/mixed_2-bebop_002_.wav,train
yes_drone/mixed_2-bebop_003_.wav,train
yes_drone/mixed_2-bebop_004_.wav,train
yes_drone/mixed_20-bebop_000_.wav,test
yes_drone/mixed_20-bebop_001_.wav,train
yes_drone/mixed_20-bebop_002_.wav,train
yes_drone/mixed_20-bebop_003_.wav,train
yes_drone/mixed_20-bebop_004_.wav,train
yes_drone/mixed_21-bebop_000_.wav,train
yes_drone/mixed_21-bebop_001_.wav,train
yes_drone/mixed_21-bebop_002_.wav,train
yes_drone/mixed_21-bebop_003_.wav,train
yes_drone/mixed_21-bebop_004_.wav,train
yes_drone/mixed_22-bebop_000_.wav,train
yes_drone/mixed_22-bebop_001_.wav,test
yes_drone/mixed_22-bebop_002_.wav,test
yes_drone/mixed_22-bebop_003_.wav,train
yes_drone/mixed_22-bebop_004_.wav,train
yes_drone/mixed_23-bebop_000_.wav,train
yes_drone/mixed_23-bebop_001_.wav,train
yes_drone/mixed_23-bebop_002_.wav,train
yes_drone/mixed_23-bebop_003_.wav,test
yes_drone/mixed_23-bebop_004_.wav,test
yes_drone/mixed_24-bebop_000_.wav,train
yes_drone/mixed_24-bebop_001_.wav,train
yes_drone/mixed_24-bebop_002_.wav,train
yes_drone/mixed_24-bebop_003_.wav,train
yes_drone/mixed_24-bebop_004_.wav,train
yes_drone/mixed_25-bebop_000_.wav,train
yes_drone/mixed_25-bebop_001_.wav,train
yes_drone/mixed_25-bebop_002_.wav,train
yes_drone/mixed_25-bebop_003_.wav,train
yes_drone/mixed_25-bebop_004_.wav,test
yes_drone/mixed_26-bebop_000_.wav,train
yes_drone/mixed_26-bebop_001_.wav,train
yes_drone/mixed_26-bebop_002_.wav,train
yes_drone/mixed_26-bebop_003_.wav,train
yes_drone/mixed_26-bebop_004_.wav,test
yes_drone/mixed_27-bebop_000_.wav,train
yes_drone/mixed_27-bebop_001_.wav,train
yes_drone/mixed_27-bebop_002_.wav,train
yes_drone/mixed_27-bebop_003_.wav,train
yes_drone/mixed_27-bebop_004_.wav,train
yes_drone/mixed_28-bebop_000_.wav,test
yes_drone/mixed_28-bebop_001_.wav,test
yes_drone/mixed_28-bebop_002_.wav,train
yes_drone/mixed_28-bebop_003_.wav,train
yes_drone/mixed_28-bebop_004_.wav,train
yes_drone/mixed_29-bebop_000_.wav,train
yes_drone/mixed_29-bebop_001_.wav,train
yes_drone/mixed_29-bebop_002_.wav,train
yes_drone/mixed_29-bebop_003_.wav,test
yes_drone/mixed_29-bebop_004_.wav,train
yes_drone/mixed_3-bebop_000_.wav,train
yes_drone/mixed_3-bebop_001_.wav,train
yes_drone/mixed_3-bebop_002_.wav,train
yes_drone/mixed_3-bebop_003_.wav,train
yes_drone/mixed_3-bebop_004_.wav,test
yes_drone/mixed_30-bebop_000_.wav,train
yes_drone/mixed_30-bebop_001_.wav,test
yes_drone/mixed_30-bebop_002_.wav,train
yes_drone/mixed_30-bebop_003_.wav,train
yes_drone/mixed_30-bebop_004_.wav,train
yes_drone/mixed_31-bebop_000_.wav,train
yes_drone/mixed_31-bebop_001_.wav,train
yes_drone/mixed_31-bebop_002_.wav,train
yes_drone/mixed_31-bebop_003_.wav,train
yes_drone/mixed_31-bebop_004_.wav,train
yes_drone/mixed_32-bebop_000_.wav,test
yes_drone/mixed_32-bebop_001_.wav,train
yes_drone/mixed_32-bebop_002_.wav,train
yes_drone/mixed_32-bebop_003_.wav,test
yes_drone/mixed_32-bebop_004_.wav,test
yes_drone/mixed_33-bebop_000_.wav,test
yes_drone/mixed_33-bebop_001_.wav,train
yes_drone/mixed_33-bebop_002_.wav,test
yes_drone/mixed_33-bebop_003_.wav,train
yes_drone/mixed_33-bebop_004_.wav,train
yes_drone/mixed_34-bebop_000_.wav,train
yes_drone/mixed_34-bebop_001_.wav,train
yes_drone/mixed_34-bebop_002_.wav,train
yes_drone/mixed_34-bebop_003_.wav,train
yes_drone/mixed_34-bebop_004_.wav,train
yes_drone/mixed_35-bebop_000_.wav,train
yes_drone/mixed_35-bebop_001_.wav,train
yes_drone/mixed_35-bebop_002_.wav,test
yes_drone/mixed_35-bebop_003_.wav,test
yes_drone/mixed_35-bebop_004_.wav,train
yes_drone/mixed_36-bebop_000_.wav,train
yes_drone/mixed_36-bebop_001_.wav,train
yes_drone/mixed_36-bebop_002_.wav,train
yes_drone/mixed_36-bebop_003_.wav,train
yes_drone/mixed_36-bebop_004_.wav,train
yes_drone/mixed_37-bebop_000_.wav,train
yes_drone/mixed_37-bebop_001_.wav,train
yes_drone/mixed_37-bebop_002_.wav,test
yes_drone/mixed_37-bebop_003_.wav,train
yes_drone/mixed_37-bebop_004_.wav,test
yes_drone/mixed_38-bebop_000_.wav,train
yes_drone/mixed_38-bebop_001_.wav,train
yes_drone/mixed_38-bebop_002_.wav,train
yes_drone/mixed_38-bebop_003_.wav,train
yes_drone/mixed_38-bebop_004_.wav,train
yes_drone/mixed_39-bebop_000_.wav,test
yes_drone/mixed_39-bebop_001_.wav,train
yes_drone/mixed_39-bebop_002_.wav,test
yes_drone/mixed_39-bebop_003_.wav,train
yes_drone/mixed_39-bebop_004_.wav,train
yes_drone/mixed_4-bebop_000_.wav,test
yes_drone/mixed_4-bebop_001_.wav,test
yes_drone/mixed_4-bebop_002_.wav,test
yes_drone/mixed_4-bebop_003_.wav,train
yes_drone/mixed_4-bebop_004_.wav,train
yes_drone/mixed_40-bebop_000_.wav,test
yes_drone/mixed_40-bebop_001_.wav,train
yes_drone/mixed_40-bebop_002_.wav,train
yes_drone/mixed_40-bebop_003_.wav,train
yes_drone/mixed_40-bebop_004_.wav,train
yes_drone/mixed_41-bebop_000_.wav,train
yes_drone/mixed_41-bebop_001_.wav,train
yes_drone/mixed_41-bebop_002_.wav,test
yes_drone/mixed_41-bebop_003_.wav,train
yes_drone/mixed_41-bebop_004_.wav,train
yes_drone/mixed_42-bebop_000_.wav,train
yes_drone/mixed_42-bebop_001_.wav,train
yes_drone/mixed_42-bebop_002_.wav,test
yes_drone/mixed_42-bebop_003_.wav,train
yes_drone/mixed_42-bebop_004_.wav,train
yes_drone/mixed_43-bebop_000_.wav,train
yes_drone/mixed_43-bebop_001_.wav,train
yes_drone/mixed_43-bebop_002_.wav,train
yes_drone/mixed_43-bebop_003_.wav,train
yes_drone/mixed_43-bebop_004_.wav,train
yes_drone/mixed_44-bebop_000_.wav,train
yes_drone/mixed_44-bebop_001_.wav,train
yes_drone/mixed_44-bebop_002_.wav,train
yes_drone/mixed_44-bebop_003_.wav,train
yes_drone/mixed_44-bebop_004_.wav,train
yes_drone/mixed_45-bebop_000_.wav,train
yes_drone/mixed_45-bebop_001_.wav,train
yes_drone/mixed_45-bebop_002_.wav,train
yes_drone/mixed_45-bebop_003_.wav,train
yes_drone/mixed_45-bebop_004_.wav,train
yes_drone/mixed_46-bebop_000_.wav,train
yes_drone/mixed_46-bebop_001_.wav,train
yes_drone/mixed_46-bebop_002_.wav,train
yes_drone/mixed_46-bebop_003_.wav,train
yes_drone/mixed_46-bebop_004_.wav,train
yes_drone/mixed_47-bebop_000_.wav,train
yes_drone/mixed_47-bebop_001_.wav,train
yes_drone/mixed_47-bebop_002_.wav,train
yes_drone/mixed_47-bebop_003_.wav,train
yes_drone/mixed_47-bebop_004_.wav,train
yes_drone/mixed_48-bebop_000_.wav,train
yes_drone/mixed_48-bebop_001_.wav,train
yes_drone/mixed_48-bebop_002_.wav,train
yes_drone/mixed_48-bebop_003_.wav,train
yes_drone/mixed_48-bebop_004_.wav,train
yes_drone/mixed_49-bebop_000_.wav,train
yes_drone/mixed_49-bebop_001_.wav,test
yes_drone/mixed_49-bebop_002_.wav,test
yes_drone/mixed_49-bebop_003_.wav,test
yes_drone/mixed_49-bebop_004_.wav,train
yes_drone/mixed_5-bebop_000_.wav,test
yes_drone/mixed_5-bebop_001_.wav,test
yes_drone/mixed_5-bebop_002_.wav,train
yes_drone/mixed_5-bebop_003_.wav,train
yes_drone/mixed_5-bebop_004_.wav,train
yes_drone/mixed_50-bebop_000_.wav,test
yes_drone/mixed_50-bebop_001_.wav,train
yes_drone/mixed_50-bebop_002_.wav,train
yes_drone/mixed_50-bebop_003_.wav,train
yes_drone/mixed_50-bebop_004_.wav,train
yes_drone/mixed_51-bebop_000_.wav,test
yes_drone/mixed_51-bebop_001_.wav,train
yes_drone/mixed_51-bebop_002_.wav,test
yes_drone/mixed_51-bebop_003_.wav,train
yes_drone/mixed_51-bebop_004_.wav,train
yes_drone/mixed_52-bebop_000_.wav,train
yes_drone/mixed_52-bebop_001_.wav,train
yes_drone/mixed_52-bebop_002_.wav,train
yes_drone/mixed_52-bebop_003_.wav,train
yes_drone/mixed_52-bebop_004_.wav,train
yes_drone/mixed_53-bebop_000_.wav,train
yes_drone/mixed_53-bebop_001_.wav,train
yes_drone/mixed_53-bebop_002_.wav,train
yes_drone/mixed_53-bebop_003_.wav,train
yes_drone/mixed_53-bebop_004_.wav,test
yes_drone/mixed_54-bebop_000_.wav,train
yes_drone/mixed_54-bebop_001_.wav,train
yes_drone/mixed_54-bebop_002_.wav,train
yes_drone/mixed_54-bebop_003_.wav,train
yes_drone/mixed_54-bebop_004_.wav,train
yes_drone/mixed_55-bebop_000_.wav,train
yes_drone/mixed_55-bebop_001_.wav,test
yes_drone/mixed_55-bebop_002_.wav,train
yes_drone/mixed_55-bebop_003_.wav,train
yes_drone/mixed_55-bebop_004_.wav,train
yes_drone/mixed_56-bebop_000_.wav,train
yes_drone/mixed_56-bebop_001_.wav,train
yes_drone/mixed_56-bebop_002_.wav,train
yes_drone/mixed_56-bebop_003_.wav,train
yes_drone/mixed_56-bebop_004_.wav,train
yes_drone/mixed_57-bebop_000_.wav,train
yes_drone/mixed_57-bebop_001_.wav,train
yes_drone/mixed_57-bebop_002_.wav,train
yes_drone/mixed_57-bebop_003_.wav,train
yes_drone/mixed_57-bebop_004_.wav,train
yes_drone/mixed_58-bebop_000_.wav,train
yes_drone/mixed_58-bebop_001_.wav,train
yes_drone/mixed_58-bebop_002_.wav,train
yes_drone/mixed_58-bebop_003_.wav,train
yes_drone/mixed_58-bebop_004_.wav,train
yes_drone/mixed_59-bebop_000_.wav,train
yes_drone/mixed_59-bebop_001_.wav,train
yes_drone/mixed_59-bebop_002_.wav,test
yes_drone/mixed_59-bebop_003_.wav,train
yes_drone/mixed_59-bebop_004_.wav,train
yes_drone/mixed_6-bebop_000_.wav,train
yes_drone/mixed_6-bebop_001_.wav,train
yes_drone/mixed_6-bebop_002_.wav,train
yes_drone/mixed_6-bebop_003_.wav,test
yes_drone/mixed_6-bebop_004_.wav,train
yes_drone/mixed_60-bebop_000_.wav,train
yes_drone/mixed_60-bebop_001_.wav,train
yes_drone/mixed_60-bebop_002_.wav,train
yes_drone/mixed_60-bebop_003_.wav,train
yes_drone/mixed_60-bebop_004_.wav,train
yes_drone/mixed_61-bebop_000_.wav,test
yes_drone/mixed_61-bebop_001_.wav,train
yes_drone/mixed_61-bebop_002_.wav,train
yes_drone/mixed_61-bebop_003_.wav,train
yes_drone/mixed_61-bebop_004_.wav,test
yes_drone/mixed_62-bebop_000_.wav,train
yes_drone/mixed_62-bebop_001_.wav,train
yes_drone/mixed_62-bebop_002_.wav,train
yes_drone/mixed_62-bebop_003_.wav,test
yes_drone/mixed_62-bebop_004_.wav,train
yes_drone/mixed_63-bebop_000_.wav,train
yes_drone/mixed_63-bebop_001_.wav,train
yes_drone/mixed_63-bebop_002_.wav,test
yes_drone/mixed_63-bebop_003_.wav,train
yes_drone/mixed_63-bebop_004_.wav,train
yes_drone/mixed_64-bebop_000_.wav,train
yes_drone/mixed_64-bebop_001_.wav,train
yes_drone/mixed_64-bebop_002_.wav,train
yes_drone/mixed_64-bebop_003_.wav,train
yes_drone/mixed_64-bebop_004_.wav,train
yes_drone/mixed_65-bebop_000_.wav,train
yes_drone/mixed_65-bebop_001_.wav,train
yes_drone/mixed_65-bebop_002_.wav,train
yes_drone/mixed_65-bebop_003_.wav,train
yes_drone/mixed_65-bebop_004_.wav,train
yes_drone/mixed_66-bebop_000_.wav,train
yes_drone/mixed_66-bebop_001_.wav,train
yes_drone/mixed_66-bebop_002_.wav,train
yes_drone/mixed_66-bebop_003_.wav,train
yes_drone/mixed_66-bebop_004_.wav,train
yes_drone/mixed_7-bebop_000_.wav,test
yes_drone/mixed_7-bebop_001_.wav,train
yes_drone/mixed_7-bebop_002_.wav,train
yes_drone/mixed_7-bebop_003_.wav,test
yes_drone/mixed_7-bebop_004_.wav,train
yes_drone/mixed_8-bebop_000_.wav,train
yes_drone/mixed_8-bebop_001_.wav,test
yes_drone/mixed_8-bebop_002_.wav,train
yes_drone/mixed_8-bebop_003_.wav,test
yes_drone/mixed_8-bebop_004_.wav,train
yes_drone/mixed_9-bebop_000_.wav,train
yes_drone/mixed_9-bebop_001_.wav,train
yes_drone/mixed_9-bebop_002_.wav,train
yes_drone/mixed_9-bebop_003_.wav,train
yes_drone/mixed_9-bebop_004_.wav,train
yes_drone/mixed_membo_0-membo_000_.wav,train
yes_drone/mixed_membo_0-membo_001_.wav,test
yes_drone/mixed_membo_0-membo_002_.wav,train
yes_drone/mixed_membo_0-membo_003_.wav,train
yes_drone/mixed_membo_0-membo_004_.wav,train
yes_drone/mixed_membo_1-membo_000_.wav,train
yes_drone/mixed_membo_1-membo_001_.wav,train
yes_drone/mixed_membo_1-membo_002_.wav,test
yes_drone/mixed_membo_1-membo_003_.wav,train
yes_drone/mixed_membo_1-membo_004_.wav,train
yes_drone/mixed_membo_10-membo_000_.wav,train
yes_drone/mixed_membo_10-membo_001_.wav,train
yes_drone/mixed_membo_10-membo_002_.wav,train
yes_drone/mixed_membo_10-membo_003_.wav,train
yes_drone/mixed_membo_10-membo_004_.wav,train
yes_drone/mixed_membo_11-membo_000_.wav,train
yes_drone/mixed_membo_11-membo_001_.wav,train
yes_drone/mixed_membo_11-membo_002_.wav,train
yes_drone/mixed_membo_11-membo_003_.wav,train
yes_drone/mixed_membo_11-membo_004_.wav,train
yes_drone/mixed_membo_12-membo_000_.wav,train
yes_drone/mixed_membo_12-membo_001_.wav,train
yes_drone/mixed_membo_12-membo_002_.wav,train
yes_drone/mixed_membo_12-membo_003_.wav,test
yes_drone/mixed_membo_12-membo_004_.wav,train
yes_drone/mixed_membo_13-membo_000_.wav,train
yes_drone/mixed_membo_13-membo_001_.wav,train
yes_drone/mixed_membo_13-membo_002_.wav,train
yes_drone/mixed_membo_13-membo_003_.wav,train
yes_drone/mixed_membo_13-membo_004_.wav,train
yes_drone/mixed_membo_14-membo_000_.wav,train
yes_drone/mixed_membo_14-membo_001_.wav,train
yes_drone/mixed_membo_14-membo_002_.wav,train
yes_drone/mixed_membo_14-membo_003_.wav,train
yes_drone/mixed_membo_14-membo_004_.wav,test
yes_drone/mixed_membo_15-membo_000_.wav,test
yes_drone/mixed_membo_15-membo_001_.wav,train
yes_drone/mixed_membo_15-membo_002_.wav,train
yes_drone/mixed_membo_15-membo_003_.wav,train
yes_drone/mixed_membo_15-membo_004_.wav,train
yes_drone/mixed_membo_16-membo_000_.wav,train
yes_drone/mixed_membo_16-membo_001_.wav,test
yes_drone/mixed_membo_16-membo_002_.wav,train
yes_drone/mixed_membo_16-membo_003_.wav,test
yes_drone/mixed_membo_16-membo_004_.wav,test
yes_drone/mixed_membo_17-membo_000_.wav,train
yes_drone/mixed_membo_17-membo_001_.wav,train
yes_drone/mixed_membo_17-membo_002_.wav,train
yes_drone/mixed_membo_17-membo_003_.wav,test
yes_drone/mixed_membo_17-membo_004_.wav,test
yes_drone/mixed_membo_18-membo_000_.wav,train
yes_drone/mixed_membo_18-membo_001_.wav,test
yes_drone/mixed_membo_18-membo_002_.wav,train
yes_drone/mixed_membo_18-membo_003_.wav,test
yes_drone/mixed_membo_18-membo_004_.wav,train
yes_drone/mixed_membo_19-membo_000_.wav,test
yes_drone/mixed_membo_19-membo_001_.wav,train
yes_drone/mixed_membo_19-membo_002_.wav,train
yes_drone/mixed_membo_19-membo_003_.wav,train
yes_drone/mixed_membo_19-membo_004_.wav,test
yes_drone/mixed_membo_2-membo_000_.wav,train
yes_drone/mixed_membo_2-membo_001_.wav,train
yes_drone/mixed_membo_2-membo_002_.wav,train
yes_drone/mixed_membo_2-membo_003_.wav,train
yes_drone/mixed_membo_2-membo_004_.wav,test
yes_drone/mixed_membo_20-membo_000_.wav,train
yes_drone/mixed_membo_20-membo_001_.wav,test
yes_drone/mixed_membo_20-membo_002_.wav,train
yes_drone/mixed_membo_20-membo_003_.wav,train
yes_drone/mixed_membo_20-membo_004_.wav,train
yes_drone/mixed_membo_21-membo_000_.wav,train
yes_drone/mixed_membo_21-membo_001_.wav,train
yes_drone/mixed_membo_21-membo_002_.wav,train
yes_drone/mixed_membo_21-membo_003_.wav,train
yes_drone/mixed_membo_21-membo_004_.wav,test
yes_drone/mixed_membo_22-membo_000_.wav,train
yes_drone/mixed_membo_22-membo_001_.wav,train
yes_drone/mixed_membo_22-membo_002_.wav,train
yes_drone/mixed_membo_22-membo_003_.wav,train
yes_drone/mixed_membo_22-membo_004_.wav,test
yes_drone/mixed_membo_23-membo_000_.wav,train
yes_drone/mixed_membo_23-membo_001_.wav,train
yes_drone/mixed_membo_23-membo_002_.wav,test
yes_drone/mixed_membo_23-membo_003_.wav,train
yes_drone/mixed_membo_23-membo_004_.wav,train
yes_drone/mixed_membo_24-membo_000_.wav,test
yes_drone/mixed_membo_24-membo_001_.wav,train
yes_drone/mixed_membo_24-membo_002_.wav,train
yes_drone/mixed_membo_24-membo_003_.wav,train
yes_drone/mixed_membo_24-membo_004_.wav,train
yes_drone/mixed_membo_25-membo_000_.wav,train
yes_drone/mixed_membo_25-membo_001_.wav,train
yes_drone/mixed_membo_25-membo_002_.wav,train
yes_drone/mixed_membo_25-membo_003_.wav,train
yes_drone/mixed_membo_25-membo_004_.wav,train
yes_drone/mixed_membo_26-membo_000_.wav,train
yes_drone/mixed_membo_26-membo_001_.wav,test
yes_drone/mixed_membo_26-membo_002_.wav,train
yes_drone/mixed_membo_26-membo_003_.wav,test
yes_drone/mixed_membo_26-membo_004_.wav,train
yes_drone/mixed_membo_27-membo_000_.wav,train
yes_drone/mixed_membo_27-membo_001_.wav,train
yes_drone/mixed_membo_27-membo_002_.wav,train
yes_drone/mixed_membo_27-membo_003_.wav,test
yes_drone/mixed_membo_27-membo_004_.wav,train
yes_drone/mixed_membo_28-membo_000_.wav,train
yes_drone/mixed_membo_28-membo_001_.wav,train
yes_drone/mixed_membo_28-membo_002_.wav,test
yes_drone/mixed_membo_28-membo_003_.wav,train
yes_drone/mixed_membo_28-membo_004_.wav,train
yes_drone/mixed_membo_29-membo_000_.wav,train
yes_drone/mixed_membo_29-membo_001_.wav,train
yes_drone/mixed_membo_29-membo_002_.wav,test
yes_drone/mixed_membo_29-membo_003_.wav,train
yes_drone/mixed_membo_29-membo_004_.wav,train
yes_drone/mixed_membo_3-membo_000_.wav,train
yes_drone/mixed_membo_3-membo_001_.wav,train
yes_drone/mixed_membo_3-membo_002_.wav,train
yes_drone/mixed_membo_3-membo_003_.wav,train
yes_drone/mixed_membo_3-membo_004_.wav,train
yes_drone/mixed_membo_30-membo_000_.wav,train
yes_drone/mixed_membo_30-membo_001_.wav,test
yes_drone/mixed_membo_30-membo_002_.wav,train
yes_drone/mixed_membo_30-membo_003_.wav,train
yes_drone/mixed_membo_30-membo_004_.wav,train
yes_drone/mixed_membo_31-membo_000_.wav,train
yes_drone/mixed_membo_31-membo_001_.wav,train
yes_drone/mixed_membo_31-membo_002_.wav,train
yes_drone/mixed_membo_31-membo_003_.wav,train
yes_drone/mixed_membo_31-membo_004_.wav,train
yes_drone/mixed_membo_32-membo_000_.wav,train
yes_drone/mixed_membo_32-membo_001_.wav,train
yes_drone/mixed_membo_32-membo_002_.wav,train
yes_drone/mixed_membo_32-membo_003_.wav,train
yes_drone/mixed_membo_32-membo_004_.wav,train
yes_drone/mixed_membo_33-membo_000_.wav,train
yes_drone/mixed_membo_33-membo_001_.wav,train
yes_drone/mixed_membo_33-membo_002_.wav,test
yes_drone/mixed_membo_33-membo_003_.wav,train
yes_drone/mixed_membo_33-membo_004_.wav,train
yes_drone/mixed_membo_34-membo_000_.wav,train
yes_drone/mixed_membo_34-membo_001_.wav,train
yes_drone/mixed_membo_34-membo_002_.wav,train
yes_drone/mixed_membo_34-membo_003_.wav,train
yes_drone/mixed_membo_34-membo_004_.wav,test
yes_drone/mixed_membo_35-membo_000_.wav,train
yes_drone/mixed_membo_35-membo_001_.wav,train
yes_drone/mixed_membo_35-membo_002_.wav,train
yes_drone/mixed_membo_35-membo_003_.wav,train
yes_drone/mixed_membo_35-membo_004_.wav,test
yes_drone/mixed_membo_36-membo_000_.wav,test
yes_drone/mixed_membo_36-membo_001_.wav,test
yes_drone/mixed_membo_36-membo_002_.wav,train
yes_drone/mixed_membo_36-membo_003_.wav,train
yes_drone/mixed_membo_36-membo_004_.wav,train
yes_drone/mixed_membo_37-membo_000_.wav,train
yes_drone/mixed_membo_37-membo_001_.wav,train
yes_drone/mixed_membo_37-membo_002_.wav,test
yes_drone/mixed_membo_37-membo_003_.wav,train
yes_drone/mixed_membo_37-membo_004_.wav,train
yes_drone/mixed_membo_38-membo_000_.wav,train
yes_drone/mixed_membo_38-membo_001_.wav,train
yes_drone/mixed_membo_38-membo_002_.wav,test
yes_drone/mixed_membo_38-membo_003_.wav,test
yes_drone/mixed_membo_38-membo_004_.wav,test
yes_drone/mixed_membo_39-membo_000_.wav,train
yes_drone/mixed_membo_39-membo_001_.wav,test
yes_drone/mixed_membo_39-membo_002_.wav,train
yes_drone/mixed_membo_39-membo_003_.wav,train
yes_drone/mixed_membo_39-membo_004_.wav,test
yes_drone/mixed_membo_4-membo_000_.wav,train
yes_drone/mixed_membo_4-membo_001_.wav,train
yes_drone/mixed_membo_4-membo_002_.wav,test
yes_drone/mixed_membo_4-membo_003_.wav,test
yes_drone/mixed_membo_4-membo_004_.wav,train
yes_drone/mixed_membo_40-membo_000_.wav,test
yes_drone/mixed_membo_40-membo_001_.wav,test
yes_drone/mixed_membo_40-membo_002_.wav,train
yes_drone/mixed_membo_40-membo_003_.wav,train
yes_drone/mixed_membo_40-membo_004_.wav,train
yes_drone/mixed_membo_41-membo_000_.wav,train
yes_drone/mixed_membo_41-membo_001_.wav,train
yes_drone/mixed_membo_41-membo_002_.wav,train
yes_drone/mixed_membo_41-membo_003_.wav,test
yes_drone/mixed_membo_41-membo_004_.wav,train
yes_drone/mixed_membo_42-membo_000_.wav,test
yes_drone/mixed_membo_42-membo_001_.wav,test
yes_drone/mixed_membo_42-membo_002_.wav,test
yes_drone/mixed_membo_42-membo_003_.wav,train
yes_drone/mixed_membo_42-membo_004_.wav,train
yes_drone/mixed_membo_43-membo_000_.wav,train
yes_drone/mixed_membo_43-membo_001_.wav,train
yes_drone/mixed_membo_43-membo_002_.wav,train
yes_drone/mixed_membo_43-membo_003_.wav,train
yes_drone/mixed_membo_43-membo_004_.wav,train
yes_drone/mixed_membo_44-membo_000_.wav,train
yes_drone/mixed_membo_44-membo_001_.wav,train
yes_drone/mixed_membo_44-membo_002_.wav,test
yes_drone/mixed_membo_44-membo_003_.wav,train
yes_drone/mixed_membo_44-membo_004_.wav,test
yes_drone/mixed_membo_45-membo_000_.wav,test
yes_drone/mixed_membo_45-membo_001_.wav,train
yes_drone/mixed_membo_45-membo_002_.wav,train
yes_drone/mixed_membo_45-membo_003_.wav,train
yes_drone/mixed_membo_45-membo_004_.wav,test
yes_drone/mixed_membo_46-membo_000_.wav,train
yes_drone/mixed_membo_46-membo_001_.wav,train
yes_drone/mixed_membo_46-membo_002_.wav,train
yes_drone/mixed_membo_46-membo_003_.wav,train
yes_drone/mixed_membo_46-membo_004_.wav,train
yes_drone/mixed_membo_47-membo_000_.wav,train
yes_drone/mixed_membo_47-membo_001_.wav,train
yes_drone/mixed_membo_47-membo_002_.wav,test
yes_drone/mixed_membo_47-membo_003_.wav,test
yes_drone/mixed_membo_47-membo_004_.wav,test
yes_drone/mixed_membo_48-membo_000_.wav,train
yes_drone/mixed_membo_48-membo_001_.wav,train
yes_drone/mixed_membo_48-membo_002_.wav,train
yes_drone/mixed_membo_48-membo_003_.wav,train
yes_drone/mixed_membo_48-membo_004_.wav,train
yes_drone/mixed_membo_49-membo_000_.wav,test
yes_drone/mixed_membo_49-membo_001_.wav,train
yes_drone/mixed_membo_49-membo_002_.wav,train
yes_drone/mixed_membo_49-membo_003_.wav,test
yes_drone/mixed_membo_49-membo_004_.wav,test
yes_drone/mixed_membo_5-membo_000_.wav,train
yes_drone/mixed_membo_5-membo_001_.wav,train
yes_drone/mixed_membo_5-membo_002_.wav,test
yes_drone/mixed_membo_5-membo_003_.wav,train
yes_drone/mixed_membo_5-membo_004_.wav,train
yes_drone/mixed_membo_50-membo_000_.wav,train
yes_drone/mixed_membo_50-membo_001_.wav,train
yes_drone/mixed_membo_50-membo_002_.wav,test
yes_drone/mixed_membo_50-membo_003_.wav,train
yes_drone/mixed_membo_50-membo_004_.wav,train
yes_drone/mixed_membo_51-membo_000_.wav,train
yes_drone/mixed_membo_51-membo_001_.wav,train
yes_drone/mixed_membo_51-membo_002_.wav,train
yes_drone/mixed_membo_51-membo_003_.wav,train
yes_drone/mixed_membo_51-membo_004_.wav,train
yes_drone/mixed_membo_52-membo_000_.wav,test
yes_drone/mixed_membo_52-membo_001_.wav,test
yes_drone/mixed_membo_52-membo_002_.wav,train
yes_drone/mixed_membo_52-membo_003_.wav,train
yes_drone/mixed_membo_52-membo_004_.wav,train
yes_drone/mixed_membo_53-membo_000_.wav,train
yes_drone/mixed_membo_53-membo_001_.wav,train
yes_drone/mixed_membo_53-membo_002_.wav,train
yes_drone/mixed_membo_53-membo_003_.wav,train
yes_drone/mixed_membo_53-membo_004_.wav,train
yes_drone/mixed_membo_54-membo_000_.wav,train
yes_drone/mixed_membo_54-membo_001_.wav,train
yes_drone/mixed_membo_54-membo_002_.wav,train
yes_drone/mixed_membo_54-membo_003_.wav,train
yes_drone/mixed_membo_54-membo_004_.wav,train
yes_drone/mixed_membo_55-membo_000_.wav,test
yes_drone/mixed_membo_55-membo_001_.wav,train
yes_drone/mixed_membo_55-membo_002_.wav,test
yes_drone/mixed_membo_55-membo_003_.wav,train
yes_drone/mixed_membo_55-membo_004_.wav,train
yes_drone/mixed_membo_56-membo_000_.wav,train
yes_drone/mixed_membo_56-membo_001_.wav,train
yes_drone/mixed_membo_56-membo_002_.wav,train
yes_drone/mixed_membo_56-membo_003_.wav,train
yes_drone/mixed_membo_56-membo_004_.wav,train
yes_drone/mixed_membo_57-membo_000_.wav,train
yes_drone/mixed_membo_57-membo_001_.wav,train
yes_drone/mixed_membo_57-membo_002_.wav,train
yes_drone/mixed_membo_57-membo_003_.wav,test
yes_drone/mixed_membo_57-membo_004_.wav,train
yes_drone/mixed_membo_58-membo_000_.wav,train
yes_drone/mixed_membo_58-membo_001_.wav,train
yes_drone/mixed_membo_58-membo_002_.wav,train
yes_drone/mixed_membo_58-membo_003_.wav,train
yes_drone/mixed_membo_58-membo_004_.wav,train
yes_drone/mixed_membo_59-membo_000_.wav,train
yes_drone/mixed_membo_59-membo_001_.wav,train
yes_drone/mixed_membo_59-membo_002_.wav,train
yes_drone/mixed_membo_59-membo_003_.wav,train
yes_drone/mixed_membo_59-membo_004_.wav,train
yes_drone/mixed_membo_6-membo_000_.wav,train
yes_drone/mixed_membo_6-membo_001_.wav,train
yes_drone/mixed_membo_6-membo_002_.wav,train
yes_drone/mixed_membo_6-membo_003_.wav,test
yes_drone/mixed_membo_6-membo_004_.wav,train
yes_drone/mixed_membo_60-membo_000_.wav,train
yes_drone/mixed_membo_60-membo_001_.wav,train
yes_drone/mixed_membo_60-membo_002_.wav,test
yes_drone/mixed_membo_60-membo_003_.wav,train
yes_drone/mixed_membo_60-membo_004_.wav,train
yes_drone/mixed_membo_61-membo_000_.wav,train
yes_drone/mixed_membo_61-membo_001_.wav,test
yes_drone/mixed_membo_61-membo_002_.wav,train
yes_drone/mixed_membo_61-membo_003_.wav,test
yes_drone/mixed_membo_61-membo_004_.wav,train
yes_drone/mixed_membo_62-membo_000_.wav,train
yes_drone/mixed_membo_62-membo_001_.wav,train
yes_drone/mixed_membo_62-membo_002_.wav,train
yes_drone/mixed_membo_62-membo_003_.wav,train
yes_drone/mixed_membo_62-membo_004_.wav,train
yes_drone/mixed_membo_63-membo_000_.wav,train
yes_drone/mixed_membo_63-membo_001_.wav,train
yes_drone/mixed_membo_63-membo_002_.wav,train
yes_drone/mixed_membo_63-membo_003_.wav,train
yes_drone/mixed_membo_63-membo_004_.wav,test
yes_drone/mixed_membo_64-membo_000_.wav,train
yes_drone/mixed_membo_64-membo_001_.wav,train
yes_drone/mixed_membo_64-membo_002_.wav,train
yes_drone/mixed_membo_64-membo_003_.wav,train
yes_drone/mixed_membo_64-membo_004_.wav,train
yes_drone/mixed_membo_65-membo_000_.wav,test
yes_drone/mixed_membo_65-membo_001_.wav,test
yes_drone/mixed_membo_65-membo_002_.wav,test
yes_drone/mixed_membo_65-membo_003_.wav,train
yes_drone/mixed_membo_65-membo_004_.wav,train
yes_drone/mixed_membo_66-membo_000_.wav,test
yes_drone/mixed_membo_66-membo_001_.wav,train
yes_drone/mixed_membo_66-membo_002_.wav,train
yes_drone/mixed_membo_66-membo_003_.wav,test
yes_drone/mixed_membo_66-membo_004_.wav,train
yes_drone/mixed_membo_7-membo_000_.wav,train
yes_drone/mixed_membo_7-membo_001_.wav,train
yes_drone/mixed_membo_7-membo_002_.wav,train
yes_drone/mixed_membo_7-membo_003_.wav,train
yes_drone/mixed_membo_7-membo_004_.wav,train
yes_drone/mixed_membo_8-membo_000_.wav,train
yes_drone/mixed_membo_8-membo_001_.wav,test
yes_drone/mixed_membo_8-membo_002_.wav,train
yes_drone/mixed_membo_8-membo_003_.wav,train
yes_drone/mixed_membo_8-membo_004_.wav,train
yes_drone/mixed_membo_9-membo_000_.wav,train
yes_drone/mixed_membo_9-membo_001_.wav,test
yes_drone/mixed_membo_9-membo_002_.wav,test
yes_drone/mixed_membo_9-membo_003_.wav,train
yes_drone/mixed_membo_9-membo_004_.wav,train
unknown/1-100032-A-00.wav,train
unknown/1-100032-A-01.wav,test
unknown/1-100032-A-02.wav,train
unknown/1-100032-A-03.wav,train
unknown/1-100032-A-04.wav,test
unknown/1-100038-A-140.wav,test
unknown/1-100038-A-141.wav,train
unknown/1-100038-A-142.wav,train
unknown/1-100038-A-143.wav,train
unknown/1-100038-A-144.wav,test
unknown/1-100210-A-360.wav,train
unknown/1-100210-A-361.wav,test
unknown/1-100210-A-362.wav,train
unknown/1-100210-A-363.wav,test
unknown/1-100210-A-364.wav,train
unknown/1-100210-B-360.wav,train
unknown/1-100210-B-361.wav,test
unknown/1-100210-B-362.wav,train
unknown/1-100210-B-363.wav,train
unknown/1-100210-B-364.wav,train
unknown/1-101296-A-190.wav,train
unknown/1-101296-A-191.wav,test
unknown/1-101296-A-192.wav,train
unknown/1-101296-A-193.wav,train
unknown/1-101296-A-194.wav,train
unknown/1-101296-B-190.wav,train
unknown/1-101296-B-191.wav,train
unknown/1-101296-B-192.wav,train
unknown/1-101296-B-193.wav,train
unknown/1-101296-B-194.wav,train
unknown/1-101336-A-300.wav,train
unknown/1-101336-A-301.wav,train
unknown/1-101336-A-302.wav,train
unknown/1-101336-A-303.wav,train
unknown/1-101336-A-304.wav,train
unknown/1-101404-A-340.wav,train
unknown/1-101404-A-341.wav,train
unknown/1-101404-A-342.wav,train
unknown/1-101404-A-343.wav,test
unknown/1-101404-A-344.wav,train
unknown/1-103298-A-90.wav,train
unknown/1-103298-A-91.wav,train
unknown/1-103298-A-92.wav,train
unknown/1-103298-A-93.wav,train
unknown/1-103298-A-94.wav,train
unknown/1-103995-A-300.wav,train
unknown/1-103995-A-301.wav,train
unknown/1-103995-A-302.wav,train
unknown/1-103995-A-303.wav,train
unknown/1-103995-A-304.wav,train
unknown/1-103999-A-300.wav,train
unknown/1-103999-A-301.wav,train
unknown/1-103999-A-302.wav,train
unknown/1-103999-A-303.wav,train
unknown/1-103999-A-304.wav,test
unknown/1-104089-A-220.wav,test
unknown/1-104089-A-221.wav,train
unknown/1-104089-A-222.wav,train
unknown/1-104089-A-223.wav,train
unknown/1-104089-A-224.wav,train
unknown/1-104089-B-220.wav,test
unknown/1-104089-B-221.wav,train
unknown/1-104089-B-222.wav,train
unknown/1-104089-B-223.wav,train
unknown/1-104089-B-224.wav,test
unknown/1-105224-A-220.wav,train
unknown/1-105224-A-221.wav,train
unknown/1-105224-A-222.wav,train
unknown/1-105224-A-223.wav,train
unknown/1-105224-A-224.wav,train
unknown/1-110389-A-00.wav,train
unknown/1-110389-A-01.wav,train
unknown/1-110389-A-02.wav,test
unknown/1-110389-A-03.wav,train
unknown/1-110389-A-04.wav,test
unknown/1-110537-A-220.wav,train
unknown/1-110537-A-221.wav,train
unknown/1-110537-A-222.wav,test
unknown/1-110537-A-223.wav,test
unknown/1-110537-A-224.wav,train
unknown/1-115521-A-190.wav,train
unknown/1-115521-A-191.wav,train
unknown/1-115521-A-192.wav,train
unknown/1-115521-A-193.wav,train
unknown/1-115521-A-194.wav,train
unknown/1-115545-A-480.wav,train
unknown/1-115545-A-481.wav,train
unknown/1-115545-A-482.wav,train
unknown/1-115545-A-483.wav,train
unknown/1-115545-A-484.wav,test
unknown/1-115545-B-480.wav,train
unknown/1-115545-B-481.wav,train
unknown/1-115545-B-482.wav,train
unknown/1-115545-B-483.wav,train
unknown/1-115545-B-484.wav,test
unknown/1-115545-C-480.wav,train
unknown/1-115545-C-481.wav,train
unknown/1-115545-C-482.wav,train
unknown/1-115545-C-483.wav,test
unknown/1-115545-C-484.wav,train
unknown/1-115546-A-480.wav,train
unknown/1-115546-A-481.wav,train
unknown/1-115546-A-482.wav,train
unknown/1-115546-A-483.wav,train
unknown/1-115546-A-484.wav,train
unknown/1-115920-A-220.wav,test
unknown/1-115920-A-221.wav,train
unknown/1-115920-A-222.wav,train
unknown/1-115920-A-223.wav,train
unknown/1-115920-A-224.wav,train
unknown/1-115920-B-220.wav,train
unknown/1-115920-B-221.wav,train
unknown/1-115920-B-222.wav,train
unknown/1-115920-B-223.wav,train
unknown/1-115920-B-224.wav,train
unknown/1-115921-A-220.wav,train
unknown/1-115921-A-221.wav,test
unknown/1-115921-A-222.wav,test
unknown/1-115921-A-223.wav,train
unknown/1-115921-A-224.wav,train
unknown/1-116765-A-410.wav,train
unknown/1-116765-A-411.wav,train
unknown/1-116765-A-412.wav,train
unknown/1-116765-A-413.wav,train
unknown/1-116765-A-414.wav,train
unknown/1-11687-A-470.wav,test
unknown/1-11687-A-471.wav,test
unknown/1-11687-A-472.wav,train
unknown/1-11687-A-473.wav,train
unknown/1-11687-A-474.wav,train
unknown/1-118206-A-310.wav,test
unknown/1-118206-A-311.wav,train
unknown/1-118206-A-312.wav,train
unknown/1-118206-A-313.wav,test
unknown/1-118206-A-314.wav,train
unknown/1-118559-A-170.wav,train
unknown/1-118559-A-171.wav,train
unknown/1-118559-A-172.wav,test
unknown/1-118559-A-173.wav,train
unknown/1-118559-A-174.wav,train
unknown/1-119125-A-450.wav,test
unknown/1-119125-A-451.wav,train
unknown/1-119125-A-452.wav,train
unknown/1-119125-A-453.wav,train
unknown/1-119125-A-454.wav,train
unknown/1-121951-A-80.wav,test
unknown/1-121951-A-81.wav,train
unknown/1-121951-A-82.wav,test
unknown/1-121951-A-83.wav,test
unknown/1-121951-A-84.wav,train
unknown/1-12653-A-150.wav,train
unknown/1-12653-A-151.wav,train
unknown/1-12653-A-152.wav,train
unknown/1-12653-A-153.wav,test
unknown/1-12653-A-154.wav,test
unknown/1-12654-A-150.wav,train
unknown/1-12654-A-151.wav,train
unknown/1-12654-A-152.wav,train
unknown/1-12654-A-153.wav,test
unknown/1-12654-A-154.wav,train
unknown/1-12654-B-150.wav,train
unknown/1-12654-B-151.wav,test
unknown/1-12654-B-152.wav,train
unknown/1-12654-B-153.wav,test
unknown/1-12654-B-154.wav,train
unknown/1-13571-A-460.wav,train
unknown/1-13571-A-461.wav,train
unknown/1-13571-A-462.wav,train
unknown/1-13571-A-463.wav,train
unknown/1-13571-A-464.wav,train
unknown/1-13572-A-460.wav,train
unknown/1-13572-A-461.wav,train
unknown/1-13572-A-462.wav,train
unknown/1-13572-A-463.wav,train
unknown/1-13572-A-464.wav,train
unknown/1-13613-A-370.wav,train
unknown/1-13613-A-371.wav,train
unknown/1-13613-A-372.wav,train
unknown/1-13613-A-373.wav,train
unknown/1-13613-A-374.wav,train
unknown/1-137-A-320.wav,train
unknown/1-137-A-321.wav,train
unknown/1-137-A-322.wav,train
unknown/1-137-A-323.wav,train
unknown/1-137-A-324.wav,train
unknown/1-137296-A-160.wav,train
unknown/1-137296-A-161.wav,train
unknown/1-137296-A-162.wav,train
unknown/1-137296-A-163.wav,train
unknown/1-137296-A-164.wav,test
unknown/1-14262-A-370.wav,test
unknown/1-14262-A-371.wav,train
unknown/1-14262-A-372.wav,train
unknown/1-14262-A-373.wav,train
unknown/1-14262-A-374.wav,train
unknown/1-155858-A-250.wav,train
unknown/1-155858-A-251.wav,train
unknown/1-155858-A-252.wav,test
unknown/1-155858-A-253.wav,train
unknown/1-155858-A-254.wav,train
unknown/1-155858-B-250.wav,train
unknown/1-155858-B-251.wav,train
unknown/1-155858-B-252.wav,test
unknown/1-155858-B-253.wav,train
unknown/1-155858-B-254.wav,train
unknown/1-155858-C-250.wav,train
unknown/1-155858-C-251.wav,test
unknown/1-155858-C-252.wav,test
unknown/1-155858-C-253.wav,train
unknown/1-155858-C-254.wav,train
unknown/1-155858-D-250.wav,train
unknown/1-155858-D-251.wav,train
unknown/1-155858-D-252.wav,train
unknown/1-155858-D-253.wav,test
unknown/1-155858-D-254.wav,train
unknown/1-155858-E-250.wav,train
unknown/1-155858-E-251.wav,train
unknown/1-155858-E-252.wav,train
unknown/1-155858-E-253.wav,train
unknown/1-155858-E-254.wav,train
unknown/1-155858-F-250.wav,train
unknown/1-155858-F-251.wav,train
unknown/1-155858-F-252.wav,train
unknown/1-155858-F-253.wav,train
unknown/1-155858-F-254.wav,test
unknown/1-15689-A-40.wav,test
unknown/1-15689-A-41.wav,train
unknown/1-15689-A-42.wav,train
unknown/1-15689-A-43.wav,train
unknown/1-15689-A-44.wav,train
unknown/1-15689-B-40.wav,train
unknown/1-15689-B-41.wav,train
unknown/1-15689-B-42.wav,test
unknown/1-15689-B-43.wav,train
unknown/1-15689-B-44.wav,train
unknown/1-160563-A-480.wav,test
unknown/1-160563-A-481.wav,test
unknown/1-160563-A-482.wav,train
unknown/1-160563-A-483.wav,train
unknown/1-160563-A-484.wav,train
unknown/1-160563-B-480.wav,train
unknown/1-160563-B-481.wav,train
unknown/1-160563-B-482.wav,train
unknown/1-160563-B-483.wav,train
unknown/1-160563-B-484.wav,train
unknown/1-16568-A-30.wav,train
unknown/1-16568-A-31.wav,train
unknown/1-16568-A-32.wav,train
unknown/1-16568-A-33.wav,train
unknown/1-16568-A-34.wav,test
unknown/1-16746-A-150.wav,train
unknown/1-16746-A-151.wav,train
unknown/1-16746-A-152.wav,train
unknown/1-16746-A-153.wav,train
unknown/1-16746-A-154.wav,train
unknown/1-17092-A-270.wav,test
unknown/1-17092-A-271.wav,train
unknown/1-17092-A-272.wav,train
unknown/1-17092-A-273.wav,train
unknown/1-17092-A-274.wav,train
unknown/1-17092-B-270.wav,test
unknown/1-17092-B-271.wav,train
unknown/1-17092-B-272.wav,test
unknown/1-17092-B-273.wav,train
unknown/1-17092-B-274.wav,train
unknown/1-17124-A-430.wav,train
unknown/1-17124-A-431.wav,train
unknown/1-17124-A-432.wav,train
unknown/1-17124-A-433.wav,train
unknown/1-17124-A-434.wav,test
unknown/1-17150-A-120.wav,train
unknown/1-17150-A-121.wav,test
unknown/1-17150-A-122.wav,train
unknown/1-17150-A-123.wav,train
unknown/1-17150-A-124.wav,train
unknown/1-172649-A-400.wav,train
unknown/1-172649-A-401.wav,train
unknown/1-172649-A-402.wav,test
unknown/1-172649-A-403.wav,train
unknown/1-172649-A-404.wav,train
unknown/1-172649-B-400.wav,train
unknown/1-172649-B-401.wav,test
unknown/1-172649-B-402.wav,train
unknown/1-172649-B-403.wav,train
unknown/1-172649-B-404.wav,train
unknown/1-172649-C-400.wav,test
unknown/1-172649-C-401.wav,train
unknown/1-172649-C-402.wav,train
unknown/1-172649-C-403.wav,train
unknown/1-172649-C-404.wav,train
unknown/1-172649-D-400.wav,train
unknown/1-172649-D-401.wav,train
unknown/1-172649-D-402.wav,train
unknown/1-172649-D-403.wav,train
unknown/1-172649-D-404.wav,test
unknown/1-172649-E-400.wav,train
unknown/1-172649-E-401.wav,train
unknown/1-172649-E-402.wav,train
unknown/1-172649-E-403.wav,train
unknown/1-172649-E-404.wav,train
unknown/1-172649-F-400.wav,train
unknown/1-172649-F-401.wav,test
unknown/1-172649-F-402.wav,test
unknown/1-172649-F-403.wav,train
unknown/1-172649-F-404.wav,train
unknown/1-17295-A-290.wav,train
unknown/1-17295-A-291.wav,test
unknown/1-17295-A-292.wav,train
unknown/1-17295-A-293.wav,train
unknown/1-17295-A-294.wav,train
unknown/1-17367-A-100.wav,train
unknown/1-17367-A-101.wav,train
unknown/1-17367-A-102.wav,train
unknown/1-17367-A-103.wav,train
unknown/1-17367-A-104.wav,train
unknown/1-17565-A-120.wav,train
unknown/1-17565-A-121.wav,train
unknown/1-17565-A-122.wav,test
unknown/1-17565-A-123.wav,train
unknown/1-17565-A-124.wav,train
unknown/1-17585-A-70.wav,train
unknown/1-17585-A-71.wav,train
unknown/1-17585-A-72.wav,train
unknown/1-17585-A-73.wav,train
unknown/1-17585-A-74.wav,train
unknown/1-17742-A-120.wav,train
unknown/1-17742-A-121.wav,train
unknown/1-17742-A-122.wav,train
unknown/1-17742-A-123.wav,train
unknown/1-17742-A-124.wav,test
unknown/1-17808-A-120.wav,train
unknown/1-17808-A-121.wav,train
unknown/1-17808-A-122.wav,train
unknown/1-17808-A-123.wav,train
unknown/1-17808-A-124.wav,train
unknown/1-17808-B-120.wav,train
unknown/1-17808-B-121.wav,train
unknown/1-17808-B-122.wav,train
unknown/1-17808-B-123.wav,test
unknown/1-17808-B-124.wav,train
unknown/1-1791-A-260.wav,test
unknown/1-1791-A-261.wav,test
unknown/1-1791-A-262.wav,train
unknown/1-1791-A-263.wav,train
unknown/1-1791-A-264.wav,train
unknown/1-17970-A-40.wav,test
unknown/1-17970-A-41.wav,train
unknown/1-17970-A-42.wav,train
unknown/1-17970-A-43.wav,train
unknown/1-17970-A-44.wav,train
unknown/1-18074-A-60.wav,train
unknown/1-18074-A-61.wav,train
unknown/1-18074-A-62.wav,test
unknown/1-18074-A-63.wav,train
unknown/1-18074-A-64.wav,train
unknown/1-18074-B-60.wav,train
unknown/1-18074-B-61.wav,train
unknown/1-18074-B-62.wav,train
unknown/1-18074-B-63.wav,train
unknown/1-18074-B-64.wav,train
unknown/1-181071-A-400.wav,train
unknown/1-181071-A-401.wav,train
unknown/1-181071-A-402.wav,test
unknown/1-181071-A-403.wav,train
unknown/1-181071-A-404.wav,test
unknown/1-181071-B-400.wav,test
unknown/1-181071-B-401.wav,train
unknown/1-181071-B-402.wav,train
unknown/1-181071-B-403.wav,train
unknown/1-181071-B-404.wav,train
unknown/1-18527-A-440.wav,train
unknown/1-18527-A-441.wav,train
unknown/1-18527-A-442.wav,train
unknown/1-18527-A-443.wav,train
unknown/1-18527-A-444.wav,test
unknown/1-18527-B-440.wav,train
unknown/1-18527-B-441.wav,train
unknown/1-18527-B-442.wav,train
unknown/1-18527-B-443.wav,train
unknown/1-18527-B-444.wav,train
unknown/1-18631-A-230.wav,train
unknown/1-18631-A-231.wav,train
unknown/1-18631-A-232.wav,train
unknown/1-18631-A-233.wav,train
unknown/1-18631-A-234.wav,test
unknown/1-18655-A-310.wav,train
unknown/1-18655-A-311.wav,train
unknown/1-18655-A-312.wav,train
unknown/1-18655-A-313.wav,train
unknown/1-18655-A-314.wav,train
unknown/1-187207-A-200.wav,test
unknown/1-187207-A-201.wav,test
unknown/1-187207-A-202.wav,test
unknown/1-187207-A-203.wav,train
unknown/1-187207-A-204.wav,train
unknown/1-18755-A-40.wav,test
unknown/1-18755-A-41.wav,train
unknown/1-18755-A-42.wav,train
unknown/1-18755-A-43.wav,train
unknown/1-18755-A-44.wav,train
unknown/1-18755-B-40.wav,train
unknown/1-18755-B-41.wav,train
unknown/1-18755-B-42.wav,train
unknown/1-18755-B-43.wav,train
unknown/1-18755-B-44.wav,test
unknown/1-18757-A-40.wav,train
unknown/1-18757-A-41.wav,test
unknown/1-18757-A-42.wav,train
unknown/1-18757-A-43.wav,train
unknown/1-18757-A-44.wav,train
unknown/1-18810-A-490.wav,train
unknown/1-18810-A-491.wav,train
unknown/1-18810-A-492.wav,test
unknown/1-18810-A-493.wav,train
unknown/1-18810-A-494.wav,train
unknown/1-19026-A-430.wav,train
unknown/1-19026-A-431.wav,train
unknown/1-19026-A-432.wav,test
unknown/1-19026-A-433.wav,train
unknown/1-19026-A-434.wav,test
unknown/1-19111-A-240.wav,train
unknown/1-19111-A-241.wav,train
unknown/1-19111-A-242.wav,train
unknown/1-19111-A-243.wav,train
unknown/1-19111-A-244.wav,train
unknown/1-19118-A-240.wav,train
unknown/1-19118-A-241.wav,train
unknown/1-19118-A-242.wav,train
unknown/1-19118-A-243.wav,train
unknown/1-19118-A-244.wav,train
unknown/1-19501-A-70.wav,train
unknown/1-19501-A-71.wav,train
unknown/1-19501-A-72.wav,train
unknown/1-19501-A-73.wav,train
unknown/1-19501-A-74.wav,train
unknown/1-196660-A-80.wav,train
unknown/1-196660-A-81.wav,train
unknown/1-196660-A-82.wav,train
unknown/1-196660-A-83.wav,train
unknown/1-196660-A-84.wav,train
unknown/1-196660-B-80.wav,train
unknown/1-196660-B-81.wav,train
unknown/1-196660-B-82.wav,train
unknown/1-196660-B-83.wav,train
unknown/1-196660-B-84.wav,train
unknown/1-19840-A-360.wav,train
unknown/1-19840-A-361.wav,train
unknown/1-19840-A-362.wav,train
unknown/1-19840-A-363.wav,train
unknown/1-19840-A-364.wav,train
unknown/1-19872-A-360.wav,train
unknown/1-19872-A-361.wav,train
unknown/1-19872-A-362.wav,train
unknown/1-19872-A-363.wav,train
unknown/1-19872-A-364.wav,test
unknown/1-19872-B-360.wav,train
unknown/1-19872-B-361.wav,train
unknown/1-19872-B-362.wav,train
unknown/1-19872-B-363.wav,test
unknown/1-19872-B-364.wav,train
unknown/1-19898-A-410.wav,train
unknown/1-19898-A-411.wav,train
unknown/1-19898-A-412.wav,train
unknown/1-19898-A-413.wav,train
unknown/1-19898-A-414.wav,train
unknown/1-19898-B-410.wav,train
unknown/1-19898-B-411.wav,test
unknown/1-19898-B-412.wav,train
unknown/1-19898-B-413.wav,train
unknown/1-19898-B-414.wav,train
unknown/1-19898-C-410.wav,train
unknown/1-19898-C-411.wav,train
unknown/1-19898-C-412.wav,train
unknown/1-19898-C-413.wav,train
unknown/1-19898-C-414.wav,train
unknown/1-20133-A-390.wav,train
unknown/1-20133-A-391.wav,train
unknown/1-20133-A-392.wav,train
unknown/1-20133-A-393.wav,train
unknown/1-20133-A-394.wav,train
unknown/1-202111-A-30.wav,train
unknown/1-202111-A-31.wav,test
unknown/1-202111-A-32.wav,test
unknown/1-202111-A-33.wav,train
unknown/1-202111-A-34.wav,train
unknown/1-20545-A-280.wav,train
unknown/1-20545-A-281.wav,train
unknown/1-20545-A-282.wav,train
unknown/1-20545-A-283.wav,test
unknown/1-20545-A-284.wav,train
unknown/1-20736-A-180.wav,train
unknown/1-20736-A-181.wav,train
unknown/1-20736-A-182.wav,train
unknown/1-20736-A-183.wav,train
unknown/1-20736-A-184.wav,train
unknown/1-208757-A-20.wav,train
unknown/1-208757-A-21.wav,train
unknown/1-208757-A-22.wav,train
unknown/1-208757-A-23.wav,train
unknown/1-208757-A-24.wav,train
unknown/1-208757-B-20.wav,train
unknown/1-208757-B-21.wav,train
unknown/1-208757-B-22.wav,test
unknown/1-208757-B-23.wav,train
unknown/1-208757-B-24.wav,test
unknown/1-208757-C-20.wav,train
unknown/1-208757-C-21.wav,train
unknown/1-208757-C-22.wav,train
unknown/1-208757-C-23.wav,train
unknown/1-208757-C-24.wav,train
unknown/1-208757-D-20.wav,train
unknown/1-208757-D-21.wav,train
unknown/1-208757-D-22.wav,test
unknown/1-208757-D-23.wav,train
unknown/1-208757-D-24.wav,test
unknown/1-208757-E-20.wav,train
unknown/1-208757-E-21.wav,train
unknown/1-208757-E-22.wav,train
unknown/1-208757-E-23.wav,train
unknown/1-208757-E-24.wav,train
unknown/1-211527-A-200.wav,train
unknown/1-211527-A-201.wav,train
unknown/1-211527-A-202.wav,train
unknown/1-211527-A-203.wav,test
unknown/1-211527-A-204.wav,train
unknown/1-211527-B-200.wav,test
unknown/1-211527-B-201.wav,test
unknown/1-211527-B-202.wav,train
unknown/1-211527-B-203.wav,train
unknown/1-211527-B-204.wav,test
unknown/1-211527-C-200.wav,train
unknown/1-211527-C-201.wav,train
unknown/1-211527-C-202.wav,train
unknown/1-211527-C-203.wav,train
unknown/1-211527-C-204.wav,train
unknown/1-21189-A-100.wav,train
unknown/1-21189-A-101.wav,test
unknown/1-21189-A-102.wav,test
unknown/1-21189-A-103.wav,train
unknown/1-21189-A-104.wav,test
unknown/1-21421-A-460.wav,train
unknown/1-21421-A-461.wav,train
unknown/1-21421-A-462.wav,train
unknown/1-21421-A-463.wav,train
unknown/1-21421-A-464.wav,train
unknown/1-21896-A-350.wav,test
unknown/1-21896-A-351.wav,train
unknown/1-21896-A-352.wav,train
unknown/1-21896-A-353.wav,train
unknown/1-21896-A-354.wav,train
unknown/1-21934-A-380.wav,train
unknown/1-21934-A-381.wav,train
unknown/1-21934-A-382.wav,test
unknown/1-21934-A-383.wav,train
unknown/1-21934-A-384.wav,train
unknown/1-21935-A-380.wav,train
unknown/1-21935-A-381.wav,test
unknown/1-21935-A-382.wav,train
unknown/1-21935-A-383.wav,train
unknown/1-21935-A-384.wav,test
unknown/1-223162-A-250.wav,test
unknown/1-223162-A-251.wav,train
unknown/1-223162-A-252.wav,train
unknown/1-223162-A-253.wav,train
unknown/1-223162-A-254.wav,train
unknown/1-22694-A-200.wav,train
unknown/1-22694-A-201.wav,train
unknown/1-22694-A-202.wav,train
unknown/1-22694-A-203.wav,train
unknown/1-22694-A-204.wav,test
unknown/1-22694-B-200.wav,train
unknown/1-22694-B-201.wav,test
unknown/1-22694-B-202.wav,train
unknown/1-22694-B-203.wav,train
unknown/1-22694-B-204.wav,test
unknown/1-22804-A-460.wav,test
unknown/1-22804-A-461.wav,train
unknown/1-22804-A-462.wav,train
unknown/1-22804-A-463.wav,train
unknown/1-22804-A-464.wav,train
unknown/1-22882-A-440.wav,test
unknown/1-22882-A-441.wav,train
unknown/1-22882-A-442.wav,train
unknown/1-22882-A-443.wav,test
unknown/1-22882-A-444.wav,train
unknown/1-23094-A-150.wav,train
unknown/1-23094-A-151.wav,train
unknown/1-23094-A-152.wav,train
unknown/1-23094-A-153.wav,train
unknown/1-23094-A-154.wav,train
unknown/1-23094-B-150.wav,train
unknown/1-23094-B-151.wav,train
unknown/1-23094-B-152.wav,train
unknown/1-23094-B-153.wav,test
unknown/1-23094-B-154.wav,train
unknown/1-23222-A-190.wav,train
unknown/1-23222-A-191.wav,train
unknown/1-23222-A-192.wav,train
unknown/1-23222-A-193.wav,train
unknown/1-23222-A-194.wav,train
unknown/1-23222-B-190.wav,test
unknown/1-23222-B-191.wav,train
unknown/1-23222-B-192.wav,train
unknown/1-23222-B-193.wav,train
unknown/1-23222-B-194.wav,train
unknown/1-23706-A-490.wav,train
unknown/1-23706-A-491.wav,test
unknown/1-23706-A-492.wav,train
unknown/1-23706-A-493.wav,train
unknown/1-23706-A-494.wav,train
unknown/1-23996-A-350.wav,train
unknown/1-23996-A-351.wav,train
unknown/1-23996-A-352.wav,train
unknown/1-23996-A-353.wav,train
unknown/1-23996-A-354.wav,test
unknown/1-23996-B-350.wav,train
unknown/1-23996-B-351.wav,train
unknown/1-23996-B-352.wav,train
unknown/1-23996-B-353.wav,train
unknown/1-23996-B-354.wav,test
unknown/1-24074-A-430.wav,train
unknown/1-24074-A-431.wav,train
unknown/1-24074-A-432.wav,train
unknown/1-24074-A-433.wav,train
unknown/1-24074-A-434.wav,train
unknown/1-24076-A-430.wav,train
unknown/1-24076-A-431.wav,train
unknown/1-24076-A-432.wav,train
unknown/1-24076-A-433.wav,train
unknown/1-24076-A-434.wav,test
unknown/1-24524-A-190.wav,test
unknown/1-24524-A-191.wav,train
unknown/1-24524-A-192.wav,test
unknown/1-24524-A-193.wav,train
unknown/1-24524-A-194.wav,test
unknown/1-24524-B-190.wav,test
unknown/1-24524-B-191.wav,train
unknown/1-24524-B-192.wav,train
unknown/1-24524-B-193.wav,test
unknown/1-24524-B-194.wav,train
unknown/1-24524-C-190.wav,train
unknown/1-24524-C-191.wav,train
unknown/1-24524-C-192.wav,train
unknown/1-24524-C-193.wav,train
unknown/1-24524-C-194.wav,train
unknown/1-24796-A-470.wav,test
unknown/1-24796-A-471.wav,train
unknown/1-24796-A-472.wav,train
unknown/1-24796-A-473.wav,train
unknown/1-24796-A-474.wav,train
unknown/1-254507-A-430.wav,train
unknown/1-254507-A-431.wav,train
unknown/1-254507-A-432.wav,train
unknown/1-254507-A-433.wav,train
unknown/1-254507-A-434.wav,train
unknown/1-25777-A-480.wav,train
unknown/1-25777-A-481.wav,train
unknown/1-25777-A-482.wav,train
unknown/1-25777-A-483.wav,train
unknown/1-25777-A-484.wav,test
unknown/1-25781-A-480.wav,train
unknown/1-25781-A-481.wav,test
unknown/1-25781-A-482.wav,train
unknown/1-25781-A-483.wav,test
unknown/1-25781-A-484.wav,train
unknown/1-260640-A-20.wav,train
unknown/1-260640-A-21.wav,test
unknown/1-260640-A-22.wav,test
unknown/1-260640-A-23.wav,train
unknown/1-260640-A-24.wav,train
unknown/1-260640-B-20.wav,train
unknown/1-260640-B-21.wav,test
unknown/1-260640-B-22.wav,train
unknown/1-260640-B-23.wav,train
unknown/1-260640-B-24.wav,train
unknown/1-260640-C-20.wav,train
unknown/1-260640-C-21.wav,train
unknown/1-260640-C-22.wav,train
unknown/1-260640-C-23.wav,train
unknown/1-260640-C-24.wav,train
unknown/1-26143-A-210.wav,train
unknown/1-26143-A-211.wav,train
unknown/1-26143-A-212.wav,train
unknown/1-26143-A-213.wav,train
unknown/1-26143-A-214.wav,train
unknown/1-26176-A-430.wav,train
unknown/1-26176-A-431.wav,test
unknown/1-26176-A-432.wav,train
unknown/1-26176-A-433.wav,test
unknown/1-26176-A-434.wav,test
unknown/1-26177-A-430.wav,train
unknown/1-26177-A-431.wav,train
unknown/1-26177-A-432.wav,train
unknown/1-26177-A-433.wav,train
unknown/1-26177-A-434.wav,train
unknown/1-26188-A-300.wav,train
unknown/1-26188-A-301.wav,train
unknown/1-26188-A-302.wav,train
unknown/1-26188-A-303.wav,test
unknown/1-26188-A-304.wav,test
unknown/1-26222-A-100.wav,train
unknown/1-26222-A-101.wav,train
unknown/1-26222-A-102.wav,train
unknown/1-26222-A-103.wav,test
unknown/1-26222-A-104.wav,train
unknown/1-26806-A-10.wav,train
unknown/1-26806-A-11.wav,train
unknown/1-26806-A-12.wav,test
unknown/1-26806-A-13.wav,train
unknown/1-26806-A-14.wav,train
unknown/1-27165-A-350.wav,train
unknown/1-27165-A-351.wav,train
unknown/1-27165-A-352.wav,train
unknown/1-27165-A-353.wav,train
unknown/1-27165-A-354.wav,train
unknown/1-27166-A-350.wav,train
unknown/1-27166-A-351.wav,test
unknown/1-27166-A-352.wav,test
unknown/1-27166-A-353.wav,train
unknown/1-27166-A-354.wav,train
unknown/1-27403-A-280.wav,train
unknown/1-27403-A-281.wav,train
unknown/1-27403-A-282.wav,train
unknown/1-27403-A-283.wav,train
unknown/1-27403-A-284.wav,train
unknown/1-27405-A-280.wav,train
unknown/1-27405-A-281.wav,test
unknown/1-27405-A-282.wav,train
unknown/1-27405-A-283.wav,test
unknown/1-27405-A-284.wav,train
unknown/1-27724-A-10.wav,train
unknown/1-27724-A-11.wav,train
unknown/1-27724-A-12.wav,train
unknown/1-27724-A-13.wav,train
unknown/1-27724-A-14.wav,train
unknown/1-28005-A-180.wav,train
unknown/1-28005-A-181.wav,train
unknown/1-28005-A-182.wav,train
unknown/1-28005-A-183.wav,train
unknown/1-28005-A-184.wav,train
unknown/1-28135-A-110.wav,train
unknown/1-28135-A-111.wav,train
unknown/1-28135-A-112.wav,train
unknown/1-28135-A-113.wav,train
unknown/1-28135-A-114.wav,train
unknown/1-28135-B-110.wav,train
unknown/1-28135-B-111.wav,train
unknown/1-28135-B-112.wav,train
unknown/1-28135-B-113.wav,train
unknown/1-28135-B-114.wav,train
unknown/1-28808-A-430.wav,train
unknown/1-28808-A-431.wav,train
unknown/1-28808-A-432.wav,train
unknown/1-28808-A-433.wav,train
unknown/1-28808-A-434.wav,train
unknown/1-29532-A-160.wav,train
unknown/1-29532-A-161.wav,train
unknown/1-29532-A-162.wav,train
unknown/1-29532-A-163.wav,train
unknown/1-29532-A-164.wav,train
unknown/1-29561-A-100.wav,test
unknown/1-29561-A-101.wav,train
unknown/1-29561-A-102.wav,train
unknown/1-29561-A-103.wav,train
unknown/1-29561-A-104.wav,train
unknown/1-29680-A-210.wav,train
unknown/1-29680-A-211.wav,train
unknown/1-29680-A-212.wav,test
unknown/1-29680-A-213.wav,test
unknown/1-29680-A-214.wav,test
unknown/1-30039-A-260.wav,test
unknown/1-30039-A-261.wav,train
unknown/1-30039-A-262.wav,train
unknown/1-30039-A-263.wav,train
unknown/1-30039-A-264.wav,train
unknown/1-30043-A-260.wav,test
unknown/1-30043-A-261.wav,train
unknown/1-30043-A-262.wav,train
unknown/1-30043-A-263.wav,test
unknown/1-30043-A-264.wav,train
unknown/1-30214-A-180.wav,test
unknown/1-30214-A-181.wav,train
unknown/1-30214-A-182.wav,train
unknown/1-30214-A-183.wav,train
unknown/1-30214-A-184.wav,test
unknown/1-30226-A-00.wav,train
unknown/1-30226-A-01.wav,train
unknown/1-30226-A-02.wav,train
unknown/1-30226-A-03.wav,train
unknown/1-30226-A-04.wav,train
unknown/1-30344-A-00.wav,train
unknown/1-30344-A-01.wav,test
unknown/1-30344-A-02.wav,train
unknown/1-30344-A-03.wav,test
unknown/1-30344-A-04.wav,train
unknown/1-30709-A-230.wav,train
unknown/1-30709-A-231.wav,train
unknown/1-30709-A-232.wav,train
unknown/1-30709-A-233.wav,train
unknown/1-30709-A-234.wav,train
unknown/1-30709-B-230.wav,train
unknown/1-30709-B-231.wav,train
unknown/1-30709-B-232.wav,train
unknown/1-30709-B-233.wav,train
unknown/1-30709-B-234.wav,test
unknown/1-30709-C-230.wav,train
unknown/1-30709-C-231.wav,test
unknown/1-30709-C-232.wav,train
unknown/1-30709-C-233.wav,train
unknown/1-30709-C-234.wav,train
unknown/1-30830-A-240.wav,train
unknown/1-30830-A-241.wav,train
unknown/1-30830-A-242.wav,train
unknown/1-30830-A-243.wav,train
unknown/1-30830-A-244.wav,test
unknown/1-31251-A-60.wav,train
unknown/1-31251-A-61.wav,train
unknown/1-31251-A-62.wav,train
unknown/1-31251-A-63.wav,train
unknown/1-31251-A-64.wav,train
unknown/1-31251-B-60.wav,train
unknown/1-31251-B-61.wav,train
unknown/1-31251-B-62.wav,test
unknown/1-31251-B-63.wav,test
unknown/1-31251-B-64.wav,test
unknown/1-31482-A-420.wav,test
unknown/1-31482-A-421.wav,train
unknown/1-31482-A-422.wav,test
unknown/1-31482-A-423.wav,train
unknown/1-31482-A-424.wav,train
unknown/1-31482-B-420.wav,test
unknown/1-31482-B-421.wav,train
unknown/1-31482-B-422.wav,test
unknown/1-31482-B-423.wav,train
unknown/1-31482-B-424.wav,train
unknown/1-31748-A-210.wav,train
unknown/1-31748-A-211.wav,train
unknown/1-31748-A-212.wav,train
unknown/1-31748-A-213.wav,train
unknown/1-31748-A-214.wav,train
unknown/1-31836-A-40.wav,train
unknown/1-31836-A-41.wav,train
unknown/1-31836-A-42.wav,train
unknown/1-31836-A-43.wav,train
unknown/1-31836-A-44.wav,train
unknown/1-31836-B-40.wav,test
unknown/1-31836-B-41.wav,test
unknown/1-31836-B-42.wav,train
unknown/1-31836-B-43.wav,train
unknown/1-31836-B-44.wav,train
unknown/1-32318-A-00.wav,train
unknown/1-32318-A-01.wav,test
unknown/1-32318-A-02.wav,train
unknown/1-32318-A-03.wav,test
unknown/1-32318-A-04.wav,test
unknown/1-32373-A-350.wav,train
unknown/1-32373-A-351.wav,train
unknown/1-32373-A-352.wav,train
unknown/1-32373-A-353.wav,train
unknown/1-32373-A-354.wav,train
unknown/1-32373-B-350.wav,test
unknown/1-32373-B-351.wav,train
unknown/1-32373-B-352.wav,train
unknown/1-32373-B-353.wav,test
unknown/1-32373-B-354.wav,train
unknown/1-32579-A-290.wav,train
unknown/1-32579-A-291.wav,train
unknown/1-32579-A-292.wav,train
unknown/1-32579-A-293.wav,train
unknown/1-32579-A-294.wav,train
unknown/1-33658-A-260.wav,train
unknown/1-33658-A-261.wav,train
unknown/1-33658-A-262.wav,train
unknown/1-33658-A-263.wav,train
unknown/1-33658-A-264.wav,train
unknown/1-34094-A-50.wav,train
unknown/1-34094-A-51.wav,test
unknown/1-34094-A-52.wav,train
unknown/1-34094-A-53.wav,test
unknown/1-34094-A-54.wav,train
unknown/1-34094-B-50.wav,train
unknown/1-34094-B-51.wav,train
unknown/1-34094-B-52.wav,train
unknown/1-34094-B-53.wav,train
unknown/1-34094-B-54.wav,train
unknown/1-34119-A-10.wav,train
unknown/1-34119-A-11.wav,train
unknown/1-34119-A-12.wav,train
unknown/1-34119-A-13.wav,train
unknown/1-34119-A-14.wav,train
unknown/1-34119-B-10.wav,train
unknown/1-34119-B-11.wav,test
unknown/1-34119-B-12.wav,test
unknown/1-34119-B-13.wav,train
unknown/1-34119-B-14.wav,test
unknown/1-34495-A-140.wav,train
unknown/1-34495-A-141.wav,train
unknown/1-34495-A-142.wav,train
unknown/1-34495-A-143.wav,train
unknown/1-34495-A-144.wav,test
unknown/1-34497-A-140.wav,train
unknown/1-34497-A-141.wav,train
unknown/1-34497-A-142.wav,train
unknown/1-34497-A-143.wav,train
unknown/1-34497-A-144.wav,train
unknown/1-34853-A-370.wav,train
unknown/1-34853-A-371.wav,train
unknown/1-34853-A-372.wav,train
unknown/1-34853-A-373.wav,train
unknown/1-34853-A-374.wav,train
unknown/1-35687-A-380.wav,train
unknown/1-35687-A-381.wav,train
unknown/1-35687-A-382.wav,train
unknown/1-35687-A-383.wav,train
unknown/1-35687-A-384.wav,train
unknown/1-36164-A-260.wav,train
unknown/1-36164-A-261.wav,train
unknown/1-36164-A-262.wav,test
unknown/1-36164-A-263.wav,test
unknown/1-36164-A-264.wav,train
unknown/1-36164-B-260.wav,test
unknown/1-36164-B-261.wav,train
unknown/1-36164-B-262.wav,test
unknown/1-36164-B-263.wav,train
unknown/1-36164-B-264.wav,test
unknown/1-36393-A-230.wav,train
unknown/1-36393-A-231.wav,train
unknown/1-36393-A-232.wav,train
unknown/1-36393-A-233.wav,test
unknown/1-36393-A-234.wav,train
unknown/1-36397-A-230.wav,train
unknown/1-36397-A-231.wav,train
unknown/1-36397-A-232.wav,train
unknown/1-36397-A-233.wav,test
unknown/1-36397-A-234.wav,train
unknown/1-36400-A-230.wav,train
unknown/1-36400-A-231.wav,test
unknown/1-36400-A-232.wav,train
unknown/1-36400-A-233.wav,train
unknown/1-36400-A-234.wav,train
unknown/1-36402-A-230.wav,train
unknown/1-36402-A-231.wav,train
unknown/1-36402-A-232.wav,train
unknown/1-36402-A-233.wav,test
unknown/1-36402-A-234.wav,train
unknown/1-36929-A-470.wav,train
unknown/1-36929-A-471.wav,train
unknown/1-36929-A-472.wav,train
unknown/1-36929-A-473.wav,train
unknown/1-36929-A-474.wav,train
unknown/1-37226-A-290.wav,test
unknown/1-37226-A-291.wav,test
unknown/1-37226-A-292.wav,train
unknown/1-37226-A-293.wav,test
unknown/1-37226-A-294.wav,test
unknown/1-38559-A-140.wav,test
unknown/1-38559-A-141.wav,test
unknown/1-38559-A-142.wav,train
unknown/1-38559-A-143.wav,train
unknown/1-38559-A-144.wav,test
unknown/1-38560-A-140.wav,train
unknown/1-38560-A-141.wav,train
unknown/1-38560-A-142.wav,train
unknown/1-38560-A-143.wav,test
unknown/1-38560-A-144.wav,train
unknown/1-39835-A-90.wav,train
unknown/1-39835-A-91.wav,test
unknown/1-39835-A-92.wav,train
unknown/1-39835-A-93.wav,test
unknown/1-39835-A-94.wav,train
unknown/1-39835-B-90.wav,train
unknown/1-39835-B-91.wav,train
unknown/1-39835-B-92.wav,train
unknown/1-39835-B-93.wav,train
unknown/1-39835-B-94.wav,test
unknown/1-39901-A-110.wav,train
unknown/1-39901-A-111.wav,train
unknown/1-39901-A-112.wav,train
unknown/1-39901-A-113.wav,train
unknown/1-39901-A-114.wav,train
unknown/1-39901-B-110.wav,test
unknown/1-39901-B-111.wav,train
unknown/1-39901-B-112.wav,train
unknown/1-39901-B-113.wav,train
unknown/1-39901-B-114.wav,test
unknown/1-39923-A-10.wav,train
unknown/1-39923-A-11.wav,test
unknown/1-39923-A-12.wav,test
unknown/1-39923-A-13.wav,test
unknown/1-39923-A-14.wav,train
unknown/1-39937-A-280.wav,train
unknown/1-39937-A-281.wav,train
unknown/1-39937-A-282.wav,train
unknown/1-39937-A-283.wav,train
unknown/1-39937-A-284.wav,train
unknown/1-40154-A-460.wav,test
unknown/1-40154-A-461.wav,train
unknown/1-40154-A-462.wav,train
unknown/1-40154-A-463.wav,train
unknown/1-40154-A-464.wav,train
unknown/1-40621-A-280.wav,test
unknown/1-40621-A-281.wav,train
unknown/1-40621-A-282.wav,train
unknown/1-40621-A-283.wav,train
unknown/1-40621-A-284.wav,train
unknown/1-40730-A-10.wav,train
unknown/1-40730-A-11.wav,train
unknown/1-40730-A-12.wav,test
unknown/1-40730-A-13.wav,train
unknown/1-40730-A-14.wav,train
unknown/1-40967-A-280.wav,train
unknown/1-40967-A-281.wav,train
unknown/1-40967-A-282.wav,test
unknown/1-40967-A-283.wav,train
unknown/1-40967-A-284.wav,train
unknown/1-41615-A-340.wav,test
unknown/1-41615-A-341.wav,test
unknown/1-41615-A-342.wav,train
unknown/1-41615-A-343.wav,train
unknown/1-41615-A-344.wav,train
unknown/1-4211-A-120.wav,train
unknown/1-4211-A-121.wav,test
unknown/1-4211-A-122.wav,train
unknown/1-4211-A-123.wav,train
unknown/1-4211-A-124.wav,train
unknown/1-42139-A-380.wav,train
unknown/1-42139-A-381.wav,train
unknown/1-42139-A-382.wav,train
unknown/1-42139-A-383.wav,test
unknown/1-42139-A-384.wav,train
unknown/1-43382-A-10.wav,train
unknown/1-43382-A-11.wav,train
unknown/1-43382-A-12.wav,train
unknown/1-43382-A-13.wav,train
unknown/1-43382-A-14.wav,train
unknown/1-43760-A-110.wav,train
unknown/1-43760-A-111.wav,train
unknown/1-43760-A-112.wav,train
unknown/1-43760-A-113.wav,train
unknown/1-43760-A-114.wav,train
unknown/1-43764-A-340.wav,test
unknown/1-43764-A-341.wav,train
unknown/1-43764-A-342.wav,train
unknown/1-43764-A-343.wav,train
unknown/1-43764-A-344.wav,train
unknown/1-43807-A-470.wav,test
unknown/1-43807-A-471.wav,train
unknown/1-43807-A-472.wav,train
unknown/1-43807-A-473.wav,test
unknown/1-43807-A-474.wav,train
unknown/1-43807-B-470.wav,test
unknown/1-43807-B-471.wav,train
unknown/1-43807-B-472.wav,train
unknown/1-43807-B-473.wav,train
unknown/1-43807-B-474.wav,train
unknown/1-43807-C-470.wav,train
unknown/1-43807-C-471.wav,train
unknown/1-43807-C-472.wav,train
unknown/1-43807-C-473.wav,test
unknown/1-43807-C-474.wav,test
unknown/1-43807-D-470.wav,test
unknown/1-43807-D-471.wav,train
unknown/1-43807-D-472.wav,test
unknown/1-43807-D-473.wav,test
unknown/1-43807-D-474.wav,train
unknown/1-44831-A-10.wav,test
unknown/1-44831-A-11.wav,test
unknown/1-44831-A-12.wav,train
unknown/1-44831-A-13.wav,train
unknown/1-44831-A-14.wav,test
unknown/1-45641-A-270.wav,train
unknown/1-45641-A-271.wav,train
unknown/1-45641-A-272.wav,test
unknown/1-45641-A-273.wav,train
unknown/1-45641-A-274.wav,train
unknown/1-45645-A-310.wav,train
unknown/1-45645-A-311.wav,train
unknown/1-45645-A-312.wav,test
unknown/1-45645-A-313.wav,train
unknown/1-45645-A-314.wav,train
unknown/1-46040-A-140.wav,train
unknown/1-46040-A-141.wav,test
unknown/1-46040-A-142.wav,train
unknown/1-46040-A-143.wav,train
unknown/1-46040-A-144.wav,train
unknown/1-46272-A-120.wav,train
unknown/1-46272-A-121.wav,train
unknown/1-46272-A-122.wav,train
unknown/1-46272-A-123.wav,train
unknown/1-46272-A-124.wav,train
unknown/1-46274-A-180.wav,train
unknown/1-46274-A-181.wav,train
unknown/1-46274-A-182.wav,train
unknown/1-46274-A-183.wav,train
unknown/1-46274-A-184.wav,train
unknown/1-46353-A-490.wav,train
unknown/1-46353-A-491.wav,train
unknown/1-46353-A-492.wav,train
unknown/1-46353-A-493.wav,test
unknown/1-46353-A-494.wav,train
unknown/1-46744-A-360.wav,test
unknown/1-46744-A-361.wav,train
unknown/1-46744-A-362.wav,train
unknown/1-46744-A-363.wav,train
unknown/1-46744-A-364.wav,train
unknown/1-46938-A-70.wav,train
unknown/1-46938-A-71.wav,train
unknown/1-46938-A-72.wav,train
unknown/1-46938-A-73.wav,train
unknown/1-46938-A-74.wav,train
unknown/1-46938-B-70.wav,train
unknown/1-46938-B-71.wav,train
unknown/1-46938-B-72.wav,train
unknown/1-46938-B-73.wav,train
unknown/1-46938-B-74.wav,train
unknown/1-47250-A-410.wav,train
unknown/1-47250-A-411.wav,train
unknown/1-47250-A-412.wav,train
unknown/1-47250-A-413.wav,train
unknown/1-47250-A-414.wav,train
unknown/1-47250-B-410.wav,test
unknown/1-47250-B-411.wav,train
unknown/1-47250-B-412.wav,test
unknown/1-47250-B-413.wav,train
unknown/1-47250-B-414.wav,train
unknown/1-47273-A-210.wav,test
unknown/1-47273-A-211.wav,train
unknown/1-47273-A-212.wav,train
unknown/1-47273-A-213.wav,train
unknown/1-47273-A-214.wav,train
unknown/1-47274-A-210.wav,train
unknown/1-47274-A-211.wav,train
unknown/1-47274-A-212.wav,train
unknown/1-47274-A-213.wav,train
unknown/1-47274-A-214.wav,train
unknown/1-47709-A-160.wav,train
unknown/1-47709-A-161.wav,test
unknown/1-47709-A-162.wav,train
unknown/1-47709-A-163.wav,train
unknown/1-47709-A-164.wav,train
unknown/1-47714-A-160.wav,train
unknown/1-47714-A-161.wav,train
unknown/1-47714-A-162.wav,train
unknown/1-47714-A-163.wav,train
unknown/1-47714-A-164.wav,train
unknown/1-47819-A-50.wav,train
unknown/1-47819-A-51.wav,train
unknown/1-47819-A-52.wav,train
unknown/1-47819-A-53.wav,test
unknown/1-47819-A-54.wav,train
unknown/1-47819-B-50.wav,test
unknown/1-47819-B-51.wav,train
unknown/1-47819-B-52.wav,train
unknown/1-47819-B-53.wav,train
unknown/1-47819-B-54.wav,test
unknown/1-47819-C-50.wav,train
unknown/1-47819-C-51.wav,train
unknown/1-47819-C-52.wav,train
unknown/1-47819-C-53.wav,train
unknown/1-47819-C-54.wav,train
unknown/1-47923-A-280.wav,train
unknown/1-47923-A-281.wav,train
unknown/1-47923-A-282.wav,train
unknown/1-47923-A-283.wav,train
unknown/1-47923-A-284.wav,train
unknown/1-48298-A-460.wav,test
unknown/1-48298-A-461.wav,train
unknown/1-48298-A-462.wav,test
unknown/1-48298-A-463.wav,train
unknown/1-48298-A-464.wav,train
unknown/1-48413-A-380.wav,train
unknown/1-48413-A-381.wav,train
unknown/1-48413-A-382.wav,train
unknown/1-48413-A-383.wav,train
unknown/1-48413-A-384.wav,train
unknown/1-49098-A-350.wav,train
unknown/1-49098-A-351.wav,train
unknown/1-49098-A-352.wav,test
unknown/1-49098-A-353.wav,train
unknown/1-49098-A-354.wav,test
unknown/1-49409-A-80.wav,train
unknown/1-49409-A-81.wav,train
unknown/1-49409-A-82.wav,train
unknown/1-49409-A-83.wav,train
unknown/1-49409-A-84.wav,test
unknown/1-49409-B-80.wav,train
unknown/1-49409-B-81.wav,train
unknown/1-49409-B-82.wav,train
unknown/1-49409-B-83.wav,train
unknown/1-49409-B-84.wav,train
unknown/1-50060-A-100.wav,train
unknown/1-50060-A-101.wav,test
unknown/1-50060-A-102.wav,train
unknown/1-50060-A-103.wav,train
unknown/1-50060-A-104.wav,train
unknown/1-50454-A-440.wav,train
unknown/1-50454-A-441.wav,train
unknown/1-50454-A-442.wav,train
unknown/1-50454-A-443.wav,test
unknown/1-50454-A-444.wav,train
unknown/1-50455-A-440.wav,train
unknown/1-50455-A-441.wav,train
unknown/1-50455-A-442.wav,test
unknown/1-50455-A-443.wav,train
unknown/1-50455-A-444.wav,train
unknown/1-50623-A-150.wav,test
unknown/1-50623-A-151.wav,train
unknown/1-50623-A-152.wav,train
unknown/1-50623-A-153.wav,train
unknown/1-50623-A-154.wav,train
unknown/1-50625-A-170.wav,train
unknown/1-50625-A-171.wav,train
unknown/1-50625-A-172.wav,train
unknown/1-50625-A-173.wav,train
unknown/1-50625-A-174.wav,test
unknown/1-50661-A-440.wav,train
unknown/1-50661-A-441.wav,train
unknown/1-50661-A-442.wav,train
unknown/1-50661-A-443.wav,test
unknown/1-50661-A-444.wav,train
unknown/1-50688-A-170.wav,train
unknown/1-50688-A-171.wav,train
unknown/1-50688-A-172.wav,train
unknown/1-50688-A-173.wav,train
unknown/1-50688-A-174.wav,train
unknown/1-51035-A-160.wav,train
unknown/1-51035-A-161.wav,train
unknown/1-51035-A-162.wav,train
unknown/1-51035-A-163.wav,train
unknown/1-51035-A-164.wav,test
unknown/1-51036-A-160.wav,train
unknown/1-51036-A-161.wav,train
unknown/1-51036-A-162.wav,train
unknown/1-51036-A-163.wav,train
unknown/1-51036-A-164.wav,train
unknown/1-51037-A-160.wav,train
unknown/1-51037-A-161.wav,train
unknown/1-51037-A-162.wav,train
unknown/1-51037-A-163.wav,train
unknown/1-51037-A-164.wav,test
unknown/1-51147-A-250.wav,test
unknown/1-51147-A-251.wav,test
unknown/1-51147-A-252.wav,train
unknown/1-51147-A-253.wav,train
unknown/1-51147-A-254.wav,train
unknown/1-51170-A-180.wav,train
unknown/1-51170-A-181.wav,test
unknown/1-51170-A-182.wav,train
unknown/1-51170-A-183.wav,test
unknown/1-51170-A-184.wav,test
unknown/1-51433-A-170.wav,train
unknown/1-51433-A-171.wav,train
unknown/1-51433-A-172.wav,test
unknown/1-51433-A-173.wav,train
unknown/1-51433-A-174.wav,train
unknown/1-51436-A-170.wav,train
unknown/1-51436-A-171.wav,test
unknown/1-51436-A-172.wav,train
unknown/1-51436-A-173.wav,train
unknown/1-51436-A-174.wav,train
unknown/1-51805-A-330.wav,train
unknown/1-51805-A-331.wav,train
unknown/1-51805-A-332.wav,train
unknown/1-51805-A-333.wav,train
unknown/1-51805-A-334.wav,train
unknown/1-51805-B-330.wav,test
unknown/1-51805-B-331.wav,test
unknown/1-51805-B-332.wav,test
unknown/1-51805-B-333.wav,train
unknown/1-51805-B-334.wav,train
unknown/1-51805-C-330.wav,train
unknown/1-51805-C-331.wav,train
unknown/1-51805-C-332.wav,train
unknown/1-51805-C-333.wav,train
unknown/1-51805-C-334.wav,test
unknown/1-51805-D-330.wav,train
unknown/1-51805-D-331.wav,test
unknown/1-51805-D-332.wav,train
unknown/1-51805-D-333.wav,train
unknown/1-51805-D-334.wav,test
unknown/1-51805-E-330.wav,train
unknown/1-51805-E-331.wav,train
unknown/1-51805-E-332.wav,train
unknown/1-51805-E-333.wav,train
unknown/1-51805-E-334.wav,train
unknown/1-51805-F-330.wav,train
unknown/1-51805-F-331.wav,test
unknown/1-51805-F-332.wav,train
unknown/1-51805-F-333.wav,train
unknown/1-51805-F-334.wav,train
unknown/1-51805-G-330.wav,test
unknown/1-51805-G-331.wav,test
unknown/1-51805-G-332.wav,train
unknown/1-51805-G-333.wav,train
unknown/1-51805-G-334.wav,train
unknown/1-51805-H-330.wav,train
unknown/1-51805-H-331.wav,test
unknown/1-51805-H-332.wav,train
unknown/1-51805-H-333.wav,train
unknown/1-51805-H-334.wav,train
unknown/1-52266-A-240.wav,test
unknown/1-52266-A-241.wav,test
unknown/1-52266-A-242.wav,train
unknown/1-52266-A-243.wav,train
unknown/1-52266-A-244.wav,test
unknown/1-52290-A-300.wav,train
unknown/1-52290-A-301.wav,test
unknown/1-52290-A-302.wav,train
unknown/1-52290-A-303.wav,test
unknown/1-52290-A-304.wav,train
unknown/1-52323-A-240.wav,train
unknown/1-52323-A-241.wav,train
unknown/1-52323-A-242.wav,test
unknown/1-52323-A-243.wav,train
unknown/1-52323-A-244.wav,train
unknown/1-53444-A-280.wav,train
unknown/1-53444-A-281.wav,test
unknown/1-53444-A-282.wav,train
unknown/1-53444-A-283.wav,train
unknown/1-53444-A-284.wav,train
unknown/1-53467-A-470.wav,train
unknown/1-53467-A-471.wav,train
unknown/1-53467-A-472.wav,train
unknown/1-53467-A-473.wav,train
unknown/1-53467-A-474.wav,test
unknown/1-53501-A-320.wav,train
unknown/1-53501-A-321.wav,train
unknown/1-53501-A-322.wav,train
unknown/1-53501-A-323.wav,train
unknown/1-53501-A-324.wav,train
unknown/1-53663-A-240.wav,train
unknown/1-53663-A-241.wav,test
unknown/1-53663-A-242.wav,train
unknown/1-53663-A-243.wav,test
unknown/1-53663-A-244.wav,train
unknown/1-53670-A-180.wav,train
unknown/1-53670-A-181.wav,train
unknown/1-53670-A-182.wav,train
unknown/1-53670-A-183.wav,train
unknown/1-53670-A-184.wav,train
unknown/1-54065-A-450.wav,train
unknown/1-54065-A-451.wav,test
unknown/1-54065-A-452.wav,test
unknown/1-54065-A-453.wav,test
unknown/1-54065-A-454.wav,train
unknown/1-54065-B-450.wav,train
unknown/1-54065-B-451.wav,train
unknown/1-54065-B-452.wav,train
unknown/1-54065-B-453.wav,train
unknown/1-54065-B-454.wav,train
unknown/1-54084-A-420.wav,train
unknown/1-54084-A-421.wav,train
unknown/1-54084-A-422.wav,train
unknown/1-54084-A-423.wav,test
unknown/1-54084-A-424.wav,train
unknown/1-54505-A-210.wav,train
unknown/1-54505-A-211.wav,train
unknown/1-54505-A-212.wav,train
unknown/1-54505-A-213.wav,train
unknown/1-54505-A-214.wav,train
unknown/1-54747-A-460.wav,train
unknown/1-54747-A-461.wav,train
unknown/1-54747-A-462.wav,train
unknown/1-54747-A-463.wav,train
unknown/1-54747-A-464.wav,train
unknown/1-54752-A-180.wav,test
unknown/1-54752-A-181.wav,train
unknown/1-54752-A-182.wav,test
unknown/1-54752-A-183.wav,train
unknown/1-54752-A-184.wav,train
unknown/1-54918-A-140.wav,train
unknown/1-54918-A-141.wav,train
unknown/1-54918-A-142.wav,train
unknown/1-54918-A-143.wav,train
unknown/1-54918-A-144.wav,train
unknown/1-54918-B-140.wav,train
unknown/1-54918-B-141.wav,train
unknown/1-54918-B-142.wav,train
unknown/1-54918-B-143.wav,train
unknown/1-54918-B-144.wav,train
unknown/1-54958-A-100.wav,test
unknown/1-54958-A-101.wav,train
unknown/1-54958-A-102.wav,test
unknown/1-54958-A-103.wav,train
unknown/1-54958-A-104.wav,train
unknown/1-56233-A-90.wav,train
unknown/1-56233-A-91.wav,test
unknown/1-56233-A-92.wav,test
unknown/1-56233-A-93.wav,test
unknown/1-56233-A-94.wav,test
unknown/1-56234-A-90.wav,test
unknown/1-56234-A-91.wav,train
unknown/1-56234-A-92.wav,train
unknown/1-56234-A-93.wav,train
unknown/1-56234-A-94.wav,test
unknown/1-56269-A-180.wav,train
unknown/1-56269-A-181.wav,train
unknown/1-56269-A-182.wav,train
unknown/1-56269-A-183.wav,train
unknown/1-56269-A-184.wav,train
unknown/1-56270-A-290.wav,train
unknown/1-56270-A-291.wav,train
unknown/1-56270-A-292.wav,train
unknown/1-56270-A-293.wav,test
unknown/1-56270-A-294.wav,train
unknown/1-56311-A-100.wav,train
unknown/1-56311-A-101.wav,train
unknown/1-56311-A-102.wav,train
unknown/1-56311-A-103.wav,train
unknown/1-56311-A-104.wav,test
unknown/1-56380-A-50.wav,train
unknown/1-56380-A-51.wav,train
unknown/1-56380-A-52.wav,train
unknown/1-56380-A-53.wav,train
unknown/1-56380-A-54.wav,train
unknown/1-56380-B-50.wav,train
unknown/1-56380-B-51.wav,train
unknown/1-56380-B-52.wav,train
unknown/1-56380-B-53.wav,train
unknown/1-56380-B-54.wav,train
unknown/1-56907-A-460.wav,train
unknown/1-56907-A-461.wav,train
unknown/1-56907-A-462.wav,train
unknown/1-56907-A-463.wav,train
unknown/1-56907-A-464.wav,train
unknown/1-57163-A-380.wav,train
unknown/1-57163-A-381.wav,train
unknown/1-57163-A-382.wav,train
unknown/1-57163-A-383.wav,train
unknown/1-57163-A-384.wav,train
unknown/1-57316-A-130.wav,train
unknown/1-57316-A-131.wav,train
unknown/1-57316-A-132.wav,train
unknown/1-57316-A-133.wav,train
unknown/1-57316-A-134.wav,train
unknown/1-57318-A-130.wav,test
unknown/1-57318-A-131.wav,train
unknown/1-57318-A-132.wav,train
unknown/1-57318-A-133.wav,train
unknown/1-57318-A-134.wav,train
unknown/1-57795-A-80.wav,test
unknown/1-57795-A-81.wav,train
unknown/1-57795-A-82.wav,test
unknown/1-57795-A-83.wav,train
unknown/1-57795-A-84.wav,train
unknown/1-58277-A-30.wav,train
unknown/1-58277-A-31.wav,train
unknown/1-58277-A-32.wav,train
unknown/1-58277-A-33.wav,train
unknown/1-58277-A-34.wav,train
unknown/1-58792-A-240.wav,train
unknown/1-58792-A-241.wav,train
unknown/1-58792-A-242.wav,train
unknown/1-58792-A-243.wav,train
unknown/1-58792-A-244.wav,train
unknown/1-58846-A-340.wav,train
unknown/1-58846-A-341.wav,train
unknown/1-58846-A-342.wav,train
unknown/1-58846-A-343.wav,train
unknown/1-58846-A-344.wav,train
unknown/1-58923-A-270.wav,test
unknown/1-58923-A-271.wav,train
unknown/1-58923-A-272.wav,train
unknown/1-58923-A-273.wav,train
unknown/1-58923-A-274.wav,train
unknown/1-58923-B-270.wav,train
unknown/1-58923-B-271.wav,test
unknown/1-58923-B-272.wav,train
unknown/1-58923-B-273.wav,train
unknown/1-58923-B-274.wav,train
unknown/1-59102-A-130.wav,train
unknown/1-59102-A-131.wav,train
unknown/1-59102-A-132.wav,train
unknown/1-59102-A-133.wav,train
unknown/1-59102-A-134.wav,train
unknown/1-59324-A-210.wav,train
unknown/1-59324-A-211.wav,train
unknown/1-59324-A-212.wav,train
unknown/1-59324-A-213.wav,train
unknown/1-59324-A-214.wav,train
unknown/1-59513-A-00.wav,train
unknown/1-59513-A-01.wav,test
unknown/1-59513-A-02.wav,train
unknown/1-59513-A-03.wav,train
unknown/1-59513-A-04.wav,test
unknown/1-5996-A-60.wav,train
unknown/1-5996-A-61.wav,train
unknown/1-5996-A-62.wav,train
unknown/1-5996-A-63.wav,train
unknown/1-5996-A-64.wav,train
unknown/1-60460-A-360.wav,train
unknown/1-60460-A-361.wav,train
unknown/1-60460-A-362.wav,train
unknown/1-60460-A-363.wav,train
unknown/1-60460-A-364.wav,train
unknown/1-60676-A-340.wav,test
unknown/1-60676-A-341.wav,train
unknown/1-60676-A-342.wav,train
unknown/1-60676-A-343.wav,train
unknown/1-60676-A-344.wav,train
unknown/1-60997-A-200.wav,test
unknown/1-60997-A-201.wav,train
unknown/1-60997-A-202.wav,train
unknown/1-60997-A-203.wav,train
unknown/1-60997-A-204.wav,train
unknown/1-60997-B-200.wav,train
unknown/1-60997-B-201.wav,train
unknown/1-60997-B-202.wav,train
unknown/1-60997-B-203.wav,train
unknown/1-60997-B-204.wav,train
unknown/1-61212-A-320.wav,train
unknown/1-61212-A-321.wav,train
unknown/1-61212-A-322.wav,train
unknown/1-61212-A-323.wav,train
unknown/1-61212-A-324.wav,train
unknown/1-61221-A-170.wav,train
unknown/1-61221-A-171.wav,train
unknown/1-61221-A-172.wav,train
unknown/1-61221-A-173.wav,train
unknown/1-61221-A-174.wav,train
unknown/1-61252-A-110.wav,train
unknown/1-61252-A-111.wav,test
unknown/1-61252-A-112.wav,train
unknown/1-61252-A-113.wav,train
unknown/1-61252-A-114.wav,test
unknown/1-61261-A-440.wav,test
unknown/1-61261-A-441.wav,train
unknown/1-61261-A-442.wav,train
unknown/1-61261-A-443.wav,test
unknown/1-61261-A-444.wav,train
unknown/1-61534-A-270.wav,train
unknown/1-61534-A-271.wav,test
unknown/1-61534-A-272.wav,train
unknown/1-61534-A-273.wav,train
unknown/1-61534-A-274.wav,train
unknown/1-62509-A-450.wav,train
unknown/1-62509-A-451.wav,train
unknown/1-62509-A-452.wav,train
unknown/1-62509-A-453.wav,train
unknown/1-62509-A-454.wav,train
unknown/1-62565-A-440.wav,test
unknown/1-62565-A-441.wav,train
unknown/1-62565-A-442.wav,test
unknown/1-62565-A-443.wav,train
unknown/1-62565-A-444.wav,train
unknown/1-62594-A-320.wav,train
unknown/1-62594-A-321.wav,train
unknown/1-62594-A-322.wav,train
unknown/1-62594-A-323.wav,train
unknown/1-62594-A-324.wav,test
unknown/1-62849-A-380.wav,train
unknown/1-62849-A-381.wav,train
unknown/1-62849-A-382.wav,train
unknown/1-62849-A-383.wav,train
unknown/1-62849-A-384.wav,train
unknown/1-62850-A-380.wav,test
unknown/1-62850-A-381.wav,train
unknown/1-62850-A-382.wav,train
unknown/1-62850-A-383.wav,train
unknown/1-62850-A-384.wav,train
unknown/1-63679-A-240.wav,test
unknown/1-63679-A-241.wav,train
unknown/1-63679-A-242.wav,train
unknown/1-63679-A-243.wav,train
unknown/1-63679-A-244.wav,train
unknown/1-63871-A-100.wav,train
unknown/1-63871-A-101.wav,train
unknown/1-63871-A-102.wav,train
unknown/1-63871-A-103.wav,train
unknown/1-63871-A-104.wav,train
unknown/1-64398-A-410.wav,train
unknown/1-64398-A-411.wav,test
unknown/1-64398-A-412.wav,train
unknown/1-64398-A-413.wav,train
unknown/1-64398-A-414.wav,train
unknown/1-64398-B-410.wav,train
unknown/1-64398-B-411.wav,train
unknown/1-64398-B-412.wav,train
unknown/1-64398-B-413.wav,train
unknown/1-64398-B-414.wav,train
unknown/1-64473-A-450.wav,train
unknown/1-64473-A-451.wav,test
unknown/1-64473-A-452.wav,train
unknown/1-64473-A-453.wav,train
unknown/1-64473-A-454.wav,train
unknown/1-65483-A-130.wav,test
unknown/1-65483-A-131.wav,train
unknown/1-65483-A-132.wav,train
unknown/1-65483-A-133.wav,train
unknown/1-65483-A-134.wav,train
unknown/1-67033-A-370.wav,train
unknown/1-67033-A-371.wav,test
unknown/1-67033-A-372.wav,train
unknown/1-67033-A-373.wav,train
unknown/1-67033-A-374.wav,train
unknown/1-67152-A-170.wav,train
unknown/1-67152-A-171.wav,train
unknown/1-67152-A-172.wav,train
unknown/1-67152-A-173.wav,train
unknown/1-67152-A-174.wav,train
unknown/1-67230-A-290.wav,train
unknown/1-67230-A-291.wav,train
unknown/1-67230-A-292.wav,train
unknown/1-67230-A-293.wav,train
unknown/1-67230-A-294.wav,test
unknown/1-67432-A-270.wav,test
unknown/1-67432-A-271.wav,train
unknown/1-67432-A-272.wav,test
unknown/1-67432-A-273.wav,train
unknown/1-67432-A-274.wav,train
unknown/1-68628-A-270.wav,train
unknown/1-68628-A-271.wav,train
unknown/1-68628-A-272.wav,train
unknown/1-68628-A-273.wav,train
unknown/1-68628-A-274.wav,train
unknown/1-68670-A-340.wav,train
unknown/1-68670-A-341.wav,train
unknown/1-68670-A-342.wav,train
unknown/1-68670-A-343.wav,train
unknown/1-68670-A-344.wav,test
unknown/1-68734-A-340.wav,train
unknown/1-68734-A-341.wav,train
unknown/1-68734-A-342.wav,test
unknown/1-68734-A-343.wav,train
unknown/1-68734-A-344.wav,train
unknown/1-69165-A-340.wav,test
unknown/1-69165-A-341.wav,train
unknown/1-69165-A-342.wav,train
unknown/1-69165-A-343.wav,train
unknown/1-69165-A-344.wav,train
unknown/1-69422-A-30.wav,train
unknown/1-69422-A-31.wav,train
unknown/1-69422-A-32.wav,train
unknown/1-69422-A-33.wav,test
unknown/1-69422-A-34.wav,train
unknown/1-69641-A-30.wav,train
unknown/1-69641-A-31.wav,test
unknown/1-69641-A-32.wav,train
unknown/1-69641-A-33.wav,test
unknown/1-69641-A-34.wav,test
unknown/1-69760-A-160.wav,test
unknown/1-69760-A-161.wav,train
unknown/1-69760-A-162.wav,train
unknown/1-69760-A-163.wav,train
unknown/1-69760-A-164.wav,train
unknown/1-70300-A-450.wav,test
unknown/1-70300-A-451.wav,test
unknown/1-70300-A-452.wav,train
unknown/1-70300-A-453.wav,test
unknown/1-70300-A-454.wav,train
unknown/1-7057-A-120.wav,train
unknown/1-7057-A-121.wav,train
unknown/1-7057-A-122.wav,train
unknown/1-7057-A-123.wav,train
unknown/1-7057-A-124.wav,train
unknown/1-71030-A-60.wav,train
unknown/1-71030-A-61.wav,train
unknown/1-71030-A-62.wav,train
unknown/1-71030-A-63.wav,train
unknown/1-71030-A-64.wav,train
unknown/1-72195-A-370.wav,train
unknown/1-72195-A-371.wav,train
unknown/1-72195-A-372.wav,train
unknown/1-72195-A-373.wav,test
unknown/1-72195-A-374.wav,test
unknown/1-72195-B-370.wav,train
unknown/1-72195-B-371.wav,train
unknown/1-72195-B-372.wav,test
unknown/1-72195-B-373.wav,test
unknown/1-72195-B-374.wav,train
unknown/1-72229-A-60.wav,train
unknown/1-72229-A-61.wav,train
unknown/1-72229-A-62.wav,train
unknown/1-72229-A-63.wav,train
unknown/1-72229-A-64.wav,train
unknown/1-72229-B-60.wav,train
unknown/1-72229-B-61.wav,train
unknown/1-72229-B-62.wav,train
unknown/1-72229-B-63.wav,test
unknown/1-72229-B-64.wav,test
unknown/1-72695-A-260.wav,train
unknown/1-72695-A-261.wav,train
unknown/1-72695-A-262.wav,test
unknown/1-72695-A-263.wav,train
unknown/1-72695-A-264.wav,train
unknown/1-73123-A-260.wav,test
unknown/1-73123-A-261.wav,test
unknown/1-73123-A-262.wav,test
unknown/1-73123-A-263.wav,train
unknown/1-73123-A-264.wav,test
unknown/1-73585-A-70.wav,train
unknown/1-73585-A-71.wav,train
unknown/1-73585-A-72.wav,train
unknown/1-73585-A-73.wav,test
unknown/1-73585-A-74.wav,train
unknown/1-74517-A-370.wav,train
unknown/1-74517-A-371.wav,train
unknown/1-74517-A-372.wav,train
unknown/1-74517-A-373.wav,train
unknown/1-74517-A-374.wav,train
unknown/1-7456-A-130.wav,train
unknown/1-7456-A-131.wav,train
unknown/1-7456-A-132.wav,train
unknown/1-7456-A-133.wav,train
unknown/1-7456-A-134.wav,test
unknown/1-75162-A-90.wav,train
unknown/1-75162-A-91.wav,train
unknown/1-75162-A-92.wav,test
unknown/1-75162-A-93.wav,train
unknown/1-75162-A-94.wav,test
unknown/1-75189-A-70.wav,train
unknown/1-75189-A-71.wav,train
unknown/1-75189-A-72.wav,test
unknown/1-75189-A-73.wav,train
unknown/1-75189-A-74.wav,train
unknown/1-75190-A-80.wav,train
unknown/1-75190-A-81.wav,train
unknown/1-75190-A-82.wav,train
unknown/1-75190-A-83.wav,train
unknown/1-75190-A-84.wav,train
unknown/1-76831-A-420.wav,train
unknown/1-76831-A-421.wav,train
unknown/1-76831-A-422.wav,train
unknown/1-76831-A-423.wav,train
unknown/1-76831-A-424.wav,train
unknown/1-76831-B-420.wav,train
unknown/1-76831-B-421.wav,train
unknown/1-76831-B-422.wav,train
unknown/1-76831-B-423.wav,train
unknown/1-76831-B-424.wav,train
unknown/1-76831-C-420.wav,train
unknown/1-76831-C-421.wav,train
unknown/1-76831-C-422.wav,train
unknown/1-76831-C-423.wav,test
unknown/1-76831-C-424.wav,test
unknown/1-76831-D-420.wav,test
unknown/1-76831-D-421.wav,train
unknown/1-76831-D-422.wav,train
unknown/1-76831-D-423.wav,train
unknown/1-76831-D-424.wav,train
unknown/1-76831-E-420.wav,train
unknown/1-76831-E-421.wav,train
unknown/1-76831-E-422.wav,test
unknown/1-76831-E-423.wav,train
unknown/1-76831-E-424.wav,train
unknown/1-77160-A-30.wav,train
unknown/1-77160-A-31.wav,train
unknown/1-77160-A-32.wav,train
unknown/1-77160-A-33.wav,train
unknown/1-77160-A-34.wav,train
unknown/1-77241-A-30.wav,test
unknown/1-77241-A-31.wav,train
unknown/1-77241-A-32.wav,train
unknown/1-77241-A-33.wav,train
unknown/1-77241-A-34.wav,train
unknown/1-79113-A-50.wav,train
unknown/1-79113-A-51.wav,train
unknown/1-79113-A-52.wav,test
unknown/1-79113-A-53.wav,train
unknown/1-79113-A-54.wav,test
unknown/1-79146-A-290.wav,train
unknown/1-79146-A-291.wav,test
unknown/1-79146-A-292.wav,test
unknown/1-79146-A-293.wav,test
unknown/1-79146-A-294.wav,train
unknown/1-79220-A-170.wav,train
unknown/1-79220-A-171.wav,train
unknown/1-79220-A-172.wav,train
unknown/1-79220-A-173.wav,train
unknown/1-79220-A-174.wav,train
unknown/1-79236-A-360.wav,train
unknown/1-79236-A-361.wav,test
unknown/1-79236-A-362.wav,train
unknown/1-79236-A-363.wav,train
unknown/1-79236-A-364.wav,train
unknown/1-79711-A-320.wav,train
unknown/1-79711-A-321.wav,train
unknown/1-79711-A-322.wav,train
unknown/1-79711-A-323.wav,train
unknown/1-79711-A-324.wav,train
unknown/1-7973-A-70.wav,train
unknown/1-7973-A-71.wav,train
unknown/1-7973-A-72.wav,train
unknown/1-7973-A-73.wav,train
unknown/1-7973-A-74.wav,train
unknown/1-7973-A-7_1002.wav,train
unknown/1-7974-A-490.wav,train
unknown/1-7974-A-491.wav,train
unknown/1-7974-A-492.wav,train
unknown/1-7974-A-493.wav,train
unknown/1-7974-A-494.wav,train
unknown/1-7974-B-490.wav,train
unknown/1-7974-B-491.wav,test
unknown/1-7974-B-492.wav,train
unknown/1-7974-B-493.wav,train
unknown/1-7974-B-494.wav,train
unknown/1-80785-A-70.wav,test
unknown/1-80785-A-71.wav,train
unknown/1-80785-A-72.wav,test
unknown/1-80785-A-73.wav,train
unknown/1-80785-A-74.wav,train
unknown/1-80840-A-130.wav,train
unknown/1-80840-A-131.wav,test
unknown/1-80840-A-132.wav,train
unknown/1-80840-A-133.wav,test
unknown/1-80840-A-134.wav,train
unknown/1-80841-A-130.wav,train
unknown/1-80841-A-131.wav,train
unknown/1-80841-A-132.wav,train
unknown/1-80841-A-133.wav,train
unknown/1-80841-A-134.wav,test
unknown/1-81001-A-300.wav,train
unknown/1-81001-A-301.wav,train
unknown/1-81001-A-302.wav,train
unknown/1-81001-A-303.wav,train
unknown/1-81001-A-304.wav,train
unknown/1-81001-B-300.wav,test
unknown/1-81001-B-301.wav,train
unknown/1-81001-B-302.wav,train
unknown/1-81001-B-303.wav,train
unknown/1-81001-B-304.wav,train
unknown/1-81269-A-30.wav,train
unknown/1-81269-A-31.wav,train
unknown/1-81269-A-32.wav,test
unknown/1-81269-A-33.wav,train
unknown/1-81269-A-34.wav,train
unknown/1-81851-A-310.wav,test
unknown/1-81851-A-311.wav,test
unknown/1-81851-A-312.wav,test
unknown/1-81851-A-313.wav,train
unknown/1-81851-A-314.wav,train
unknown/1-81883-A-210.wav,train
unknown/1-81883-A-211.wav,train
unknown/1-81883-A-212.wav,train
unknown/1-81883-A-213.wav,train
unknown/1-81883-A-214.wav,train
unknown/1-82817-A-300.wav,train
unknown/1-82817-A-301.wav,train
unknown/1-82817-A-302.wav,test
unknown/1-82817-A-303.wav,train
unknown/1-82817-A-304.wav,train
unknown/1-84393-A-320.wav,test
unknown/1-84393-A-321.wav,train
unknown/1-84393-A-322.wav,test
unknown/1-84393-A-323.wav,train
unknown/1-84393-A-324.wav,train
unknown/1-84536-A-390.wav,train
unknown/1-84536-A-391.wav,train
unknown/1-84536-A-392.wav,train
unknown/1-84536-A-393.wav,train
unknown/1-84536-A-394.wav,train
unknown/1-84704-A-390.wav,train
unknown/1-84704-A-391.wav,test
unknown/1-84704-A-392.wav,test
unknown/1-84704-A-393.wav,test
unknown/1-84704-A-394.wav,train
unknown/1-84705-A-390.wav,train
unknown/1-84705-A-391.wav,train
unknown/1-84705-A-392.wav,train
unknown/1-84705-A-393.wav,train
unknown/1-84705-A-394.wav,train
unknown/1-85123-A-310.wav,train
unknown/1-85123-A-311.wav,train
unknown/1-85123-A-312.wav,train
unknown/1-85123-A-313.wav,train
unknown/1-85123-A-314.wav,test
unknown/1-85168-A-390.wav,train
unknown/1-85168-A-391.wav,train
unknown/1-85168-A-392.wav,test
unknown/1-85168-A-393.wav,train
unknown/1-85168-A-394.wav,train
unknown/1-85184-A-390.wav,train
unknown/1-85184-A-391.wav,train
unknown/1-85184-A-392.wav,train
unknown/1-85184-A-393.wav,train
unknown/1-85184-A-394.wav,test
unknown/1-85362-A-00.wav,train
unknown/1-85362-A-01.wav,train
unknown/1-85362-A-02.wav,train
unknown/1-85362-A-03.wav,train
unknown/1-85362-A-04.wav,train
unknown/1-85909-A-290.wav,train
unknown/1-85909-A-291.wav,train
unknown/1-85909-A-292.wav,train
unknown/1-85909-A-293.wav,test
unknown/1-85909-A-294.wav,train
unknown/1-87565-A-290.wav,train
unknown/1-87565-A-291.wav,test
unknown/1-87565-A-292.wav,train
unknown/1-87565-A-293.wav,train
unknown/1-87565-A-294.wav,train
unknown/1-88409-A-450.wav,train
unknown/1-88409-A-451.wav,train
unknown/1-88409-A-452.wav,train
unknown/1-88409-A-453.wav,train
unknown/1-88409-A-454.wav,test
unknown/1-88409-B-450.wav,train
unknown/1-88409-B-451.wav,train
unknown/1-88409-B-452.wav,train
unknown/1-88409-B-453.wav,test
unknown/1-88409-B-454.wav,train
unknown/1-88574-A-80.wav,train
unknown/1-88574-A-81.wav,train
unknown/1-88574-A-82.wav,train
unknown/1-88574-A-83.wav,train
unknown/1-88574-A-84.wav,train
unknown/1-88807-A-390.wav,test
unknown/1-88807-A-391.wav,train
unknown/1-88807-A-392.wav,test
unknown/1-88807-A-393.wav,train
unknown/1-88807-A-394.wav,train
unknown/1-90797-A-150.wav,train
unknown/1-90797-A-151.wav,train
unknown/1-90797-A-152.wav,test
unknown/1-90797-A-153.wav,train
unknown/1-90797-A-154.wav,train
unknown/1-91359-A-110.wav,train
unknown/1-91359-A-111.wav,test
unknown/1-91359-A-112.wav,train
unknown/1-91359-A-113.wav,train
unknown/1-91359-A-114.wav,train
unknown/1-91359-B-110.wav,train
unknown/1-91359-B-111.wav,train
unknown/1-91359-B-112.wav,train
unknown/1-91359-B-113.wav,train
unknown/1-91359-B-114.wav,test
unknown/1-94036-A-220.wav,train
unknown/1-94036-A-221.wav,test
unknown/1-94036-A-222.wav,train
unknown/1-94036-A-223.wav,train
unknown/1-94036-A-224.wav,test
unknown/1-94231-A-320.wav,test
unknown/1-94231-A-321.wav,train
unknown/1-94231-A-322.wav,test
unknown/1-94231-A-323.wav,train
unknown/1-94231-A-324.wav,train
unknown/1-94231-B-320.wav,train
unknown/1-94231-B-321.wav,train
unknown/1-94231-B-322.wav,train
unknown/1-94231-B-323.wav,test
unknown/1-94231-B-324.wav,train
unknown/1-95563-A-310.wav,train
unknown/1-95563-A-311.wav,train
unknown/1-95563-A-312.wav,train
unknown/1-95563-A-313.wav,train
unknown/1-95563-A-314.wav,train
unknown/1-96890-A-370.wav,train
unknown/1-96890-A-371.wav,train
unknown/1-96890-A-372.wav,train
unknown/1-96890-A-373.wav,test
unknown/1-96890-A-374.wav,train
unknown/1-96950-A-90.wav,train
unknown/1-96950-A-91.wav,train
unknown/1-96950-A-92.wav,train
unknown/1-96950-A-93.wav,train
unknown/1-96950-A-94.wav,train
unknown/1-96950-B-90.wav,train
unknown/1-96950-B-91.wav,train
unknown/1-96950-B-92.wav,train
unknown/1-96950-B-93.wav,test
unknown/1-96950-B-94.wav,test
unknown/1-97392-A-00.wav,train
unknown/1-97392-A-01.wav,train
unknown/1-97392-A-02.wav,train
unknown/1-97392-A-03.wav,train
unknown/1-97392-A-04.wav,train
unknown/1-977-A-390.wav,train
unknown/1-977-A-391.wav,train
unknown/1-977-A-392.wav,train
unknown/1-977-A-393.wav,test
unknown/1-977-A-394.wav,test
unknown/1-97793-A-310.wav,train
unknown/1-97793-A-311.wav,train
unknown/1-97793-A-312.wav,train
unknown/1-97793-A-313.wav,train
unknown/1-97793-A-314.wav,train
unknown/1-9841-A-130.wav,test
unknown/1-9841-A-131.wav,train
unknown/1-9841-A-132.wav,train
unknown/1-9841-A-133.wav,train
unknown/1-9841-A-134.wav,test
unknown/1-9886-A-490.wav,train
unknown/1-9886-A-491.wav,train
unknown/1-9886-A-492.wav,train
unknown/1-9886-A-493.wav,train
unknown/1-9886-A-494.wav,train
unknown/1-9887-A-490.wav,test
unknown/1-9887-A-491.wav,train
unknown/1-9887-A-492.wav,train
unknown/1-9887-A-493.wav,train
unknown/1-9887-A-494.wav,test
unknown/1-9887-B-490.wav,train
unknown/1-9887-B-491.wav,train
unknown/1-9887-B-492.wav,train
unknown/1-9887-B-493.wav,test
unknown/1-9887-B-494.wav,train
unknown/1-99958-A-310.wav,train
unknown/1-99958-A-311.wav,test
unknown/1-99958-A-312.wav,test
unknown/1-99958-A-313.wav,train
unknown/1-99958-A-314.wav,test
unknown/2-100648-A-430.wav,train
unknown/2-100648-A-431.wav,train
unknown/2-100648-A-432.wav,train
unknown/2-100648-A-433.wav,train
unknown/2-100648-A-434.wav,train
unknown/2-100786-A-10.wav,train
unknown/2-100786-A-11.wav,train
unknown/2-100786-A-12.wav,train
unknown/2-100786-A-13.wav,train
unknown/2-100786-A-14.wav,train
unknown/2-101676-A-100.wav,train
unknown/2-101676-A-101.wav,train
unknown/2-101676-A-102.wav,train
unknown/2-101676-A-103.wav,train
unknown/2-101676-A-104.wav,train
unknown/2-102414-A-170.wav,train
unknown/2-102414-A-171.wav,train
unknown/2-102414-A-172.wav,train
unknown/2-102414-A-173.wav,train
unknown/2-102414-A-174.wav,train
unknown/2-102414-B-170.wav,train
unknown/2-102414-B-171.wav,train
unknown/2-102414-B-172.wav,train
unknown/2-102414-B-173.wav,train
unknown/2-102414-B-174.wav,train
unknown/2-102414-C-170.wav,test
unknown/2-102414-C-171.wav,test
unknown/2-102414-C-172.wav,train
unknown/2-102414-C-173.wav,train
unknown/2-102414-C-174.wav,train
unknown/2-102414-D-170.wav,train
unknown/2-102414-D-171.wav,test
unknown/2-102414-D-172.wav,test
unknown/2-102414-D-173.wav,train
unknown/2-102414-D-174.wav,train
unknown/2-102414-E-170.wav,train
unknown/2-102414-E-171.wav,train
unknown/2-102414-E-172.wav,train
unknown/2-102414-E-173.wav,train
unknown/2-102414-E-174.wav,train
unknown/2-102414-F-170.wav,train
unknown/2-102414-F-171.wav,train
unknown/2-102414-F-172.wav,test
unknown/2-102414-F-173.wav,test
unknown/2-102414-F-174.wav,train
unknown/2-102414-G-170.wav,train
unknown/2-102414-G-171.wav,test
unknown/2-102414-G-172.wav,test
unknown/2-102414-G-173.wav,test
unknown/2-102414-G-174.wav,test
unknown/2-102435-A-370.wav,test
unknown/2-102435-A-371.wav,train
unknown/2-102435-A-372.wav,train
unknown/2-102435-A-373.wav,train
unknown/2-102435-A-374.wav,train
unknown/2-102567-A-350.wav,test
unknown/2-102567-A-351.wav,train
unknown/2-102567-A-352.wav,train
unknown/2-102567-A-353.wav,train
unknown/2-102567-A-354.wav,test
unknown/2-102567-B-350.wav,train
unknown/2-102567-B-351.wav,test
unknown/2-102567-B-352.wav,train
unknown/2-102567-B-353.wav,test
unknown/2-102567-B-354.wav,test
unknown/2-102567-C-350.wav,train
unknown/2-102567-C-351.wav,train
unknown/2-102567-C-352.wav,train
unknown/2-102567-C-353.wav,train
unknown/2-102567-C-354.wav,train
unknown/2-102567-D-350.wav,test
unknown/2-102567-D-351.wav,train
unknown/2-102567-D-352.wav,train
unknown/2-102567-D-353.wav,test
unknown/2-102567-D-354.wav,train
unknown/2-102568-A-350.wav,train
unknown/2-102568-A-351.wav,train
unknown/2-102568-A-352.wav,train
unknown/2-102568-A-353.wav,test
unknown/2-102568-A-354.wav,train
unknown/2-102581-A-290.wav,train
unknown/2-102581-A-291.wav,test
unknown/2-102581-A-292.wav,train
unknown/2-102581-A-293.wav,train
unknown/2-102581-A-294.wav,train
unknown/2-102581-B-290.wav,train
unknown/2-102581-B-291.wav,train
unknown/2-102581-B-292.wav,train
unknown/2-102581-B-293.wav,train
unknown/2-102581-B-294.wav,train
unknown/2-102852-A-110.wav,train
unknown/2-102852-A-111.wav,train
unknown/2-102852-A-112.wav,train
unknown/2-102852-A-113.wav,train
unknown/2-102852-A-114.wav,train
unknown/2-103423-A-30.wav,train
unknown/2-103423-A-31.wav,train
unknown/2-103423-A-32.wav,train
unknown/2-103423-A-33.wav,train
unknown/2-103423-A-34.wav,train
unknown/2-103424-A-30.wav,train
unknown/2-103424-A-31.wav,train
unknown/2-103424-A-32.wav,train
unknown/2-103424-A-33.wav,train
unknown/2-103424-A-34.wav,test
unknown/2-103426-A-30.wav,test
unknown/2-103426-A-31.wav,train
unknown/2-103426-A-32.wav,train
unknown/2-103426-A-33.wav,train
unknown/2-103426-A-34.wav,train
unknown/2-103427-A-30.wav,train
unknown/2-103427-A-31.wav,train
unknown/2-103427-A-32.wav,test
unknown/2-103427-A-33.wav,train
unknown/2-103427-A-34.wav,train
unknown/2-103428-A-30.wav,test
unknown/2-103428-A-31.wav,train
unknown/2-103428-A-32.wav,train
unknown/2-103428-A-33.wav,train
unknown/2-103428-A-34.wav,test
unknown/2-104105-A-190.wav,train
unknown/2-104105-A-191.wav,train
unknown/2-104105-A-192.wav,train
unknown/2-104105-A-193.wav,train
unknown/2-104105-A-194.wav,test
unknown/2-104105-B-190.wav,train
unknown/2-104105-B-191.wav,train
unknown/2-104105-B-192.wav,train
unknown/2-104105-B-193.wav,train
unknown/2-104105-B-194.wav,train
unknown/2-104168-A-320.wav,train
unknown/2-104168-A-321.wav,train
unknown/2-104168-A-322.wav,train
unknown/2-104168-A-323.wav,train
unknown/2-104168-A-324.wav,train
unknown/2-104475-A-370.wav,test
unknown/2-104475-A-371.wav,test
unknown/2-104475-A-372.wav,train
unknown/2-104475-A-373.wav,test
unknown/2-104475-A-374.wav,train
unknown/2-104476-A-370.wav,test
unknown/2-104476-A-371.wav,train
unknown/2-104476-A-372.wav,test
unknown/2-104476-A-373.wav,train
unknown/2-104476-A-374.wav,train
unknown/2-104877-A-30.wav,train
unknown/2-104877-A-31.wav,train
unknown/2-104877-A-32.wav,train
unknown/2-104877-A-33.wav,train
unknown/2-104877-A-34.wav,train
unknown/2-104952-A-160.wav,train
unknown/2-104952-A-161.wav,train
unknown/2-104952-A-162.wav,train
unknown/2-104952-A-163.wav,train
unknown/2-104952-A-164.wav,train
unknown/2-104952-B-160.wav,test
unknown/2-104952-B-161.wav,train
unknown/2-104952-B-162.wav,train
unknown/2-104952-B-163.wav,train
unknown/2-104952-B-164.wav,train
unknown/2-105270-A-470.wav,train
unknown/2-105270-A-471.wav,test
unknown/2-105270-A-472.wav,train
unknown/2-105270-A-473.wav,train
unknown/2-105270-A-474.wav,train
unknown/2-106014-A-440.wav,train
unknown/2-106014-A-441.wav,train
unknown/2-106014-A-442.wav,train
unknown/2-106014-A-443.wav,train
unknown/2-106014-A-444.wav,train
unknown/2-106015-A-440.wav,train
unknown/2-106015-A-441.wav,train
unknown/2-106015-A-442.wav,train
unknown/2-106015-A-443.wav,train
unknown/2-106015-A-444.wav,train
unknown/2-106015-B-440.wav,train
unknown/2-106015-B-441.wav,train
unknown/2-106015-B-442.wav,train
unknown/2-106015-B-443.wav,train
unknown/2-106015-B-444.wav,test
unknown/2-106019-A-130.wav,train
unknown/2-106019-A-131.wav,train
unknown/2-106019-A-132.wav,train
unknown/2-106019-A-133.wav,train
unknown/2-106019-A-134.wav,train
unknown/2-106072-A-360.wav,train
unknown/2-106072-A-361.wav,train
unknown/2-106072-A-362.wav,train
unknown/2-106072-A-363.wav,train
unknown/2-106072-A-364.wav,test
unknown/2-106073-A-360.wav,train
unknown/2-106073-A-361.wav,test
unknown/2-106073-A-362.wav,test
unknown/2-106073-A-363.wav,train
unknown/2-106073-A-364.wav,train
unknown/2-106486-A-440.wav,test
unknown/2-106486-A-441.wav,train
unknown/2-106486-A-442.wav,test
unknown/2-106486-A-443.wav,train
unknown/2-106486-A-444.wav,test
unknown/2-106487-A-440.wav,train
unknown/2-106487-A-441.wav,train
unknown/2-106487-A-442.wav,test
unknown/2-106487-A-443.wav,test
unknown/2-106487-A-444.wav,test
unknown/2-106849-A-470.wav,train
unknown/2-106849-A-471.wav,train
unknown/2-106849-A-472.wav,train
unknown/2-106849-A-473.wav,train
unknown/2-106849-A-474.wav,train
unknown/2-106881-A-390.wav,train
unknown/2-106881-A-391.wav,train
unknown/2-106881-A-392.wav,train
unknown/2-106881-A-393.wav,train
unknown/2-106881-A-394.wav,train
unknown/2-107228-A-440.wav,train
unknown/2-107228-A-441.wav,train
unknown/2-107228-A-442.wav,train
unknown/2-107228-A-443.wav,test
unknown/2-107228-A-444.wav,train
unknown/2-107228-B-440.wav,train
unknown/2-107228-B-441.wav,train
unknown/2-107228-B-442.wav,train
unknown/2-107228-B-443.wav,train
unknown/2-107228-B-444.wav,train
unknown/2-107351-A-200.wav,train
unknown/2-107351-A-201.wav,train
unknown/2-107351-A-202.wav,train
unknown/2-107351-A-203.wav,train
unknown/2-107351-A-204.wav,train
unknown/2-107351-B-200.wav,train
unknown/2-107351-B-201.wav,train
unknown/2-107351-B-202.wav,train
unknown/2-107351-B-203.wav,train
unknown/2-107351-B-204.wav,train
unknown/2-108017-A-240.wav,train
unknown/2-108017-A-241.wav,train
unknown/2-108017-A-242.wav,train
unknown/2-108017-A-243.wav,train
unknown/2-108017-A-244.wav,train
unknown/2-108760-A-140.wav,train
unknown/2-108760-A-141.wav,train
unknown/2-108760-A-142.wav,test
unknown/2-108760-A-143.wav,train
unknown/2-108760-A-144.wav,train
unknown/2-108760-B-140.wav,train
unknown/2-108760-B-141.wav,test
unknown/2-108760-B-142.wav,train
unknown/2-108760-B-143.wav,train
unknown/2-108760-B-144.wav,train
unknown/2-108761-A-140.wav,train
unknown/2-108761-A-141.wav,train
unknown/2-108761-A-142.wav,train
unknown/2-108761-A-143.wav,train
unknown/2-108761-A-144.wav,test
unknown/2-108763-A-90.wav,train
unknown/2-108763-A-91.wav,train
unknown/2-108763-A-92.wav,train
unknown/2-108763-A-93.wav,train
unknown/2-108763-A-94.wav,train
unknown/2-108766-A-90.wav,train
unknown/2-108766-A-91.wav,train
unknown/2-108766-A-92.wav,train
unknown/2-108766-A-93.wav,train
unknown/2-108766-A-94.wav,test
unknown/2-108767-A-90.wav,train
unknown/2-108767-A-91.wav,train
unknown/2-108767-A-92.wav,train
unknown/2-108767-A-93.wav,train
unknown/2-108767-A-94.wav,train
unknown/2-108767-B-90.wav,train
unknown/2-108767-B-91.wav,train
unknown/2-108767-B-92.wav,train
unknown/2-108767-B-93.wav,train
unknown/2-108767-B-94.wav,train
unknown/2-108767-C-90.wav,train
unknown/2-108767-C-91.wav,train
unknown/2-108767-C-92.wav,test
unknown/2-108767-C-93.wav,test
unknown/2-108767-C-94.wav,train
unknown/2-109231-A-90.wav,train
unknown/2-109231-A-91.wav,train
unknown/2-109231-A-92.wav,train
unknown/2-109231-A-93.wav,train
unknown/2-109231-A-94.wav,train
unknown/2-109231-B-90.wav,train
unknown/2-109231-B-91.wav,train
unknown/2-109231-B-92.wav,train
unknown/2-109231-B-93.wav,test
unknown/2-109231-B-94.wav,train
unknown/2-109231-C-90.wav,train
unknown/2-109231-C-91.wav,train
unknown/2-109231-C-92.wav,test
unknown/2-109231-C-93.wav,train
unknown/2-109231-C-94.wav,train
unknown/2-109316-A-320.wav,train
unknown/2-109316-A-321.wav,train
unknown/2-109316-A-322.wav,train
unknown/2-109316-A-323.wav,train
unknown/2-109316-A-324.wav,train
unknown/2-109371-A-160.wav,train
unknown/2-109371-A-161.wav,train
unknown/2-109371-A-162.wav,train
unknown/2-109371-A-163.wav,train
unknown/2-109371-A-164.wav,train
unknown/2-109371-B-160.wav,train
unknown/2-109371-B-161.wav,train
unknown/2-109371-B-162.wav,train
unknown/2-109371-B-163.wav,train
unknown/2-109371-B-164.wav,train
unknown/2-109371-C-160.wav,train
unknown/2-109371-C-161.wav,train
unknown/2-109371-C-162.wav,train
unknown/2-109371-C-163.wav,train
unknown/2-109371-C-164.wav,train
unknown/2-109371-D-160.wav,train
unknown/2-109371-D-161.wav,train
unknown/2-109371-D-162.wav,train
unknown/2-109371-D-163.wav,train
unknown/2-109371-D-164.wav,train
unknown/2-109374-A-160.wav,train
unknown/2-109374-A-161.wav,test
unknown/2-109374-A-162.wav,train
unknown/2-109374-A-163.wav,train
unknown/2-109374-A-164.wav,train
unknown/2-109505-A-210.wav,train
unknown/2-109505-A-211.wav,test
unknown/2-109505-A-212.wav,train
unknown/2-109505-A-213.wav,train
unknown/2-109505-A-214.wav,train
unknown/2-109759-A-260.wav,train
unknown/2-109759-A-261.wav,train
unknown/2-109759-A-262.wav,train
unknown/2-109759-A-263.wav,train
unknown/2-109759-A-264.wav,train
unknown/2-109759-B-260.wav,test
unknown/2-109759-B-261.wav,train
unknown/2-109759-B-262.wav,train
unknown/2-109759-B-263.wav,train
unknown/2-109759-B-264.wav,train
unknown/2-110010-A-50.wav,train
unknown/2-110010-A-51.wav,train
unknown/2-110010-A-52.wav,test
unknown/2-110010-A-53.wav,train
unknown/2-110010-A-54.wav,train
unknown/2-110011-A-50.wav,train
unknown/2-110011-A-51.wav,train
unknown/2-110011-A-52.wav,train
unknown/2-110011-A-53.wav,test
unknown/2-110011-A-54.wav,train
unknown/2-110417-A-280.wav,train
unknown/2-110417-A-281.wav,train
unknown/2-110417-A-282.wav,test
unknown/2-110417-A-283.wav,train
unknown/2-110417-A-284.wav,test
unknown/2-110417-B-280.wav,test
unknown/2-110417-B-281.wav,train
unknown/2-110417-B-282.wav,train
unknown/2-110417-B-283.wav,test
unknown/2-110417-B-284.wav,train
unknown/2-110613-A-130.wav,train
unknown/2-110613-A-131.wav,train
unknown/2-110613-A-132.wav,train
unknown/2-110613-A-133.wav,train
unknown/2-110613-A-134.wav,test
unknown/2-110614-A-80.wav,train
unknown/2-110614-A-81.wav,train
unknown/2-110614-A-82.wav,test
unknown/2-110614-A-83.wav,train
unknown/2-110614-A-84.wav,train
unknown/2-110614-B-80.wav,test
unknown/2-110614-B-81.wav,train
unknown/2-110614-B-82.wav,train
unknown/2-110614-B-83.wav,train
unknown/2-110614-B-84.wav,train
unknown/2-112213-A-390.wav,test
unknown/2-112213-A-391.wav,train
unknown/2-112213-A-392.wav,train
unknown/2-112213-A-393.wav,train
unknown/2-112213-A-394.wav,train
unknown/2-112213-B-390.wav,train
unknown/2-112213-B-391.wav,test
unknown/2-112213-B-392.wav,test
unknown/2-112213-B-393.wav,train
unknown/2-112213-B-394.wav,test
unknown/2-114254-A-300.wav,train
unknown/2-114254-A-301.wav,train
unknown/2-114254-A-302.wav,train
unknown/2-114254-A-303.wav,train
unknown/2-114254-A-304.wav,train
unknown/2-114280-A-00.wav,train
unknown/2-114280-A-01.wav,train
unknown/2-114280-A-02.wav,test
unknown/2-114280-A-03.wav,train
unknown/2-114280-A-04.wav,train
unknown/2-114587-A-00.wav,test
unknown/2-114587-A-01.wav,train
unknown/2-114587-A-02.wav,train
unknown/2-114587-A-03.wav,train
unknown/2-114587-A-04.wav,train
unknown/2-114609-A-280.wav,train
unknown/2-114609-A-281.wav,train
unknown/2-114609-A-282.wav,test
unknown/2-114609-A-283.wav,train
unknown/2-114609-A-284.wav,train
unknown/2-114609-B-280.wav,train
unknown/2-114609-B-281.wav,train
unknown/2-114609-B-282.wav,test
unknown/2-114609-B-283.wav,train
unknown/2-114609-B-284.wav,train
unknown/2-116400-A-00.wav,train
unknown/2-116400-A-01.wav,train
unknown/2-116400-A-02.wav,train
unknown/2-116400-A-03.wav,train
unknown/2-116400-A-04.wav,train
unknown/2-117116-A-370.wav,train
unknown/2-117116-A-371.wav,train
unknown/2-117116-A-372.wav,train
unknown/2-117116-A-373.wav,test
unknown/2-117116-A-374.wav,train
unknown/2-117271-A-00.wav,test
unknown/2-117271-A-01.wav,train
unknown/2-117271-A-02.wav,train
unknown/2-117271-A-03.wav,train
unknown/2-117271-A-04.wav,train
unknown/2-117330-A-280.wav,train
unknown/2-117330-A-281.wav,test
unknown/2-117330-A-282.wav,test
unknown/2-117330-A-283.wav,train
unknown/2-117330-A-284.wav,test
unknown/2-117615-A-480.wav,train
unknown/2-117615-A-481.wav,train
unknown/2-117615-A-482.wav,test
unknown/2-117615-A-483.wav,train
unknown/2-117615-A-484.wav,train
unknown/2-117615-B-480.wav,train
unknown/2-117615-B-481.wav,train
unknown/2-117615-B-482.wav,train
unknown/2-117615-B-483.wav,train
unknown/2-117615-B-484.wav,train
unknown/2-117615-C-480.wav,train
unknown/2-117615-C-481.wav,train
unknown/2-117615-C-482.wav,test
unknown/2-117615-C-483.wav,train
unknown/2-117615-C-484.wav,train
unknown/2-117615-D-480.wav,train
unknown/2-117615-D-481.wav,train
unknown/2-117615-D-482.wav,train
unknown/2-117615-D-483.wav,train
unknown/2-117615-D-484.wav,train
unknown/2-117615-E-480.wav,train
unknown/2-117615-E-481.wav,train
unknown/2-117615-E-482.wav,train
unknown/2-117615-E-483.wav,test
unknown/2-117615-E-484.wav,train
unknown/2-117616-A-480.wav,train
unknown/2-117616-A-481.wav,train
unknown/2-117616-A-482.wav,train
unknown/2-117616-A-483.wav,train
unknown/2-117616-A-484.wav,train
unknown/2-117617-A-480.wav,train
unknown/2-117617-A-481.wav,train
unknown/2-117617-A-482.wav,train
unknown/2-117617-A-483.wav,train
unknown/2-117617-A-484.wav,train
unknown/2-117625-A-100.wav,test
unknown/2-117625-A-101.wav,train
unknown/2-117625-A-102.wav,train
unknown/2-117625-A-103.wav,test
unknown/2-117625-A-104.wav,train
unknown/2-117795-A-30.wav,train
unknown/2-117795-A-31.wav,test
unknown/2-117795-A-32.wav,train
unknown/2-117795-A-33.wav,train
unknown/2-117795-A-34.wav,test
unknown/2-117795-B-30.wav,train
unknown/2-117795-B-31.wav,train
unknown/2-117795-B-32.wav,train
unknown/2-117795-B-33.wav,test
unknown/2-117795-B-34.wav,train
unknown/2-118072-A-00.wav,train
unknown/2-118072-A-01.wav,test
unknown/2-118072-A-02.wav,train
unknown/2-118072-A-03.wav,train
unknown/2-118072-A-04.wav,train
unknown/2-118104-A-210.wav,train
unknown/2-118104-A-211.wav,train
unknown/2-118104-A-212.wav,train
unknown/2-118104-A-213.wav,test
unknown/2-118104-A-214.wav,train
unknown/2-118459-A-320.wav,test
unknown/2-118459-A-321.wav,train
unknown/2-118459-A-322.wav,test
unknown/2-118459-A-323.wav,test
unknown/2-118459-A-324.wav,train
unknown/2-118459-B-320.wav,test
unknown/2-118459-B-321.wav,train
unknown/2-118459-B-322.wav,train
unknown/2-118459-B-323.wav,train
unknown/2-118459-B-324.wav,train
unknown/2-118624-A-300.wav,train
unknown/2-118624-A-301.wav,test
unknown/2-118624-A-302.wav,train
unknown/2-118624-A-303.wav,test
unknown/2-118624-A-304.wav,train
unknown/2-118625-A-300.wav,train
unknown/2-118625-A-301.wav,train
unknown/2-118625-A-302.wav,train
unknown/2-118625-A-303.wav,train
unknown/2-118625-A-304.wav,train
unknown/2-118817-A-320.wav,test
unknown/2-118817-A-321.wav,train
unknown/2-118817-A-322.wav,train
unknown/2-118817-A-323.wav,train
unknown/2-118817-A-324.wav,train
unknown/2-118964-A-00.wav,train
unknown/2-118964-A-01.wav,train
unknown/2-118964-A-02.wav,train
unknown/2-118964-A-03.wav,train
unknown/2-118964-A-04.wav,train
unknown/2-119102-A-210.wav,train
unknown/2-119102-A-211.wav,train
unknown/2-119102-A-212.wav,train
unknown/2-119102-A-213.wav,train
unknown/2-119102-A-214.wav,train
unknown/2-119139-A-310.wav,train
unknown/2-119139-A-311.wav,train
unknown/2-119139-A-312.wav,train
unknown/2-119139-A-313.wav,test
unknown/2-119139-A-314.wav,test
unknown/2-119161-A-80.wav,train
unknown/2-119161-A-81.wav,train
unknown/2-119161-A-82.wav,train
unknown/2-119161-A-83.wav,train
unknown/2-119161-A-84.wav,train
unknown/2-119161-B-80.wav,train
unknown/2-119161-B-81.wav,train
unknown/2-119161-B-82.wav,test
unknown/2-119161-B-83.wav,test
unknown/2-119161-B-84.wav,train
unknown/2-119161-C-80.wav,test
unknown/2-119161-C-81.wav,train
unknown/2-119161-C-82.wav,train
unknown/2-119161-C-83.wav,train
unknown/2-119161-C-84.wav,train
unknown/2-119748-A-380.wav,train
unknown/2-119748-A-381.wav,train
unknown/2-119748-A-382.wav,train
unknown/2-119748-A-383.wav,train
unknown/2-119748-A-384.wav,train
unknown/2-120218-A-300.wav,test
unknown/2-120218-A-301.wav,train
unknown/2-120218-A-302.wav,train
unknown/2-120218-A-303.wav,train
unknown/2-120218-A-304.wav,train
unknown/2-120218-B-300.wav,train
unknown/2-120218-B-301.wav,test
unknown/2-120218-B-302.wav,test
unknown/2-120218-B-303.wav,train
unknown/2-120218-B-304.wav,test
unknown/2-120333-A-320.wav,train
unknown/2-120333-A-321.wav,train
unknown/2-120333-A-322.wav,train
unknown/2-120333-A-323.wav,train
unknown/2-120333-A-324.wav,train
unknown/2-120586-A-60.wav,train
unknown/2-120586-A-61.wav,train
unknown/2-120586-A-62.wav,test
unknown/2-120586-A-63.wav,train
unknown/2-120586-A-64.wav,train
unknown/2-120587-A-60.wav,train
unknown/2-120587-A-61.wav,train
unknown/2-120587-A-62.wav,test
unknown/2-120587-A-63.wav,train
unknown/2-120587-A-64.wav,train
unknown/2-121909-A-350.wav,train
unknown/2-121909-A-351.wav,train
unknown/2-121909-A-352.wav,train
unknown/2-121909-A-353.wav,train
unknown/2-121909-A-354.wav,train
unknown/2-121978-A-290.wav,train
unknown/2-121978-A-291.wav,train
unknown/2-121978-A-292.wav,train
unknown/2-121978-A-293.wav,train
unknown/2-121978-A-294.wav,train
unknown/2-122066-A-450.wav,train
unknown/2-122066-A-451.wav,train
unknown/2-122066-A-452.wav,train
unknown/2-122066-A-453.wav,train
unknown/2-122066-A-454.wav,test
unknown/2-122066-B-450.wav,train
unknown/2-122066-B-451.wav,train
unknown/2-122066-B-452.wav,test
unknown/2-122066-B-453.wav,train
unknown/2-122066-B-454.wav,train
unknown/2-122067-A-450.wav,train
unknown/2-122067-A-451.wav,train
unknown/2-122067-A-452.wav,train
unknown/2-122067-A-453.wav,test
unknown/2-122067-A-454.wav,train
unknown/2-122067-B-450.wav,train
unknown/2-122067-B-451.wav,train
unknown/2-122067-B-452.wav,train
unknown/2-122067-B-453.wav,test
unknown/2-122067-B-454.wav,train
unknown/2-122104-A-00.wav,train
unknown/2-122104-A-01.wav,train
unknown/2-122104-A-02.wav,train
unknown/2-122104-A-03.wav,train
unknown/2-122104-A-04.wav,train
unknown/2-122104-B-00.wav,train
unknown/2-122104-B-01.wav,test
unknown/2-122104-B-02.wav,train
unknown/2-122104-B-03.wav,train
unknown/2-122104-B-04.wav,train
unknown/2-122616-A-140.wav,train
unknown/2-122616-A-141.wav,train
unknown/2-122616-A-142.wav,train
unknown/2-122616-A-143.wav,train
unknown/2-122616-A-144.wav,train
unknown/2-122763-A-290.wav,train
unknown/2-122763-A-291.wav,train
unknown/2-122763-A-292.wav,train
unknown/2-122763-A-293.wav,train
unknown/2-122763-A-294.wav,train
unknown/2-122763-B-290.wav,train
unknown/2-122763-B-291.wav,train
unknown/2-122763-B-292.wav,train
unknown/2-122763-B-293.wav,train
unknown/2-122763-B-294.wav,train
unknown/2-122820-A-360.wav,train
unknown/2-122820-A-361.wav,test
unknown/2-122820-A-362.wav,train
unknown/2-122820-A-363.wav,train
unknown/2-122820-A-364.wav,test
unknown/2-122820-B-360.wav,train
unknown/2-122820-B-361.wav,train
unknown/2-122820-B-362.wav,train
unknown/2-122820-B-363.wav,train
unknown/2-122820-B-364.wav,train
unknown/2-123712-A-330.wav,train
unknown/2-123712-A-331.wav,train
unknown/2-123712-A-332.wav,train
unknown/2-123712-A-333.wav,train
unknown/2-123712-A-334.wav,test
unknown/2-123896-A-240.wav,train
unknown/2-123896-A-241.wav,train
unknown/2-123896-A-242.wav,train
unknown/2-123896-A-243.wav,train
unknown/2-123896-A-244.wav,train
unknown/2-124564-A-150.wav,train
unknown/2-124564-A-151.wav,train
unknown/2-124564-A-152.wav,train
unknown/2-124564-A-153.wav,train
unknown/2-124564-A-154.wav,train
unknown/2-124662-A-110.wav,train
unknown/2-124662-A-111.wav,train
unknown/2-124662-A-112.wav,train
unknown/2-124662-A-113.wav,train
unknown/2-124662-A-114.wav,train
unknown/2-125520-A-430.wav,train
unknown/2-125520-A-431.wav,train
unknown/2-125520-A-432.wav,train
unknown/2-125520-A-433.wav,train
unknown/2-125520-A-434.wav,test
unknown/2-125821-A-130.wav,train
unknown/2-125821-A-131.wav,test
unknown/2-125821-A-132.wav,train
unknown/2-125821-A-133.wav,train
unknown/2-125821-A-134.wav,train
unknown/2-125875-A-130.wav,train
unknown/2-125875-A-131.wav,test
unknown/2-125875-A-132.wav,train
unknown/2-125875-A-133.wav,test
unknown/2-125875-A-134.wav,train
unknown/2-125966-A-110.wav,train
unknown/2-125966-A-111.wav,train
unknown/2-125966-A-112.wav,train
unknown/2-125966-A-113.wav,test
unknown/2-125966-A-114.wav,train
unknown/2-126433-A-170.wav,test
unknown/2-126433-A-171.wav,train
unknown/2-126433-A-172.wav,train
unknown/2-126433-A-173.wav,train
unknown/2-126433-A-174.wav,train
unknown/2-126756-A-290.wav,train
unknown/2-126756-A-291.wav,train
unknown/2-126756-A-292.wav,train
unknown/2-126756-A-293.wav,train
unknown/2-126756-A-294.wav,train
unknown/2-127108-A-380.wav,train
unknown/2-127108-A-381.wav,train
unknown/2-127108-A-382.wav,test
unknown/2-127108-A-383.wav,train
unknown/2-127108-A-384.wav,test
unknown/2-127109-A-60.wav,train
unknown/2-127109-A-61.wav,train
unknown/2-127109-A-62.wav,train
unknown/2-127109-A-63.wav,train
unknown/2-127109-A-64.wav,train
unknown/2-128465-A-430.wav,train
unknown/2-128465-A-431.wav,train
unknown/2-128465-A-432.wav,test
unknown/2-128465-A-433.wav,train
unknown/2-128465-A-434.wav,train
unknown/2-128465-B-430.wav,train
unknown/2-128465-B-431.wav,train
unknown/2-128465-B-432.wav,test
unknown/2-128465-B-433.wav,train
unknown/2-128465-B-434.wav,train
unknown/2-128631-A-210.wav,test
unknown/2-128631-A-211.wav,test
unknown/2-128631-A-212.wav,test
unknown/2-128631-A-213.wav,train
unknown/2-128631-A-214.wav,train
unknown/2-130245-A-340.wav,train
unknown/2-130245-A-341.wav,test
unknown/2-130245-A-342.wav,train
unknown/2-130245-A-343.wav,test
unknown/2-130245-A-344.wav,test
unknown/2-130978-A-210.wav,train
unknown/2-130978-A-211.wav,train
unknown/2-130978-A-212.wav,train
unknown/2-130978-A-213.wav,train
unknown/2-130978-A-214.wav,train
unknown/2-130979-A-210.wav,train
unknown/2-130979-A-211.wav,train
unknown/2-130979-A-212.wav,train
unknown/2-130979-A-213.wav,train
unknown/2-130979-A-214.wav,train
unknown/2-131943-A-380.wav,test
unknown/2-131943-A-381.wav,train
unknown/2-131943-A-382.wav,test
unknown/2-131943-A-383.wav,test
unknown/2-131943-A-384.wav,train
unknown/2-132157-A-110.wav,test
unknown/2-132157-A-111.wav,train
unknown/2-132157-A-112.wav,test
unknown/2-132157-A-113.wav,test
unknown/2-132157-A-114.wav,test
unknown/2-132157-B-110.wav,train
unknown/2-132157-B-111.wav,train
unknown/2-132157-B-112.wav,train
unknown/2-132157-B-113.wav,test
unknown/2-132157-B-114.wav,test
unknown/2-133863-A-110.wav,train
unknown/2-133863-A-111.wav,test
unknown/2-133863-A-112.wav,train
unknown/2-133863-A-113.wav,train
unknown/2-133863-A-114.wav,train
unknown/2-133889-A-300.wav,train
unknown/2-133889-A-301.wav,test
unknown/2-133889-A-302.wav,train
unknown/2-133889-A-303.wav,train
unknown/2-133889-A-304.wav,train
unknown/2-134049-A-60.wav,train
unknown/2-134049-A-61.wav,train
unknown/2-134049-A-62.wav,train
unknown/2-134049-A-63.wav,train
unknown/2-134049-A-64.wav,train
unknown/2-134700-A-380.wav,train
unknown/2-134700-A-381.wav,train
unknown/2-134700-A-382.wav,train
unknown/2-134700-A-383.wav,train
unknown/2-134700-A-384.wav,train
unknown/2-134915-A-300.wav,train
unknown/2-134915-A-301.wav,train
unknown/2-134915-A-302.wav,test
unknown/2-134915-A-303.wav,train
unknown/2-134915-A-304.wav,train
unknown/2-135649-A-450.wav,train
unknown/2-135649-A-451.wav,test
unknown/2-135649-A-452.wav,train
unknown/2-135649-A-453.wav,train
unknown/2-135649-A-454.wav,train
unknown/2-135649-B-450.wav,train
unknown/2-135649-B-451.wav,train
unknown/2-135649-B-452.wav,train
unknown/2-135649-B-453.wav,test
unknown/2-135649-B-454.wav,train
unknown/2-135649-C-450.wav,train
unknown/2-135649-C-451.wav,test
unknown/2-135649-C-452.wav,train
unknown/2-135649-C-453.wav,train
unknown/2-135649-C-454.wav,test
unknown/2-135728-A-380.wav,test
unknown/2-135728-A-381.wav,train
unknown/2-135728-A-382.wav,train
unknown/2-135728-A-383.wav,train
unknown/2-135728-A-384.wav,test
unknown/2-135860-A-490.wav,train
unknown/2-135860-A-491.wav,train
unknown/2-135860-A-492.wav,train
unknown/2-135860-A-493.wav,train
unknown/2-135860-A-494.wav,train
unknown/2-137162-A-110.wav,train
unknown/2-137162-A-111.wav,test
unknown/2-137162-A-112.wav,train
unknown/2-137162-A-113.wav,train
unknown/2-137162-A-114.wav,train
unknown/2-138257-A-310.wav,train
unknown/2-138257-A-311.wav,train
unknown/2-138257-A-312.wav,train
unknown/2-138257-A-313.wav,train
unknown/2-138257-A-314.wav,train
unknown/2-138465-A-430.wav,test
unknown/2-138465-A-431.wav,train
unknown/2-138465-A-432.wav,test
unknown/2-138465-A-433.wav,train
unknown/2-138465-A-434.wav,train
unknown/2-139748-A-150.wav,test
unknown/2-139748-A-151.wav,train
unknown/2-139748-A-152.wav,train
unknown/2-139748-A-153.wav,test
unknown/2-139748-A-154.wav,train
unknown/2-139748-B-150.wav,train
unknown/2-139748-B-151.wav,test
unknown/2-139748-B-152.wav,train
unknown/2-139748-B-153.wav,train
unknown/2-139748-B-154.wav,train
unknown/2-139749-A-150.wav,train
unknown/2-139749-A-151.wav,train
unknown/2-139749-A-152.wav,train
unknown/2-139749-A-153.wav,test
unknown/2-139749-A-154.wav,train
unknown/2-140147-A-380.wav,train
unknown/2-140147-A-381.wav,train
unknown/2-140147-A-382.wav,train
unknown/2-140147-A-383.wav,train
unknown/2-140147-A-384.wav,train
unknown/2-140841-A-300.wav,train
unknown/2-140841-A-301.wav,test
unknown/2-140841-A-302.wav,train
unknown/2-140841-A-303.wav,train
unknown/2-140841-A-304.wav,train
unknown/2-141563-A-390.wav,train
unknown/2-141563-A-391.wav,train
unknown/2-141563-A-392.wav,test
unknown/2-141563-A-393.wav,test
unknown/2-141563-A-394.wav,train
unknown/2-141584-A-380.wav,train
unknown/2-141584-A-381.wav,train
unknown/2-141584-A-382.wav,train
unknown/2-141584-A-383.wav,test
unknown/2-141584-A-384.wav,train
unknown/2-141681-A-360.wav,train
unknown/2-141681-A-361.wav,train
unknown/2-141681-A-362.wav,train
unknown/2-141681-A-363.wav,test
unknown/2-141681-A-364.wav,train
unknown/2-141681-B-360.wav,train
unknown/2-141681-B-361.wav,test
unknown/2-141681-B-362.wav,train
unknown/2-141681-B-363.wav,train
unknown/2-141681-B-364.wav,train
unknown/2-141682-A-360.wav,train
unknown/2-141682-A-361.wav,train
unknown/2-141682-A-362.wav,train
unknown/2-141682-A-363.wav,train
unknown/2-141682-A-364.wav,train
unknown/2-141682-B-360.wav,train
unknown/2-141682-B-361.wav,train
unknown/2-141682-B-362.wav,test
unknown/2-141682-B-363.wav,train
unknown/2-141682-B-364.wav,train
unknown/2-144031-A-340.wav,test
unknown/2-144031-A-341.wav,train
unknown/2-144031-A-342.wav,train
unknown/2-144031-A-343.wav,test
unknown/2-144031-A-344.wav,train
unknown/2-144137-A-430.wav,test
unknown/2-144137-A-431.wav,test
unknown/2-144137-A-432.wav,train
unknown/2-144137-A-433.wav,train
unknown/2-144137-A-434.wav,test
unknown/2-146877-A-310.wav,train
unknown/2-146877-A-311.wav,train
unknown/2-146877-A-312.wav,test
unknown/2-146877-A-313.wav,train
unknown/2-146877-A-314.wav,train
unknown/2-146877-B-310.wav,train
unknown/2-146877-B-311.wav,train
unknown/2-146877-B-312.wav,train
unknown/2-146877-B-313.wav,train
unknown/2-146877-B-314.wav,train
unknown/2-151079-A-200.wav,train
unknown/2-151079-A-201.wav,train
unknown/2-151079-A-202.wav,train
unknown/2-151079-A-203.wav,train
unknown/2-151079-A-204.wav,train
unknown/2-152895-A-310.wav,test
unknown/2-152895-A-311.wav,train
unknown/2-152895-A-312.wav,train
unknown/2-152895-A-313.wav,train
unknown/2-152895-A-314.wav,train
unknown/2-152964-A-310.wav,test
unknown/2-152964-A-311.wav,train
unknown/2-152964-A-312.wav,test
unknown/2-152964-A-313.wav,train
unknown/2-152964-A-314.wav,train
unknown/2-153388-A-310.wav,train
unknown/2-153388-A-311.wav,train
unknown/2-153388-A-312.wav,train
unknown/2-153388-A-313.wav,train
unknown/2-153388-A-314.wav,train
unknown/2-154688-A-310.wav,train
unknown/2-154688-A-311.wav,train
unknown/2-154688-A-312.wav,train
unknown/2-154688-A-313.wav,train
unknown/2-154688-A-314.wav,train
unknown/2-155801-A-110.wav,test
unknown/2-155801-A-111.wav,train
unknown/2-155801-A-112.wav,train
unknown/2-155801-A-113.wav,test
unknown/2-155801-A-114.wav,train
unknown/2-157488-A-60.wav,train
unknown/2-157488-A-61.wav,train
unknown/2-157488-A-62.wav,train
unknown/2-157488-A-63.wav,train
unknown/2-157488-A-64.wav,test
unknown/2-158746-A-20.wav,train
unknown/2-158746-A-21.wav,train
unknown/2-158746-A-22.wav,test
unknown/2-158746-A-23.wav,train
unknown/2-158746-A-24.wav,train
unknown/2-158746-B-20.wav,train
unknown/2-158746-B-21.wav,train
unknown/2-158746-B-22.wav,train
unknown/2-158746-B-23.wav,train
unknown/2-158746-B-24.wav,train
unknown/2-158746-C-20.wav,test
unknown/2-158746-C-21.wav,train
unknown/2-158746-C-22.wav,train
unknown/2-158746-C-23.wav,train
unknown/2-158746-C-24.wav,train
unknown/2-158746-D-20.wav,train
unknown/2-158746-D-21.wav,train
unknown/2-158746-D-22.wav,train
unknown/2-158746-D-23.wav,train
unknown/2-158746-D-24.wav,train
unknown/2-160128-A-70.wav,train
unknown/2-160128-A-71.wav,train
unknown/2-160128-A-72.wav,train
unknown/2-160128-A-73.wav,train
unknown/2-160128-A-74.wav,train
unknown/2-160888-A-470.wav,test
unknown/2-160888-A-471.wav,train
unknown/2-160888-A-472.wav,train
unknown/2-160888-A-473.wav,train
unknown/2-160888-A-474.wav,test
unknown/2-165801-A-480.wav,train
unknown/2-165801-A-481.wav,train
unknown/2-165801-A-482.wav,train
unknown/2-165801-A-483.wav,train
unknown/2-165801-A-484.wav,train
unknown/2-166644-A-20.wav,train
unknown/2-166644-A-21.wav,train
unknown/2-166644-A-22.wav,test
unknown/2-166644-A-23.wav,train
unknown/2-166644-A-24.wav,train
unknown/2-166644-B-20.wav,test
unknown/2-166644-B-21.wav,train
unknown/2-166644-B-22.wav,train
unknown/2-166644-B-23.wav,test
unknown/2-166644-B-24.wav,train
unknown/2-166644-C-20.wav,train
unknown/2-166644-C-21.wav,test
unknown/2-166644-C-22.wav,train
unknown/2-166644-C-23.wav,test
unknown/2-166644-C-24.wav,train
unknown/2-173559-A-390.wav,train
unknown/2-173559-A-391.wav,train
unknown/2-173559-A-392.wav,train
unknown/2-173559-A-393.wav,train
unknown/2-173559-A-394.wav,test
unknown/2-173607-A-390.wav,test
unknown/2-173607-A-391.wav,train
unknown/2-173607-A-392.wav,test
unknown/2-173607-A-393.wav,train
unknown/2-173607-A-394.wav,train
unknown/2-173618-A-390.wav,train
unknown/2-173618-A-391.wav,train
unknown/2-173618-A-392.wav,test
unknown/2-173618-A-393.wav,train
unknown/2-173618-A-394.wav,train
unknown/2-182508-A-80.wav,train
unknown/2-182508-A-81.wav,train
unknown/2-182508-A-82.wav,train
unknown/2-182508-A-83.wav,test
unknown/2-182508-A-84.wav,train
unknown/2-182508-B-80.wav,train
unknown/2-182508-B-81.wav,train
unknown/2-182508-B-82.wav,train
unknown/2-182508-B-83.wav,train
unknown/2-182508-B-84.wav,train
unknown/2-184077-A-490.wav,train
unknown/2-184077-A-491.wav,train
unknown/2-184077-A-492.wav,train
unknown/2-184077-A-493.wav,train
unknown/2-184077-A-494.wav,train
unknown/2-18766-A-120.wav,train
unknown/2-18766-A-121.wav,train
unknown/2-18766-A-122.wav,train
unknown/2-18766-A-123.wav,test
unknown/2-18766-A-124.wav,test
unknown/2-18766-B-120.wav,train
unknown/2-18766-B-121.wav,train
unknown/2-18766-B-122.wav,train
unknown/2-18766-B-123.wav,test
unknown/2-18766-B-124.wav,train
unknown/2-188822-A-400.wav,train
unknown/2-188822-A-401.wav,train
unknown/2-188822-A-402.wav,train
unknown/2-188822-A-403.wav,train
unknown/2-188822-A-404.wav,train
unknown/2-188822-B-400.wav,train
unknown/2-188822-B-401.wav,train
unknown/2-188822-B-402.wav,train
unknown/2-188822-B-403.wav,train
unknown/2-188822-B-404.wav,test
unknown/2-188822-C-400.wav,train
unknown/2-188822-C-401.wav,train
unknown/2-188822-C-402.wav,train
unknown/2-188822-C-403.wav,train
unknown/2-188822-C-404.wav,train
unknown/2-188822-D-400.wav,train
unknown/2-188822-D-401.wav,train
unknown/2-188822-D-402.wav,test
unknown/2-188822-D-403.wav,train
unknown/2-188822-D-404.wav,test
unknown/2-196688-A-80.wav,train
unknown/2-196688-A-81.wav,train
unknown/2-196688-A-82.wav,train
unknown/2-196688-A-83.wav,train
unknown/2-196688-A-84.wav,train
unknown/2-205966-A-160.wav,test
unknown/2-205966-A-161.wav,train
unknown/2-205966-A-162.wav,train
unknown/2-205966-A-163.wav,train
unknown/2-205966-A-164.wav,test
unknown/2-209471-A-250.wav,test
unknown/2-209471-A-251.wav,test
unknown/2-209471-A-252.wav,train
unknown/2-209471-A-253.wav,train
unknown/2-209471-A-254.wav,train
unknown/2-209472-A-250.wav,train
unknown/2-209472-A-251.wav,train
unknown/2-209472-A-252.wav,train
unknown/2-209472-A-253.wav,train
unknown/2-209472-A-254.wav,train
unknown/2-209473-A-250.wav,test
unknown/2-209473-A-251.wav,train
unknown/2-209473-A-252.wav,train
unknown/2-209473-A-253.wav,test
unknown/2-209473-A-254.wav,train
unknown/2-209474-A-250.wav,test
unknown/2-209474-A-251.wav,train
unknown/2-209474-A-252.wav,train
unknown/2-209474-A-253.wav,train
unknown/2-209474-A-254.wav,train
unknown/2-209475-A-250.wav,train
unknown/2-209475-A-251.wav,train
unknown/2-209475-A-252.wav,train
unknown/2-209475-A-253.wav,train
unknown/2-209475-A-254.wav,train
unknown/2-209476-A-250.wav,train
unknown/2-209476-A-251.wav,test
unknown/2-209476-A-252.wav,train
unknown/2-209476-A-253.wav,train
unknown/2-209476-A-254.wav,train
unknown/2-209477-A-250.wav,train
unknown/2-209477-A-251.wav,test
unknown/2-209477-A-252.wav,test
unknown/2-209477-A-253.wav,train
unknown/2-209477-A-254.wav,train
unknown/2-209478-A-250.wav,train
unknown/2-209478-A-251.wav,train
unknown/2-209478-A-252.wav,train
unknown/2-209478-A-253.wav,train
unknown/2-209478-A-254.wav,train
unknown/2-250710-A-390.wav,test
unknown/2-250710-A-391.wav,train
unknown/2-250710-A-392.wav,test
unknown/2-250710-A-393.wav,train
unknown/2-250710-A-394.wav,train
unknown/2-25292-A-220.wav,test
unknown/2-25292-A-221.wav,train
unknown/2-25292-A-222.wav,train
unknown/2-25292-A-223.wav,train
unknown/2-25292-A-224.wav,train
unknown/2-25293-A-220.wav,train
unknown/2-25293-A-221.wav,train
unknown/2-25293-A-222.wav,test
unknown/2-25293-A-223.wav,train
unknown/2-25293-A-224.wav,train
unknown/2-262579-A-450.wav,train
unknown/2-262579-A-451.wav,test
unknown/2-262579-A-452.wav,train
unknown/2-262579-A-453.wav,test
unknown/2-262579-A-454.wav,train
unknown/2-28314-A-120.wav,train
unknown/2-28314-A-121.wav,train
unknown/2-28314-A-122.wav,train
unknown/2-28314-A-123.wav,test
unknown/2-28314-A-124.wav,train
unknown/2-28314-B-120.wav,train
unknown/2-28314-B-121.wav,train
unknown/2-28314-B-122.wav,test
unknown/2-28314-B-123.wav,train
unknown/2-28314-B-124.wav,train
unknown/2-30322-A-120.wav,train
unknown/2-30322-A-121.wav,train
unknown/2-30322-A-122.wav,train
unknown/2-30322-A-123.wav,train
unknown/2-30322-A-124.wav,train
unknown/2-30322-B-120.wav,train
unknown/2-30322-B-121.wav,test
unknown/2-30322-B-122.wav,train
unknown/2-30322-B-123.wav,train
unknown/2-30322-B-124.wav,train
unknown/2-32515-A-40.wav,train
unknown/2-32515-A-41.wav,train
unknown/2-32515-A-42.wav,train
unknown/2-32515-A-43.wav,test
unknown/2-32515-A-44.wav,train
unknown/2-32515-B-40.wav,train
unknown/2-32515-B-41.wav,train
unknown/2-32515-B-42.wav,train
unknown/2-32515-B-43.wav,train
unknown/2-32515-B-44.wav,train
unknown/2-32515-C-40.wav,train
unknown/2-32515-C-41.wav,train
unknown/2-32515-C-42.wav,train
unknown/2-32515-C-43.wav,train
unknown/2-32515-C-44.wav,train
unknown/2-32515-D-40.wav,train
unknown/2-32515-D-41.wav,train
unknown/2-32515-D-42.wav,test
unknown/2-32515-D-43.wav,train
unknown/2-32515-D-44.wav,train
unknown/2-32834-A-40.wav,test
unknown/2-32834-A-41.wav,train
unknown/2-32834-A-42.wav,train
unknown/2-32834-A-43.wav,test
unknown/2-32834-A-44.wav,train
unknown/2-37806-A-400.wav,train
unknown/2-37806-A-401.wav,test
unknown/2-37806-A-402.wav,train
unknown/2-37806-A-403.wav,train
unknown/2-37806-A-404.wav,train
unknown/2-37806-B-400.wav,train
unknown/2-37806-B-401.wav,test
unknown/2-37806-B-402.wav,train
unknown/2-37806-B-403.wav,train
unknown/2-37806-B-404.wav,test
unknown/2-37806-C-400.wav,train
unknown/2-37806-C-401.wav,test
unknown/2-37806-C-402.wav,train
unknown/2-37806-C-403.wav,train
unknown/2-37806-C-404.wav,train
unknown/2-37806-D-400.wav,train
unknown/2-37806-D-401.wav,train
unknown/2-37806-D-402.wav,train
unknown/2-37806-D-403.wav,train
unknown/2-37806-D-404.wav,train
unknown/2-37870-A-20.wav,train
unknown/2-37870-A-21.wav,train
unknown/2-37870-A-22.wav,train
unknown/2-37870-A-23.wav,train
unknown/2-37870-A-24.wav,test
unknown/2-39441-A-190.wav,train
unknown/2-39441-A-191.wav,train
unknown/2-39441-A-192.wav,test
unknown/2-39441-A-193.wav,test
unknown/2-39441-A-194.wav,train
unknown/2-39443-A-190.wav,train
unknown/2-39443-A-191.wav,test
unknown/2-39443-A-192.wav,test
unknown/2-39443-A-193.wav,test
unknown/2-39443-A-194.wav,train
unknown/2-39443-B-190.wav,train
unknown/2-39443-B-191.wav,train
unknown/2-39443-B-192.wav,train
unknown/2-39443-B-193.wav,train
unknown/2-39443-B-194.wav,train
unknown/2-39945-A-190.wav,test
unknown/2-39945-A-191.wav,train
unknown/2-39945-A-192.wav,train
unknown/2-39945-A-193.wav,train
unknown/2-39945-A-194.wav,train
unknown/2-39945-B-190.wav,test
unknown/2-39945-B-191.wav,test
unknown/2-39945-B-192.wav,train
unknown/2-39945-B-193.wav,train
unknown/2-39945-B-194.wav,train
unknown/2-39945-C-190.wav,train
unknown/2-39945-C-191.wav,train
unknown/2-39945-C-192.wav,train
unknown/2-39945-C-193.wav,train
unknown/2-39945-C-194.wav,train
unknown/2-42101-A-430.wav,train
unknown/2-42101-A-431.wav,train
unknown/2-42101-A-432.wav,train
unknown/2-42101-A-433.wav,train
unknown/2-42101-A-434.wav,train
unknown/2-43802-A-420.wav,train
unknown/2-43802-A-421.wav,train
unknown/2-43802-A-422.wav,train
unknown/2-43802-A-423.wav,train
unknown/2-43802-A-424.wav,train
unknown/2-43806-A-420.wav,train
unknown/2-43806-A-421.wav,train
unknown/2-43806-A-422.wav,train
unknown/2-43806-A-423.wav,train
unknown/2-43806-A-424.wav,train
unknown/2-50665-A-200.wav,test
unknown/2-50665-A-201.wav,train
unknown/2-50665-A-202.wav,train
unknown/2-50665-A-203.wav,train
unknown/2-50665-A-204.wav,train
unknown/2-50666-A-200.wav,train
unknown/2-50666-A-201.wav,train
unknown/2-50666-A-202.wav,test
unknown/2-50666-A-203.wav,test
unknown/2-50666-A-204.wav,test
unknown/2-50667-A-410.wav,train
unknown/2-50667-A-411.wav,train
unknown/2-50667-A-412.wav,test
unknown/2-50667-A-413.wav,train
unknown/2-50667-A-414.wav,test
unknown/2-50667-B-410.wav,train
unknown/2-50667-B-411.wav,train
unknown/2-50667-B-412.wav,train
unknown/2-50667-B-413.wav,train
unknown/2-50667-B-414.wav,train
unknown/2-50668-A-410.wav,train
unknown/2-50668-A-411.wav,train
unknown/2-50668-A-412.wav,train
unknown/2-50668-A-413.wav,test
unknown/2-50668-A-414.wav,train
unknown/2-50668-B-410.wav,test
unknown/2-50668-B-411.wav,test
unknown/2-50668-B-412.wav,train
unknown/2-50668-B-413.wav,train
unknown/2-50668-B-414.wav,train
unknown/2-50774-A-230.wav,train
unknown/2-50774-A-231.wav,train
unknown/2-50774-A-232.wav,train
unknown/2-50774-A-233.wav,test
unknown/2-50774-A-234.wav,train
unknown/2-51173-A-350.wav,train
unknown/2-51173-A-351.wav,train
unknown/2-51173-A-352.wav,train
unknown/2-51173-A-353.wav,train
unknown/2-51173-A-354.wav,train
unknown/2-51630-A-490.wav,train
unknown/2-51630-A-491.wav,train
unknown/2-51630-A-492.wav,train
unknown/2-51630-A-493.wav,train
unknown/2-51630-A-494.wav,train
unknown/2-51630-B-490.wav,train
unknown/2-51630-B-491.wav,train
unknown/2-51630-B-492.wav,train
unknown/2-51630-B-493.wav,train
unknown/2-51630-B-494.wav,train
unknown/2-52001-A-280.wav,test
unknown/2-52001-A-281.wav,test
unknown/2-52001-A-282.wav,train
unknown/2-52001-A-283.wav,train
unknown/2-52001-A-284.wav,train
unknown/2-52001-B-280.wav,test
unknown/2-52001-B-281.wav,train
unknown/2-52001-B-282.wav,test
unknown/2-52001-B-283.wav,train
unknown/2-52001-B-284.wav,train
unknown/2-52085-A-40.wav,train
unknown/2-52085-A-41.wav,train
unknown/2-52085-A-42.wav,train
unknown/2-52085-A-43.wav,train
unknown/2-52085-A-44.wav,train
unknown/2-52085-B-40.wav,train
unknown/2-52085-B-41.wav,train
unknown/2-52085-B-42.wav,train
unknown/2-52085-B-43.wav,train
unknown/2-52085-B-44.wav,train
unknown/2-52789-A-40.wav,train
unknown/2-52789-A-41.wav,train
unknown/2-52789-A-42.wav,train
unknown/2-52789-A-43.wav,train
unknown/2-52789-A-44.wav,train
unknown/2-54086-A-430.wav,test
unknown/2-54086-A-431.wav,test
unknown/2-54086-A-432.wav,train
unknown/2-54086-A-433.wav,test
unknown/2-54086-A-434.wav,train
unknown/2-54961-A-230.wav,train
unknown/2-54961-A-231.wav,train
unknown/2-54961-A-232.wav,train
unknown/2-54961-A-233.wav,train
unknown/2-54961-A-234.wav,test
unknown/2-54962-A-230.wav,train
unknown/2-54962-A-231.wav,test
unknown/2-54962-A-232.wav,train
unknown/2-54962-A-233.wav,test
unknown/2-54962-A-234.wav,train
unknown/2-56926-A-460.wav,train
unknown/2-56926-A-461.wav,train
unknown/2-56926-A-462.wav,train
unknown/2-56926-A-463.wav,train
unknown/2-56926-A-464.wav,test
unknown/2-57191-A-460.wav,train
unknown/2-57191-A-461.wav,train
unknown/2-57191-A-462.wav,train
unknown/2-57191-A-463.wav,train
unknown/2-57191-A-464.wav,train
unknown/2-57733-A-220.wav,train
unknown/2-57733-A-221.wav,train
unknown/2-57733-A-222.wav,train
unknown/2-57733-A-223.wav,train
unknown/2-57733-A-224.wav,train
unknown/2-59241-A-350.wav,train
unknown/2-59241-A-351.wav,train
unknown/2-59241-A-352.wav,train
unknown/2-59241-A-353.wav,test
unknown/2-59241-A-354.wav,train
unknown/2-59321-A-490.wav,train
unknown/2-59321-A-491.wav,test
unknown/2-59321-A-492.wav,train
unknown/2-59321-A-493.wav,train
unknown/2-59321-A-494.wav,test
unknown/2-59565-A-460.wav,train
unknown/2-59565-A-461.wav,train
unknown/2-59565-A-462.wav,train
unknown/2-59565-A-463.wav,train
unknown/2-59565-A-464.wav,test
unknown/2-59566-A-460.wav,train
unknown/2-59566-A-461.wav,train
unknown/2-59566-A-462.wav,train
unknown/2-59566-A-463.wav,train
unknown/2-59566-A-464.wav,train
unknown/2-60180-A-490.wav,train
unknown/2-60180-A-491.wav,test
unknown/2-60180-A-492.wav,test
unknown/2-60180-A-493.wav,train
unknown/2-60180-A-494.wav,test
unknown/2-60180-B-490.wav,train
unknown/2-60180-B-491.wav,train
unknown/2-60180-B-492.wav,train
unknown/2-60180-B-493.wav,train
unknown/2-60180-B-494.wav,train
unknown/2-60791-A-260.wav,train
unknown/2-60791-A-261.wav,train
unknown/2-60791-A-262.wav,train
unknown/2-60791-A-263.wav,test
unknown/2-60791-A-264.wav,train
unknown/2-60794-A-260.wav,test
unknown/2-60794-A-261.wav,train
unknown/2-60794-A-262.wav,train
unknown/2-60794-A-263.wav,train
unknown/2-60794-A-264.wav,train
unknown/2-60795-A-260.wav,train
unknown/2-60795-A-261.wav,train
unknown/2-60795-A-262.wav,train
unknown/2-60795-A-263.wav,train
unknown/2-60795-A-264.wav,train
unknown/2-60900-A-220.wav,train
unknown/2-60900-A-221.wav,train
unknown/2-60900-A-222.wav,test
unknown/2-60900-A-223.wav,train
unknown/2-60900-A-224.wav,train
unknown/2-61311-A-120.wav,train
unknown/2-61311-A-121.wav,train
unknown/2-61311-A-122.wav,test
unknown/2-61311-A-123.wav,test
unknown/2-61311-A-124.wav,train
unknown/2-61618-A-460.wav,test
unknown/2-61618-A-461.wav,train
unknown/2-61618-A-462.wav,train
unknown/2-61618-A-463.wav,train
unknown/2-61618-A-464.wav,test
unknown/2-62226-A-260.wav,train
unknown/2-62226-A-261.wav,train
unknown/2-62226-A-262.wav,train
unknown/2-62226-A-263.wav,train
unknown/2-62226-A-264.wav,test
unknown/2-64332-A-180.wav,train
unknown/2-64332-A-181.wav,train
unknown/2-64332-A-182.wav,train
unknown/2-64332-A-183.wav,test
unknown/2-64332-A-184.wav,train
unknown/2-64962-A-150.wav,test
unknown/2-64962-A-151.wav,train
unknown/2-64962-A-152.wav,train
unknown/2-64962-A-153.wav,test
unknown/2-64962-A-154.wav,train
unknown/2-64963-A-150.wav,train
unknown/2-64963-A-151.wav,train
unknown/2-64963-A-152.wav,train
unknown/2-64963-A-153.wav,train
unknown/2-64963-A-154.wav,train
unknown/2-65484-A-180.wav,train
unknown/2-65484-A-181.wav,train
unknown/2-65484-A-182.wav,train
unknown/2-65484-A-183.wav,train
unknown/2-65484-A-184.wav,train
unknown/2-65747-A-120.wav,train
unknown/2-65747-A-121.wav,train
unknown/2-65747-A-122.wav,train
unknown/2-65747-A-123.wav,train
unknown/2-65747-A-124.wav,train
unknown/2-65750-A-10.wav,train
unknown/2-65750-A-11.wav,train
unknown/2-65750-A-12.wav,train
unknown/2-65750-A-13.wav,train
unknown/2-65750-A-14.wav,train
unknown/2-66205-A-230.wav,train
unknown/2-66205-A-231.wav,test
unknown/2-66205-A-232.wav,train
unknown/2-66205-A-233.wav,test
unknown/2-66205-A-234.wav,test
unknown/2-66637-A-200.wav,train
unknown/2-66637-A-201.wav,train
unknown/2-66637-A-202.wav,train
unknown/2-66637-A-203.wav,train
unknown/2-66637-A-204.wav,train
unknown/2-66637-B-200.wav,train
unknown/2-66637-B-201.wav,test
unknown/2-66637-B-202.wav,train
unknown/2-66637-B-203.wav,train
unknown/2-66637-B-204.wav,test
unknown/2-67422-A-180.wav,train
unknown/2-67422-A-181.wav,test
unknown/2-67422-A-182.wav,train
unknown/2-67422-A-183.wav,train
unknown/2-67422-A-184.wav,train
unknown/2-68391-A-410.wav,test
unknown/2-68391-A-411.wav,train
unknown/2-68391-A-412.wav,train
unknown/2-68391-A-413.wav,train
unknown/2-68391-A-414.wav,test
unknown/2-68391-B-410.wav,train
unknown/2-68391-B-411.wav,train
unknown/2-68391-B-412.wav,train
unknown/2-68391-B-413.wav,test
unknown/2-68391-B-414.wav,train
unknown/2-68595-A-150.wav,test
unknown/2-68595-A-151.wav,train
unknown/2-68595-A-152.wav,train
unknown/2-68595-A-153.wav,train
unknown/2-68595-A-154.wav,train
unknown/2-68595-B-150.wav,test
unknown/2-68595-B-151.wav,test
unknown/2-68595-B-152.wav,test
unknown/2-68595-B-153.wav,train
unknown/2-68595-B-154.wav,train
unknown/2-69131-A-50.wav,test
unknown/2-69131-A-51.wav,train
unknown/2-69131-A-52.wav,train
unknown/2-69131-A-53.wav,train
unknown/2-69131-A-54.wav,train
unknown/2-69131-B-50.wav,train
unknown/2-69131-B-51.wav,test
unknown/2-69131-B-52.wav,train
unknown/2-69131-B-53.wav,train
unknown/2-69131-B-54.wav,train
unknown/2-70052-A-420.wav,test
unknown/2-70052-A-421.wav,train
unknown/2-70052-A-422.wav,train
unknown/2-70052-A-423.wav,train
unknown/2-70052-A-424.wav,train
unknown/2-70052-B-420.wav,train
unknown/2-70052-B-421.wav,test
unknown/2-70052-B-422.wav,train
unknown/2-70052-B-423.wav,train
unknown/2-70052-B-424.wav,train
unknown/2-70280-A-180.wav,test
unknown/2-70280-A-181.wav,train
unknown/2-70280-A-182.wav,train
unknown/2-70280-A-183.wav,train
unknown/2-70280-A-184.wav,train
unknown/2-70344-A-330.wav,train
unknown/2-70344-A-331.wav,train
unknown/2-70344-A-332.wav,train
unknown/2-70344-A-333.wav,train
unknown/2-70344-A-334.wav,train
unknown/2-70366-A-330.wav,test
unknown/2-70366-A-331.wav,train
unknown/2-70366-A-332.wav,train
unknown/2-70366-A-333.wav,train
unknown/2-70366-A-334.wav,test
unknown/2-70367-A-330.wav,train
unknown/2-70367-A-331.wav,train
unknown/2-70367-A-332.wav,test
unknown/2-70367-A-333.wav,train
unknown/2-70367-A-334.wav,train
unknown/2-70936-A-420.wav,test
unknown/2-70936-A-421.wav,train
unknown/2-70936-A-422.wav,train
unknown/2-70936-A-423.wav,train
unknown/2-70936-A-424.wav,train
unknown/2-70938-A-420.wav,train
unknown/2-70938-A-421.wav,train
unknown/2-70938-A-422.wav,train
unknown/2-70938-A-423.wav,train
unknown/2-70938-A-424.wav,train
unknown/2-70939-A-420.wav,test
unknown/2-70939-A-421.wav,test
unknown/2-70939-A-422.wav,train
unknown/2-70939-A-423.wav,train
unknown/2-70939-A-424.wav,test
unknown/2-71162-A-10.wav,test
unknown/2-71162-A-11.wav,train
unknown/2-71162-A-12.wav,train
unknown/2-71162-A-13.wav,train
unknown/2-71162-A-14.wav,train
unknown/2-72268-A-60.wav,train
unknown/2-72268-A-61.wav,test
unknown/2-72268-A-62.wav,train
unknown/2-72268-A-63.wav,train
unknown/2-72268-A-64.wav,train
unknown/2-72547-A-140.wav,train
unknown/2-72547-A-141.wav,train
unknown/2-72547-A-142.wav,train
unknown/2-72547-A-143.wav,train
unknown/2-72547-A-144.wav,train
unknown/2-72547-B-140.wav,train
unknown/2-72547-B-141.wav,train
unknown/2-72547-B-142.wav,train
unknown/2-72547-B-143.wav,train
unknown/2-72547-B-144.wav,test
unknown/2-72547-C-140.wav,test
unknown/2-72547-C-141.wav,train
unknown/2-72547-C-142.wav,train
unknown/2-72547-C-143.wav,train
unknown/2-72547-C-144.wav,train
unknown/2-72547-D-140.wav,train
unknown/2-72547-D-141.wav,train
unknown/2-72547-D-142.wav,train
unknown/2-72547-D-143.wav,train
unknown/2-72547-D-144.wav,train
unknown/2-72677-A-180.wav,train
unknown/2-72677-A-181.wav,train
unknown/2-72677-A-182.wav,train
unknown/2-72677-A-183.wav,train
unknown/2-72677-A-184.wav,train
unknown/2-72688-A-420.wav,train
unknown/2-72688-A-421.wav,train
unknown/2-72688-A-422.wav,train
unknown/2-72688-A-423.wav,test
unknown/2-72688-A-424.wav,train
unknown/2-72970-A-100.wav,train
unknown/2-72970-A-101.wav,train
unknown/2-72970-A-102.wav,test
unknown/2-72970-A-103.wav,train
unknown/2-72970-A-104.wav,train
unknown/2-73027-A-100.wav,test
unknown/2-73027-A-101.wav,train
unknown/2-73027-A-102.wav,train
unknown/2-73027-A-103.wav,train
unknown/2-73027-A-104.wav,train
unknown/2-7321-A-330.wav,test
unknown/2-7321-A-331.wav,train
unknown/2-7321-A-332.wav,train
unknown/2-7321-A-333.wav,test
unknown/2-7321-A-334.wav,train
unknown/2-73260-A-100.wav,train
unknown/2-73260-A-101.wav,train
unknown/2-73260-A-102.wav,test
unknown/2-73260-A-103.wav,train
unknown/2-73260-A-104.wav,train
unknown/2-73544-A-270.wav,train
unknown/2-73544-A-271.wav,test
unknown/2-73544-A-272.wav,train
unknown/2-73544-A-273.wav,train
unknown/2-73544-A-274.wav,train
unknown/2-74361-A-470.wav,train
unknown/2-74361-A-471.wav,train
unknown/2-74361-A-472.wav,train
unknown/2-74361-A-473.wav,test
unknown/2-74361-A-474.wav,train
unknown/2-74977-A-180.wav,test
unknown/2-74977-A-181.wav,train
unknown/2-74977-A-182.wav,train
unknown/2-74977-A-183.wav,test
unknown/2-74977-A-184.wav,train
unknown/2-75726-A-60.wav,train
unknown/2-75726-A-61.wav,train
unknown/2-75726-A-62.wav,train
unknown/2-75726-A-63.wav,train
unknown/2-75726-A-64.wav,train
unknown/2-76408-A-220.wav,test
unknown/2-76408-A-221.wav,train
unknown/2-76408-A-222.wav,train
unknown/2-76408-A-223.wav,test
unknown/2-76408-A-224.wav,train
unknown/2-76408-B-220.wav,test
unknown/2-76408-B-221.wav,train
unknown/2-76408-B-222.wav,test
unknown/2-76408-B-223.wav,train
unknown/2-76408-B-224.wav,test
unknown/2-76408-C-220.wav,train
unknown/2-76408-C-221.wav,train
unknown/2-76408-C-222.wav,train
unknown/2-76408-C-223.wav,train
unknown/2-76408-C-224.wav,train
unknown/2-76408-D-220.wav,train
unknown/2-76408-D-221.wav,train
unknown/2-76408-D-222.wav,train
unknown/2-76408-D-223.wav,train
unknown/2-76408-D-224.wav,test
unknown/2-76868-A-60.wav,train
unknown/2-76868-A-61.wav,train
unknown/2-76868-A-62.wav,train
unknown/2-76868-A-63.wav,train
unknown/2-76868-A-64.wav,train
unknown/2-77346-A-460.wav,train
unknown/2-77346-A-461.wav,train
unknown/2-77346-A-462.wav,train
unknown/2-77346-A-463.wav,train
unknown/2-77346-A-464.wav,train
unknown/2-77347-A-460.wav,train
unknown/2-77347-A-461.wav,train
unknown/2-77347-A-462.wav,train
unknown/2-77347-A-463.wav,train
unknown/2-77347-A-464.wav,train
unknown/2-77945-A-410.wav,train
unknown/2-77945-A-411.wav,test
unknown/2-77945-A-412.wav,train
unknown/2-77945-A-413.wav,test
unknown/2-77945-A-414.wav,train
unknown/2-77945-B-410.wav,test
unknown/2-77945-B-411.wav,train
unknown/2-77945-B-412.wav,test
unknown/2-77945-B-413.wav,train
unknown/2-77945-B-414.wav,train
unknown/2-78381-A-460.wav,test
unknown/2-78381-A-461.wav,train
unknown/2-78381-A-462.wav,test
unknown/2-78381-A-463.wav,train
unknown/2-78381-A-464.wav,test
unknown/2-78562-A-370.wav,train
unknown/2-78562-A-371.wav,train
unknown/2-78562-A-372.wav,train
unknown/2-78562-A-373.wav,test
unknown/2-78562-A-374.wav,train
unknown/2-78562-B-370.wav,train
unknown/2-78562-B-371.wav,train
unknown/2-78562-B-372.wav,train
unknown/2-78562-B-373.wav,train
unknown/2-78562-B-374.wav,train
unknown/2-78651-A-440.wav,train
unknown/2-78651-A-441.wav,train
unknown/2-78651-A-442.wav,train
unknown/2-78651-A-443.wav,test
unknown/2-78651-A-444.wav,train
unknown/2-78781-A-470.wav,train
unknown/2-78781-A-471.wav,train
unknown/2-78781-A-472.wav,train
unknown/2-78781-A-473.wav,train
unknown/2-78781-A-474.wav,train
unknown/2-78799-A-470.wav,train
unknown/2-78799-A-471.wav,train
unknown/2-78799-A-472.wav,train
unknown/2-78799-A-473.wav,train
unknown/2-78799-A-474.wav,test
unknown/2-79769-A-260.wav,train
unknown/2-79769-A-261.wav,train
unknown/2-79769-A-262.wav,train
unknown/2-79769-A-263.wav,train
unknown/2-79769-A-264.wav,train
unknown/2-79775-A-260.wav,train
unknown/2-79775-A-261.wav,test
unknown/2-79775-A-262.wav,train
unknown/2-79775-A-263.wav,train
unknown/2-79775-A-264.wav,test
unknown/2-80313-A-280.wav,test
unknown/2-80313-A-281.wav,train
unknown/2-80313-A-282.wav,train
unknown/2-80313-A-283.wav,train
unknown/2-80313-A-284.wav,train
unknown/2-80482-A-200.wav,train
unknown/2-80482-A-201.wav,train
unknown/2-80482-A-202.wav,test
unknown/2-80482-A-203.wav,train
unknown/2-80482-A-204.wav,train
unknown/2-80844-A-130.wav,train
unknown/2-80844-A-131.wav,test
unknown/2-80844-A-132.wav,train
unknown/2-80844-A-133.wav,train
unknown/2-80844-A-134.wav,train
unknown/2-81112-A-340.wav,train
unknown/2-81112-A-341.wav,train
unknown/2-81112-A-342.wav,train
unknown/2-81112-A-343.wav,train
unknown/2-81112-A-344.wav,test
unknown/2-81190-A-340.wav,test
unknown/2-81190-A-341.wav,train
unknown/2-81190-A-342.wav,train
unknown/2-81190-A-343.wav,train
unknown/2-81190-A-344.wav,train
unknown/2-81270-A-10.wav,test
unknown/2-81270-A-11.wav,train
unknown/2-81270-A-12.wav,train
unknown/2-81270-A-13.wav,train
unknown/2-81270-A-14.wav,train
unknown/2-81731-A-100.wav,train
unknown/2-81731-A-101.wav,train
unknown/2-81731-A-102.wav,train
unknown/2-81731-A-103.wav,test
unknown/2-81731-A-104.wav,train
unknown/2-81970-A-70.wav,train
unknown/2-81970-A-71.wav,test
unknown/2-81970-A-72.wav,test
unknown/2-81970-A-73.wav,test
unknown/2-81970-A-74.wav,train
unknown/2-81970-B-70.wav,test
unknown/2-81970-B-71.wav,train
unknown/2-81970-B-72.wav,train
unknown/2-81970-B-73.wav,test
unknown/2-81970-B-74.wav,train
unknown/2-81970-C-70.wav,train
unknown/2-81970-C-71.wav,train
unknown/2-81970-C-72.wav,train
unknown/2-81970-C-73.wav,train
unknown/2-81970-C-74.wav,test
unknown/2-82071-A-270.wav,test
unknown/2-82071-A-271.wav,train
unknown/2-82071-A-272.wav,train
unknown/2-82071-A-273.wav,train
unknown/2-82071-A-274.wav,train
unknown/2-82077-A-70.wav,train
unknown/2-82077-A-71.wav,train
unknown/2-82077-A-72.wav,train
unknown/2-82077-A-73.wav,train
unknown/2-82077-A-74.wav,test
unknown/2-82274-A-50.wav,train
unknown/2-82274-A-51.wav,train
unknown/2-82274-A-52.wav,test
unknown/2-82274-A-53.wav,train
unknown/2-82274-A-54.wav,train
unknown/2-82274-B-50.wav,test
unknown/2-82274-B-51.wav,train
unknown/2-82274-B-52.wav,train
unknown/2-82274-B-53.wav,test
unknown/2-82274-B-54.wav,train
unknown/2-82367-A-100.wav,train
unknown/2-82367-A-101.wav,test
unknown/2-82367-A-102.wav,test
unknown/2-82367-A-103.wav,train
unknown/2-82367-A-104.wav,train
unknown/2-82455-A-230.wav,train
unknown/2-82455-A-231.wav,train
unknown/2-82455-A-232.wav,train
unknown/2-82455-A-233.wav,train
unknown/2-82455-A-234.wav,train
unknown/2-82538-A-210.wav,test
unknown/2-82538-A-211.wav,train
unknown/2-82538-A-212.wav,train
unknown/2-82538-A-213.wav,train
unknown/2-82538-A-214.wav,test
unknown/2-83270-A-130.wav,train
unknown/2-83270-A-131.wav,test
unknown/2-83270-A-132.wav,test
unknown/2-83270-A-133.wav,train
unknown/2-83270-A-134.wav,train
unknown/2-83536-A-270.wav,test
unknown/2-83536-A-271.wav,train
unknown/2-83536-A-272.wav,train
unknown/2-83536-A-273.wav,test
unknown/2-83536-A-274.wav,train
unknown/2-83667-A-340.wav,train
unknown/2-83667-A-341.wav,train
unknown/2-83667-A-342.wav,train
unknown/2-83667-A-343.wav,train
unknown/2-83667-A-344.wav,test
unknown/2-83688-A-340.wav,train
unknown/2-83688-A-341.wav,train
unknown/2-83688-A-342.wav,test
unknown/2-83688-A-343.wav,train
unknown/2-83688-A-344.wav,train
unknown/2-83934-A-50.wav,train
unknown/2-83934-A-51.wav,train
unknown/2-83934-A-52.wav,train
unknown/2-83934-A-53.wav,train
unknown/2-83934-A-54.wav,train
unknown/2-83934-B-50.wav,train
unknown/2-83934-B-51.wav,train
unknown/2-83934-B-52.wav,test
unknown/2-83934-B-53.wav,train
unknown/2-83934-B-54.wav,train
unknown/2-84693-A-490.wav,train
unknown/2-84693-A-491.wav,train
unknown/2-84693-A-492.wav,train
unknown/2-84693-A-493.wav,train
unknown/2-84693-A-494.wav,train
unknown/2-84943-A-180.wav,train
unknown/2-84943-A-181.wav,test
unknown/2-84943-A-182.wav,train
unknown/2-84943-A-183.wav,train
unknown/2-84943-A-184.wav,train
unknown/2-84965-A-230.wav,train
unknown/2-84965-A-231.wav,train
unknown/2-84965-A-232.wav,train
unknown/2-84965-A-233.wav,train
unknown/2-84965-A-234.wav,train
unknown/2-85139-A-130.wav,train
unknown/2-85139-A-131.wav,train
unknown/2-85139-A-132.wav,train
unknown/2-85139-A-133.wav,train
unknown/2-85139-A-134.wav,test
unknown/2-85292-A-240.wav,train
unknown/2-85292-A-241.wav,test
unknown/2-85292-A-242.wav,train
unknown/2-85292-A-243.wav,test
unknown/2-85292-A-244.wav,train
unknown/2-85434-A-270.wav,train
unknown/2-85434-A-271.wav,train
unknown/2-85434-A-272.wav,test
unknown/2-85434-A-273.wav,train
unknown/2-85434-A-274.wav,train
unknown/2-85471-A-340.wav,train
unknown/2-85471-A-341.wav,train
unknown/2-85471-A-342.wav,train
unknown/2-85471-A-343.wav,train
unknown/2-85471-A-344.wav,train
unknown/2-85945-A-180.wav,train
unknown/2-85945-A-181.wav,train
unknown/2-85945-A-182.wav,test
unknown/2-85945-A-183.wav,train
unknown/2-85945-A-184.wav,train
unknown/2-86160-A-270.wav,train
unknown/2-86160-A-271.wav,train
unknown/2-86160-A-272.wav,train
unknown/2-86160-A-273.wav,train
unknown/2-86160-A-274.wav,train
unknown/2-87282-A-340.wav,train
unknown/2-87282-A-341.wav,train
unknown/2-87282-A-342.wav,train
unknown/2-87282-A-343.wav,test
unknown/2-87282-A-344.wav,test
unknown/2-87412-A-240.wav,train
unknown/2-87412-A-241.wav,train
unknown/2-87412-A-242.wav,test
unknown/2-87412-A-243.wav,train
unknown/2-87412-A-244.wav,test
unknown/2-87780-A-330.wav,train
unknown/2-87780-A-331.wav,train
unknown/2-87780-A-332.wav,train
unknown/2-87780-A-333.wav,train
unknown/2-87780-A-334.wav,test
unknown/2-87781-A-100.wav,train
unknown/2-87781-A-101.wav,train
unknown/2-87781-A-102.wav,train
unknown/2-87781-A-103.wav,test
unknown/2-87781-A-104.wav,train
unknown/2-87794-A-240.wav,train
unknown/2-87794-A-241.wav,train
unknown/2-87794-A-242.wav,train
unknown/2-87794-A-243.wav,train
unknown/2-87794-A-244.wav,train
unknown/2-87795-A-240.wav,train
unknown/2-87795-A-241.wav,train
unknown/2-87795-A-242.wav,test
unknown/2-87795-A-243.wav,train
unknown/2-87795-A-244.wav,train
unknown/2-87799-A-240.wav,train
unknown/2-87799-A-241.wav,train
unknown/2-87799-A-242.wav,train
unknown/2-87799-A-243.wav,train
unknown/2-87799-A-244.wav,train
unknown/2-88724-A-380.wav,train
unknown/2-88724-A-381.wav,train
unknown/2-88724-A-382.wav,train
unknown/2-88724-A-383.wav,test
unknown/2-88724-A-384.wav,train
unknown/2-89516-A-370.wav,test
unknown/2-89516-A-371.wav,train
unknown/2-89516-A-372.wav,train
unknown/2-89516-A-373.wav,train
unknown/2-89516-A-374.wav,train
unknown/2-91912-A-330.wav,train
unknown/2-91912-A-331.wav,train
unknown/2-91912-A-332.wav,train
unknown/2-91912-A-333.wav,train
unknown/2-91912-A-334.wav,train
unknown/2-91912-B-330.wav,train
unknown/2-91912-B-331.wav,train
unknown/2-91912-B-332.wav,train
unknown/2-91912-B-333.wav,train
unknown/2-91912-B-334.wav,test
unknown/2-92627-A-270.wav,train
unknown/2-92627-A-271.wav,train
unknown/2-92627-A-272.wav,train
unknown/2-92627-A-273.wav,train
unknown/2-92627-A-274.wav,train
unknown/2-92978-A-290.wav,train
unknown/2-92978-A-291.wav,test
unknown/2-92978-A-292.wav,train
unknown/2-92978-A-293.wav,train
unknown/2-92978-A-294.wav,test
unknown/2-93030-A-210.wav,train
unknown/2-93030-A-211.wav,train
unknown/2-93030-A-212.wav,train
unknown/2-93030-A-213.wav,train
unknown/2-93030-A-214.wav,train
unknown/2-94230-A-270.wav,train
unknown/2-94230-A-271.wav,train
unknown/2-94230-A-272.wav,train
unknown/2-94230-A-273.wav,train
unknown/2-94230-A-274.wav,train
unknown/2-94807-A-290.wav,test
unknown/2-94807-A-291.wav,train
unknown/2-94807-A-292.wav,test
unknown/2-94807-A-293.wav,train
unknown/2-94807-A-294.wav,train
unknown/2-95035-A-10.wav,train
unknown/2-95035-A-11.wav,train
unknown/2-95035-A-12.wav,train
unknown/2-95035-A-13.wav,train
unknown/2-95035-A-14.wav,train
unknown/2-95258-A-10.wav,train
unknown/2-95258-A-11.wav,train
unknown/2-95258-A-12.wav,train
unknown/2-95258-A-13.wav,train
unknown/2-95258-A-14.wav,test
unknown/2-95258-B-10.wav,test
unknown/2-95258-B-11.wav,train
unknown/2-95258-B-12.wav,train
unknown/2-95258-B-13.wav,train
unknown/2-95258-B-14.wav,test
unknown/2-95567-A-230.wav,train
unknown/2-95567-A-231.wav,train
unknown/2-95567-A-232.wav,train
unknown/2-95567-A-233.wav,train
unknown/2-95567-A-234.wav,train
unknown/2-96033-A-130.wav,train
unknown/2-96033-A-131.wav,train
unknown/2-96033-A-132.wav,train
unknown/2-96033-A-133.wav,train
unknown/2-96033-A-134.wav,train
unknown/2-96063-A-370.wav,train
unknown/2-96063-A-371.wav,train
unknown/2-96063-A-372.wav,test
unknown/2-96063-A-373.wav,train
unknown/2-96063-A-374.wav,train
unknown/2-96460-A-10.wav,train
unknown/2-96460-A-11.wav,train
unknown/2-96460-A-12.wav,train
unknown/2-96460-A-13.wav,train
unknown/2-96460-A-14.wav,train
unknown/2-96654-A-470.wav,train
unknown/2-96654-A-471.wav,train
unknown/2-96654-A-472.wav,test
unknown/2-96654-A-473.wav,train
unknown/2-96654-A-474.wav,train
unknown/2-96904-A-270.wav,train
unknown/2-96904-A-271.wav,train
unknown/2-96904-A-272.wav,train
unknown/2-96904-A-273.wav,train
unknown/2-96904-A-274.wav,train
unknown/2-98392-A-230.wav,train
unknown/2-98392-A-231.wav,train
unknown/2-98392-A-232.wav,train
unknown/2-98392-A-233.wav,train
unknown/2-98392-A-234.wav,train
unknown/2-98676-A-240.wav,train
unknown/2-98676-A-241.wav,train
unknown/2-98676-A-242.wav,train
unknown/2-98676-A-243.wav,train
unknown/2-98676-A-244.wav,train
unknown/2-98866-A-470.wav,train
unknown/2-98866-A-471.wav,test
unknown/2-98866-A-472.wav,train
unknown/2-98866-A-473.wav,test
unknown/2-98866-A-474.wav,train
unknown/2-99795-A-320.wav,train
unknown/2-99795-A-321.wav,train
unknown/2-99795-A-322.wav,train
unknown/2-99795-A-323.wav,train
unknown/2-99795-A-324.wav,train
unknown/2-99796-A-320.wav,train
unknown/2-99796-A-321.wav,train
unknown/2-99796-A-322.wav,train
unknown/2-99796-A-323.wav,train
unknown/2-99796-A-324.wav,train
unknown/2-99955-A-70.wav,train
unknown/2-99955-A-71.wav,test
unknown/2-99955-A-72.wav,train
unknown/2-99955-A-73.wav,train
unknown/2-99955-A-74.wav,train
unknown/2-99955-B-70.wav,train
unknown/2-99955-B-71.wav,train
unknown/2-99955-B-72.wav,test
unknown/2-99955-B-73.wav,train
unknown/2-99955-B-74.wav,train
unknown/2-99955-C-70.wav,train
unknown/2-99955-C-71.wav,train
unknown/2-99955-C-72.wav,test
unknown/2-99955-C-73.wav,train
unknown/2-99955-C-74.wav,test
unknown/3-100018-A-180.wav,train
unknown/3-100018-A-181.wav,train
unknown/3-100018-A-182.wav,train
unknown/3-100018-A-183.wav,train
unknown/3-100018-A-184.wav,train
unknown/3-100024-A-270.wav,train
unknown/3-100024-A-271.wav,train
unknown/3-100024-A-272.wav,train
unknown/3-100024-A-273.wav,train
unknown/3-100024-A-274.wav,train
unknown/3-100024-B-270.wav,train
unknown/3-100024-B-271.wav,train
unknown/3-100024-B-272.wav,train
unknown/3-100024-B-273.wav,test
unknown/3-100024-B-274.wav,train
unknown/3-101381-A-330.wav,train
unknown/3-101381-A-331.wav,train
unknown/3-101381-A-332.wav,test
unknown/3-101381-A-333.wav,train
unknown/3-101381-A-334.wav,train
unknown/3-101381-B-330.wav,test
unknown/3-101381-B-331.wav,train
unknown/3-101381-B-332.wav,train
unknown/3-101381-B-333.wav,train
unknown/3-101381-B-334.wav,train
unknown/3-102583-A-490.wav,train
unknown/3-102583-A-491.wav,train
unknown/3-102583-A-492.wav,train
unknown/3-102583-A-493.wav,train
unknown/3-102583-A-494.wav,train
unknown/3-102583-B-490.wav,train
unknown/3-102583-B-491.wav,train
unknown/3-102583-B-492.wav,test
unknown/3-102583-B-493.wav,train
unknown/3-102583-B-494.wav,train
unknown/3-102583-C-490.wav,test
unknown/3-102583-C-491.wav,test
unknown/3-102583-C-492.wav,train
unknown/3-102583-C-493.wav,train
unknown/3-102583-C-494.wav,train
unknown/3-102908-A-40.wav,train
unknown/3-102908-A-41.wav,train
unknown/3-102908-A-42.wav,train
unknown/3-102908-A-43.wav,train
unknown/3-102908-A-44.wav,train
unknown/3-103050-A-190.wav,train
unknown/3-103050-A-191.wav,train
unknown/3-103050-A-192.wav,train
unknown/3-103050-A-193.wav,train
unknown/3-103050-A-194.wav,train
unknown/3-103051-A-190.wav,train
unknown/3-103051-A-191.wav,train
unknown/3-103051-A-192.wav,train
unknown/3-103051-A-193.wav,train
unknown/3-103051-A-194.wav,train
unknown/3-103051-B-190.wav,train
unknown/3-103051-B-191.wav,train
unknown/3-103051-B-192.wav,train
unknown/3-103051-B-193.wav,train
unknown/3-103051-B-194.wav,train
unknown/3-103051-C-190.wav,test
unknown/3-103051-C-191.wav,train
unknown/3-103051-C-192.wav,train
unknown/3-103051-C-193.wav,train
unknown/3-103051-C-194.wav,train
unknown/3-103401-A-330.wav,train
unknown/3-103401-A-331.wav,train
unknown/3-103401-A-332.wav,train
unknown/3-103401-A-333.wav,train
unknown/3-103401-A-334.wav,test
unknown/3-103401-B-330.wav,train
unknown/3-103401-B-331.wav,train
unknown/3-103401-B-332.wav,train
unknown/3-103401-B-333.wav,train
unknown/3-103401-B-334.wav,train
unknown/3-103401-C-330.wav,train
unknown/3-103401-C-331.wav,train
unknown/3-103401-C-332.wav,train
unknown/3-103401-C-333.wav,test
unknown/3-103401-C-334.wav,train
unknown/3-103401-D-330.wav,train
unknown/3-103401-D-331.wav,train
unknown/3-103401-D-332.wav,train
unknown/3-103401-D-333.wav,train
unknown/3-103401-D-334.wav,train
unknown/3-103597-A-250.wav,train
unknown/3-103597-A-251.wav,train
unknown/3-103597-A-252.wav,train
unknown/3-103597-A-253.wav,train
unknown/3-103597-A-254.wav,test
unknown/3-103598-A-250.wav,train
unknown/3-103598-A-251.wav,train
unknown/3-103598-A-252.wav,train
unknown/3-103598-A-253.wav,train
unknown/3-103598-A-254.wav,train
unknown/3-103599-A-250.wav,train
unknown/3-103599-A-251.wav,train
unknown/3-103599-A-252.wav,train
unknown/3-103599-A-253.wav,train
unknown/3-103599-A-254.wav,train
unknown/3-103599-B-250.wav,train
unknown/3-103599-B-251.wav,train
unknown/3-103599-B-252.wav,train
unknown/3-103599-B-253.wav,train
unknown/3-103599-B-254.wav,train
unknown/3-104632-A-120.wav,train
unknown/3-104632-A-121.wav,test
unknown/3-104632-A-122.wav,train
unknown/3-104632-A-123.wav,test
unknown/3-104632-A-124.wav,train
unknown/3-104761-A-70.wav,train
unknown/3-104761-A-71.wav,train
unknown/3-104761-A-72.wav,train
unknown/3-104761-A-73.wav,test
unknown/3-104761-A-74.wav,train
unknown/3-104761-B-70.wav,test
unknown/3-104761-B-71.wav,train
unknown/3-104761-B-72.wav,train
unknown/3-104761-B-73.wav,train
unknown/3-104761-B-74.wav,train
unknown/3-104958-A-120.wav,train
unknown/3-104958-A-121.wav,train
unknown/3-104958-A-122.wav,train
unknown/3-104958-A-123.wav,test
unknown/3-104958-A-124.wav,train
unknown/3-105235-A-70.wav,train
unknown/3-105235-A-71.wav,train
unknown/3-105235-A-72.wav,train
unknown/3-105235-A-73.wav,train
unknown/3-105235-A-74.wav,train
unknown/3-105236-A-70.wav,train
unknown/3-105236-A-71.wav,train
unknown/3-105236-A-72.wav,test
unknown/3-105236-A-73.wav,train
unknown/3-105236-A-74.wav,train
unknown/3-107123-A-260.wav,train
unknown/3-107123-A-261.wav,train
unknown/3-107123-A-262.wav,train
unknown/3-107123-A-263.wav,train
unknown/3-107123-A-264.wav,train
unknown/3-107219-A-10.wav,train
unknown/3-107219-A-11.wav,test
unknown/3-107219-A-12.wav,test
unknown/3-107219-A-13.wav,train
unknown/3-107219-A-14.wav,train
unknown/3-108160-A-230.wav,test
unknown/3-108160-A-231.wav,train
unknown/3-108160-A-232.wav,train
unknown/3-108160-A-233.wav,train
unknown/3-108160-A-234.wav,test
unknown/3-108451-A-170.wav,train
unknown/3-108451-A-171.wav,train
unknown/3-108451-A-172.wav,train
unknown/3-108451-A-173.wav,train
unknown/3-108451-A-174.wav,train
unknown/3-108451-B-170.wav,train
unknown/3-108451-B-171.wav,train
unknown/3-108451-B-172.wav,test
unknown/3-108451-B-173.wav,train
unknown/3-108451-B-174.wav,train
unknown/3-108677-A-180.wav,train
unknown/3-108677-A-181.wav,train
unknown/3-108677-A-182.wav,train
unknown/3-108677-A-183.wav,test
unknown/3-108677-A-184.wav,train
unknown/3-108791-A-180.wav,train
unknown/3-108791-A-181.wav,test
unknown/3-108791-A-182.wav,train
unknown/3-108791-A-183.wav,train
unknown/3-108791-A-184.wav,train
unknown/3-110536-A-260.wav,test
unknown/3-110536-A-261.wav,train
unknown/3-110536-A-262.wav,train
unknown/3-110536-A-263.wav,train
unknown/3-110536-A-264.wav,test
unknown/3-110913-A-70.wav,train
unknown/3-110913-A-71.wav,test
unknown/3-110913-A-72.wav,test
unknown/3-110913-A-73.wav,test
unknown/3-110913-A-74.wav,train
unknown/3-110913-B-70.wav,train
unknown/3-110913-B-71.wav,train
unknown/3-110913-B-72.wav,train
unknown/3-110913-B-73.wav,train
unknown/3-110913-B-74.wav,train
unknown/3-110913-C-70.wav,test
unknown/3-110913-C-71.wav,train
unknown/3-110913-C-72.wav,test
unknown/3-110913-C-73.wav,train
unknown/3-110913-C-74.wav,train
unknown/3-110913-D-70.wav,train
unknown/3-110913-D-71.wav,train
unknown/3-110913-D-72.wav,train
unknown/3-110913-D-73.wav,train
unknown/3-110913-D-74.wav,train
unknown/3-111102-A-460.wav,train
unknown/3-111102-A-461.wav,test
unknown/3-111102-A-462.wav,train
unknown/3-111102-A-463.wav,test
unknown/3-111102-A-464.wav,test
unknown/3-111102-B-460.wav,train
unknown/3-111102-B-461.wav,train
unknown/3-111102-B-462.wav,test
unknown/3-111102-B-463.wav,train
unknown/3-111102-B-464.wav,train
unknown/3-112356-A-180.wav,test
unknown/3-112356-A-181.wav,train
unknown/3-112356-A-182.wav,test
unknown/3-112356-A-183.wav,train
unknown/3-112356-A-184.wav,train
unknown/3-112397-A-90.wav,test
unknown/3-112397-A-91.wav,test
unknown/3-112397-A-92.wav,train
unknown/3-112397-A-93.wav,train
unknown/3-112397-A-94.wav,train
unknown/3-112522-A-270.wav,train
unknown/3-112522-A-271.wav,train
unknown/3-112522-A-272.wav,test
unknown/3-112522-A-273.wav,train
unknown/3-112522-A-274.wav,train
unknown/3-112557-A-230.wav,train
unknown/3-112557-A-231.wav,train
unknown/3-112557-A-232.wav,test
unknown/3-112557-A-233.wav,train
unknown/3-112557-A-234.wav,test
unknown/3-112557-B-230.wav,train
unknown/3-112557-B-231.wav,test
unknown/3-112557-B-232.wav,train
unknown/3-112557-B-233.wav,train
unknown/3-112557-B-234.wav,train
unknown/3-115382-A-440.wav,train
unknown/3-115382-A-441.wav,test
unknown/3-115382-A-442.wav,train
unknown/3-115382-A-443.wav,test
unknown/3-115382-A-444.wav,train
unknown/3-115387-A-470.wav,train
unknown/3-115387-A-471.wav,train
unknown/3-115387-A-472.wav,train
unknown/3-115387-A-473.wav,train
unknown/3-115387-A-474.wav,train
unknown/3-115387-B-470.wav,train
unknown/3-115387-B-471.wav,test
unknown/3-115387-B-472.wav,test
unknown/3-115387-B-473.wav,train
unknown/3-115387-B-474.wav,train
unknown/3-115387-C-470.wav,train
unknown/3-115387-C-471.wav,train
unknown/3-115387-C-472.wav,train
unknown/3-115387-C-473.wav,test
unknown/3-115387-C-474.wav,train
unknown/3-116135-A-10.wav,train
unknown/3-116135-A-11.wav,train
unknown/3-116135-A-12.wav,train
unknown/3-116135-A-13.wav,train
unknown/3-116135-A-14.wav,test
unknown/3-117293-A-90.wav,train
unknown/3-117293-A-91.wav,train
unknown/3-117293-A-92.wav,train
unknown/3-117293-A-93.wav,test
unknown/3-117293-A-94.wav,train
unknown/3-117504-A-160.wav,test
unknown/3-117504-A-161.wav,train
unknown/3-117504-A-162.wav,test
unknown/3-117504-A-163.wav,train
unknown/3-117504-A-164.wav,train
unknown/3-117504-B-160.wav,train
unknown/3-117504-B-161.wav,train
unknown/3-117504-B-162.wav,test
unknown/3-117504-B-163.wav,train
unknown/3-117504-B-164.wav,train
unknown/3-117793-A-370.wav,train
unknown/3-117793-A-371.wav,train
unknown/3-117793-A-372.wav,train
unknown/3-117793-A-373.wav,train
unknown/3-117793-A-374.wav,train
unknown/3-117883-A-370.wav,train
unknown/3-117883-A-371.wav,train
unknown/3-117883-A-372.wav,test
unknown/3-117883-A-373.wav,train
unknown/3-117883-A-374.wav,train
unknown/3-118059-A-180.wav,train
unknown/3-118059-A-181.wav,test
unknown/3-118059-A-182.wav,train
unknown/3-118059-A-183.wav,train
unknown/3-118059-A-184.wav,test
unknown/3-118069-A-270.wav,test
unknown/3-118069-A-271.wav,train
unknown/3-118069-A-272.wav,train
unknown/3-118069-A-273.wav,test
unknown/3-118069-A-274.wav,train
unknown/3-118069-B-270.wav,train
unknown/3-118069-B-271.wav,train
unknown/3-118069-B-272.wav,test
unknown/3-118069-B-273.wav,train
unknown/3-118069-B-274.wav,train
unknown/3-118194-A-330.wav,train
unknown/3-118194-A-331.wav,test
unknown/3-118194-A-332.wav,train
unknown/3-118194-A-333.wav,train
unknown/3-118194-A-334.wav,test
unknown/3-118487-A-260.wav,train
unknown/3-118487-A-261.wav,train
unknown/3-118487-A-262.wav,train
unknown/3-118487-A-263.wav,train
unknown/3-118487-A-264.wav,train
unknown/3-118656-A-410.wav,train
unknown/3-118656-A-411.wav,train
unknown/3-118656-A-412.wav,train
unknown/3-118656-A-413.wav,train
unknown/3-118656-A-414.wav,train
unknown/3-118657-A-410.wav,test
unknown/3-118657-A-411.wav,test
unknown/3-118657-A-412.wav,train
unknown/3-118657-A-413.wav,train
unknown/3-118657-A-414.wav,train
unknown/3-118657-B-410.wav,train
unknown/3-118657-B-411.wav,train
unknown/3-118657-B-412.wav,train
unknown/3-118657-B-413.wav,train
unknown/3-118657-B-414.wav,train
unknown/3-118658-A-410.wav,train
unknown/3-118658-A-411.wav,train
unknown/3-118658-A-412.wav,train
unknown/3-118658-A-413.wav,test
unknown/3-118658-A-414.wav,train
unknown/3-118658-B-410.wav,train
unknown/3-118658-B-411.wav,train
unknown/3-118658-B-412.wav,train
unknown/3-118658-B-413.wav,train
unknown/3-118658-B-414.wav,test
unknown/3-118972-A-410.wav,train
unknown/3-118972-A-411.wav,train
unknown/3-118972-A-412.wav,train
unknown/3-118972-A-413.wav,train
unknown/3-118972-A-414.wav,train
unknown/3-118972-B-410.wav,train
unknown/3-118972-B-411.wav,train
unknown/3-118972-B-412.wav,train
unknown/3-118972-B-413.wav,train
unknown/3-118972-B-414.wav,train
unknown/3-119120-A-480.wav,train
unknown/3-119120-A-481.wav,train
unknown/3-119120-A-482.wav,train
unknown/3-119120-A-483.wav,train
unknown/3-119120-A-484.wav,train
unknown/3-119120-B-480.wav,test
unknown/3-119120-B-481.wav,train
unknown/3-119120-B-482.wav,train
unknown/3-119120-B-483.wav,test
unknown/3-119120-B-484.wav,train
unknown/3-119120-C-480.wav,train
unknown/3-119120-C-481.wav,train
unknown/3-119120-C-482.wav,train
unknown/3-119120-C-483.wav,train
unknown/3-119120-C-484.wav,train
unknown/3-119120-D-480.wav,test
unknown/3-119120-D-481.wav,train
unknown/3-119120-D-482.wav,test
unknown/3-119120-D-483.wav,train
unknown/3-119120-D-484.wav,test
unknown/3-119120-E-480.wav,test
unknown/3-119120-E-481.wav,train
unknown/3-119120-E-482.wav,test
unknown/3-119120-E-483.wav,train
unknown/3-119120-E-484.wav,train
unknown/3-119455-A-440.wav,train
unknown/3-119455-A-441.wav,train
unknown/3-119455-A-442.wav,train
unknown/3-119455-A-443.wav,train
unknown/3-119455-A-444.wav,train
unknown/3-119459-A-260.wav,train
unknown/3-119459-A-261.wav,train
unknown/3-119459-A-262.wav,train
unknown/3-119459-A-263.wav,train
unknown/3-119459-A-264.wav,train
unknown/3-120526-A-370.wav,train
unknown/3-120526-A-371.wav,train
unknown/3-120526-A-372.wav,train
unknown/3-120526-A-373.wav,train
unknown/3-120526-A-374.wav,test
unknown/3-120526-B-370.wav,train
unknown/3-120526-B-371.wav,train
unknown/3-120526-B-372.wav,train
unknown/3-120526-B-373.wav,train
unknown/3-120526-B-374.wav,train
unknown/3-120644-A-120.wav,train
unknown/3-120644-A-121.wav,train
unknown/3-120644-A-122.wav,test
unknown/3-120644-A-123.wav,test
unknown/3-120644-A-124.wav,train
unknown/3-121348-A-90.wav,train
unknown/3-121348-A-91.wav,train
unknown/3-121348-A-92.wav,train
unknown/3-121348-A-93.wav,train
unknown/3-121348-A-94.wav,train
unknown/3-122110-A-460.wav,train
unknown/3-122110-A-461.wav,train
unknown/3-122110-A-462.wav,train
unknown/3-122110-A-463.wav,test
unknown/3-122110-A-464.wav,train
unknown/3-123086-A-280.wav,train
unknown/3-123086-A-281.wav,train
unknown/3-123086-A-282.wav,train
unknown/3-123086-A-283.wav,train
unknown/3-123086-A-284.wav,train
unknown/3-123224-A-190.wav,test
unknown/3-123224-A-191.wav,train
unknown/3-123224-A-192.wav,train
unknown/3-123224-A-193.wav,train
unknown/3-123224-A-194.wav,train
unknown/3-124376-A-30.wav,train
unknown/3-124376-A-31.wav,train
unknown/3-124376-A-32.wav,test
unknown/3-124376-A-33.wav,train
unknown/3-124376-A-34.wav,train
unknown/3-124376-B-30.wav,train
unknown/3-124376-B-31.wav,train
unknown/3-124376-B-32.wav,train
unknown/3-124376-B-33.wav,train
unknown/3-124376-B-34.wav,train
unknown/3-124600-A-190.wav,train
unknown/3-124600-A-191.wav,test
unknown/3-124600-A-192.wav,train
unknown/3-124600-A-193.wav,train
unknown/3-124600-A-194.wav,test
unknown/3-124795-A-280.wav,test
unknown/3-124795-A-281.wav,train
unknown/3-124795-A-282.wav,train
unknown/3-124795-A-283.wav,train
unknown/3-124795-A-284.wav,test
unknown/3-124925-A-90.wav,test
unknown/3-124925-A-91.wav,test
unknown/3-124925-A-92.wav,test
unknown/3-124925-A-93.wav,train
unknown/3-124925-A-94.wav,test
unknown/3-124958-A-280.wav,train
unknown/3-124958-A-281.wav,test
unknown/3-124958-A-282.wav,train
unknown/3-124958-A-283.wav,train
unknown/3-124958-A-284.wav,test
unknown/3-125418-A-240.wav,train
unknown/3-125418-A-241.wav,train
unknown/3-125418-A-242.wav,test
unknown/3-125418-A-243.wav,train
unknown/3-125418-A-244.wav,test
unknown/3-125548-A-320.wav,train
unknown/3-125548-A-321.wav,train
unknown/3-125548-A-322.wav,train
unknown/3-125548-A-323.wav,train
unknown/3-125548-A-324.wav,train
unknown/3-126113-A-260.wav,test
unknown/3-126113-A-261.wav,test
unknown/3-126113-A-262.wav,train
unknown/3-126113-A-263.wav,train
unknown/3-126113-A-264.wav,train
unknown/3-126358-A-30.wav,train
unknown/3-126358-A-31.wav,train
unknown/3-126358-A-32.wav,train
unknown/3-126358-A-33.wav,train
unknown/3-126358-A-34.wav,train
unknown/3-126358-B-30.wav,train
unknown/3-126358-B-31.wav,train
unknown/3-126358-B-32.wav,train
unknown/3-126358-B-33.wav,train
unknown/3-126358-B-34.wav,test
unknown/3-126391-A-270.wav,train
unknown/3-126391-A-271.wav,train
unknown/3-126391-A-272.wav,test
unknown/3-126391-A-273.wav,train
unknown/3-126391-A-274.wav,test
unknown/3-126391-B-270.wav,train
unknown/3-126391-B-271.wav,train
unknown/3-126391-B-272.wav,test
unknown/3-126391-B-273.wav,train
unknown/3-126391-B-274.wav,train
unknown/3-127874-A-170.wav,train
unknown/3-127874-A-171.wav,train
unknown/3-127874-A-172.wav,train
unknown/3-127874-A-173.wav,train
unknown/3-127874-A-174.wav,train
unknown/3-127890-A-90.wav,test
unknown/3-127890-A-91.wav,train
unknown/3-127890-A-92.wav,train
unknown/3-127890-A-93.wav,train
unknown/3-127890-A-94.wav,train
unknown/3-127890-B-90.wav,train
unknown/3-127890-B-91.wav,train
unknown/3-127890-B-92.wav,test
unknown/3-127890-B-93.wav,train
unknown/3-127890-B-94.wav,train
unknown/3-127890-C-90.wav,test
unknown/3-127890-C-91.wav,test
unknown/3-127890-C-92.wav,test
unknown/3-127890-C-93.wav,test
unknown/3-127890-C-94.wav,test
unknown/3-128160-A-440.wav,test
unknown/3-128160-A-441.wav,test
unknown/3-128160-A-442.wav,train
unknown/3-128160-A-443.wav,test
unknown/3-128160-A-444.wav,train
unknown/3-128512-A-470.wav,train
unknown/3-128512-A-471.wav,train
unknown/3-128512-A-472.wav,train
unknown/3-128512-A-473.wav,train
unknown/3-128512-A-474.wav,train
unknown/3-128512-B-470.wav,train
unknown/3-128512-B-471.wav,train
unknown/3-128512-B-472.wav,train
unknown/3-128512-B-473.wav,train
unknown/3-128512-B-474.wav,train
unknown/3-129264-A-90.wav,train
unknown/3-129264-A-91.wav,train
unknown/3-129264-A-92.wav,train
unknown/3-129264-A-93.wav,train
unknown/3-129264-A-94.wav,train
unknown/3-129338-A-130.wav,train
unknown/3-129338-A-131.wav,test
unknown/3-129338-A-132.wav,train
unknown/3-129338-A-133.wav,train
unknown/3-129338-A-134.wav,train
unknown/3-129678-A-130.wav,train
unknown/3-129678-A-131.wav,train
unknown/3-129678-A-132.wav,train
unknown/3-129678-A-133.wav,test
unknown/3-129678-A-134.wav,train
unknown/3-130330-A-220.wav,train
unknown/3-130330-A-221.wav,train
unknown/3-130330-A-222.wav,train
unknown/3-130330-A-223.wav,train
unknown/3-130330-A-224.wav,test
unknown/3-130998-A-280.wav,test
unknown/3-130998-A-281.wav,train
unknown/3-130998-A-282.wav,train
unknown/3-130998-A-283.wav,train
unknown/3-130998-A-284.wav,train
unknown/3-130998-B-280.wav,train
unknown/3-130998-B-281.wav,train
unknown/3-130998-B-282.wav,train
unknown/3-130998-B-283.wav,train
unknown/3-130998-B-284.wav,train
unknown/3-131943-A-370.wav,train
unknown/3-131943-A-371.wav,train
unknown/3-131943-A-372.wav,test
unknown/3-131943-A-373.wav,test
unknown/3-131943-A-374.wav,train
unknown/3-132340-A-370.wav,train
unknown/3-132340-A-371.wav,test
unknown/3-132340-A-372.wav,test
unknown/3-132340-A-373.wav,train
unknown/3-132340-A-374.wav,train
unknown/3-132601-A-240.wav,train
unknown/3-132601-A-241.wav,train
unknown/3-132601-A-242.wav,train
unknown/3-132601-A-243.wav,train
unknown/3-132601-A-244.wav,test
unknown/3-132747-A-260.wav,train
unknown/3-132747-A-261.wav,train
unknown/3-132747-A-262.wav,train
unknown/3-132747-A-263.wav,train
unknown/3-132747-A-264.wav,train
unknown/3-132830-A-320.wav,train
unknown/3-132830-A-321.wav,train
unknown/3-132830-A-322.wav,train
unknown/3-132830-A-323.wav,train
unknown/3-132830-A-324.wav,train
unknown/3-132852-A-100.wav,test
unknown/3-132852-A-101.wav,train
unknown/3-132852-A-102.wav,train
unknown/3-132852-A-103.wav,test
unknown/3-132852-A-104.wav,train
unknown/3-133977-A-290.wav,train
unknown/3-133977-A-291.wav,train
unknown/3-133977-A-292.wav,train
unknown/3-133977-A-293.wav,train
unknown/3-133977-A-294.wav,train
unknown/3-134049-A-10.wav,test
unknown/3-134049-A-11.wav,train
unknown/3-134049-A-12.wav,train
unknown/3-134049-A-13.wav,train
unknown/3-134049-A-14.wav,train
unknown/3-134699-A-160.wav,train
unknown/3-134699-A-161.wav,train
unknown/3-134699-A-162.wav,train
unknown/3-134699-A-163.wav,train
unknown/3-134699-A-164.wav,test
unknown/3-134699-B-160.wav,train
unknown/3-134699-B-161.wav,train
unknown/3-134699-B-162.wav,train
unknown/3-134699-B-163.wav,train
unknown/3-134699-B-164.wav,train
unknown/3-134699-C-160.wav,train
unknown/3-134699-C-161.wav,test
unknown/3-134699-C-162.wav,train
unknown/3-134699-C-163.wav,train
unknown/3-134699-C-164.wav,train
unknown/3-134802-A-130.wav,train
unknown/3-134802-A-131.wav,train
unknown/3-134802-A-132.wav,train
unknown/3-134802-A-133.wav,test
unknown/3-134802-A-134.wav,train
unknown/3-135469-A-350.wav,train
unknown/3-135469-A-351.wav,train
unknown/3-135469-A-352.wav,train
unknown/3-135469-A-353.wav,train
unknown/3-135469-A-354.wav,train
unknown/3-135650-A-450.wav,train
unknown/3-135650-A-451.wav,train
unknown/3-135650-A-452.wav,train
unknown/3-135650-A-453.wav,train
unknown/3-135650-A-454.wav,train
unknown/3-135650-B-450.wav,test
unknown/3-135650-B-451.wav,test
unknown/3-135650-B-452.wav,train
unknown/3-135650-B-453.wav,train
unknown/3-135650-B-454.wav,train
unknown/3-136288-A-00.wav,test
unknown/3-136288-A-01.wav,train
unknown/3-136288-A-02.wav,train
unknown/3-136288-A-03.wav,train
unknown/3-136288-A-04.wav,train
unknown/3-136451-A-450.wav,test
unknown/3-136451-A-451.wav,train
unknown/3-136451-A-452.wav,train
unknown/3-136451-A-453.wav,train
unknown/3-136451-A-454.wav,train
unknown/3-136608-A-160.wav,train
unknown/3-136608-A-161.wav,train
unknown/3-136608-A-162.wav,train
unknown/3-136608-A-163.wav,train
unknown/3-136608-A-164.wav,train
unknown/3-137152-A-10.wav,train
unknown/3-137152-A-11.wav,test
unknown/3-137152-A-12.wav,train
unknown/3-137152-A-13.wav,train
unknown/3-137152-A-14.wav,train
unknown/3-138114-A-220.wav,test
unknown/3-138114-A-221.wav,test
unknown/3-138114-A-222.wav,train
unknown/3-138114-A-223.wav,train
unknown/3-138114-A-224.wav,train
unknown/3-138212-A-450.wav,train
unknown/3-138212-A-451.wav,test
unknown/3-138212-A-452.wav,train
unknown/3-138212-A-453.wav,test
unknown/3-138212-A-454.wav,train
unknown/3-139109-A-460.wav,train
unknown/3-139109-A-461.wav,train
unknown/3-139109-A-462.wav,test
unknown/3-139109-A-463.wav,train
unknown/3-139109-A-464.wav,train
unknown/3-139331-A-270.wav,train
unknown/3-139331-A-271.wav,train
unknown/3-139331-A-272.wav,train
unknown/3-139331-A-273.wav,train
unknown/3-139331-A-274.wav,train
unknown/3-139958-A-370.wav,train
unknown/3-139958-A-371.wav,train
unknown/3-139958-A-372.wav,test
unknown/3-139958-A-373.wav,train
unknown/3-139958-A-374.wav,train
unknown/3-140199-A-80.wav,train
unknown/3-140199-A-81.wav,test
unknown/3-140199-A-82.wav,train
unknown/3-140199-A-83.wav,train
unknown/3-140199-A-84.wav,train
unknown/3-140199-B-80.wav,train
unknown/3-140199-B-81.wav,train
unknown/3-140199-B-82.wav,train
unknown/3-140199-B-83.wav,train
unknown/3-140199-B-84.wav,test
unknown/3-140199-C-80.wav,train
unknown/3-140199-C-81.wav,train
unknown/3-140199-C-82.wav,test
unknown/3-140199-C-83.wav,train
unknown/3-140199-C-84.wav,test
unknown/3-140199-D-80.wav,train
unknown/3-140199-D-81.wav,train
unknown/3-140199-D-82.wav,train
unknown/3-140199-D-83.wav,train
unknown/3-140199-D-84.wav,train
unknown/3-140323-A-290.wav,train
unknown/3-140323-A-291.wav,train
unknown/3-140323-A-292.wav,train
unknown/3-140323-A-293.wav,train
unknown/3-140323-A-294.wav,train
unknown/3-140774-A-100.wav,train
unknown/3-140774-A-101.wav,train
unknown/3-140774-A-102.wav,train
unknown/3-140774-A-103.wav,train
unknown/3-140774-A-104.wav,train
unknown/3-141240-A-440.wav,train
unknown/3-141240-A-441.wav,train
unknown/3-141240-A-442.wav,train
unknown/3-141240-A-443.wav,train
unknown/3-141240-A-444.wav,train
unknown/3-141240-B-440.wav,train
unknown/3-141240-B-441.wav,train
unknown/3-141240-B-442.wav,train
unknown/3-141240-B-443.wav,train
unknown/3-141240-B-444.wav,train
unknown/3-141559-A-450.wav,train
unknown/3-141559-A-451.wav,train
unknown/3-141559-A-452.wav,test
unknown/3-141559-A-453.wav,train
unknown/3-141559-A-454.wav,train
unknown/3-141684-A-210.wav,train
unknown/3-141684-A-211.wav,train
unknown/3-141684-A-212.wav,train
unknown/3-141684-A-213.wav,train
unknown/3-141684-A-214.wav,train
unknown/3-142005-A-100.wav,train
unknown/3-142005-A-101.wav,train
unknown/3-142005-A-102.wav,train
unknown/3-142005-A-103.wav,train
unknown/3-142005-A-104.wav,train
unknown/3-142006-A-100.wav,train
unknown/3-142006-A-101.wav,train
unknown/3-142006-A-102.wav,train
unknown/3-142006-A-103.wav,test
unknown/3-142006-A-104.wav,train
unknown/3-142349-A-170.wav,train
unknown/3-142349-A-171.wav,train
unknown/3-142349-A-172.wav,train
unknown/3-142349-A-173.wav,train
unknown/3-142349-A-174.wav,train
unknown/3-142593-A-380.wav,train
unknown/3-142593-A-381.wav,train
unknown/3-142593-A-382.wav,train
unknown/3-142593-A-383.wav,test
unknown/3-142593-A-384.wav,train
unknown/3-142601-A-210.wav,train
unknown/3-142601-A-211.wav,test
unknown/3-142601-A-212.wav,train
unknown/3-142601-A-213.wav,train
unknown/3-142601-A-214.wav,test
unknown/3-142604-A-240.wav,test
unknown/3-142604-A-241.wav,test
unknown/3-142604-A-242.wav,train
unknown/3-142604-A-243.wav,train
unknown/3-142604-A-244.wav,train
unknown/3-142605-A-210.wav,train
unknown/3-142605-A-211.wav,train
unknown/3-142605-A-212.wav,train
unknown/3-142605-A-213.wav,train
unknown/3-142605-A-214.wav,train
unknown/3-143119-A-210.wav,train
unknown/3-143119-A-211.wav,train
unknown/3-143119-A-212.wav,test
unknown/3-143119-A-213.wav,train
unknown/3-143119-A-214.wav,train
unknown/3-143560-A-470.wav,train
unknown/3-143560-A-471.wav,test
unknown/3-143560-A-472.wav,train
unknown/3-143560-A-473.wav,train
unknown/3-143560-A-474.wav,train
unknown/3-143562-A-470.wav,train
unknown/3-143562-A-471.wav,test
unknown/3-143562-A-472.wav,train
unknown/3-143562-A-473.wav,train
unknown/3-143562-A-474.wav,test
unknown/3-143929-A-100.wav,train
unknown/3-143929-A-101.wav,train
unknown/3-143929-A-102.wav,train
unknown/3-143929-A-103.wav,train
unknown/3-143929-A-104.wav,train
unknown/3-143933-A-380.wav,train
unknown/3-143933-A-381.wav,train
unknown/3-143933-A-382.wav,train
unknown/3-143933-A-383.wav,train
unknown/3-143933-A-384.wav,train
unknown/3-144028-A-00.wav,train
unknown/3-144028-A-01.wav,train
unknown/3-144028-A-02.wav,train
unknown/3-144028-A-03.wav,train
unknown/3-144028-A-04.wav,train
unknown/3-144106-A-320.wav,train
unknown/3-144106-A-321.wav,test
unknown/3-144106-A-322.wav,train
unknown/3-144106-A-323.wav,train
unknown/3-144106-A-324.wav,test
unknown/3-144120-A-320.wav,train
unknown/3-144120-A-321.wav,train
unknown/3-144120-A-322.wav,train
unknown/3-144120-A-323.wav,test
unknown/3-144120-A-324.wav,train
unknown/3-144128-A-230.wav,train
unknown/3-144128-A-231.wav,train
unknown/3-144128-A-232.wav,test
unknown/3-144128-A-233.wav,train
unknown/3-144128-A-234.wav,test
unknown/3-144128-B-230.wav,train
unknown/3-144128-B-231.wav,train
unknown/3-144128-B-232.wav,train
unknown/3-144128-B-233.wav,train
unknown/3-144128-B-234.wav,test
unknown/3-144253-A-290.wav,train
unknown/3-144253-A-291.wav,train
unknown/3-144253-A-292.wav,test
unknown/3-144253-A-293.wav,test
unknown/3-144253-A-294.wav,train
unknown/3-144259-A-290.wav,train
unknown/3-144259-A-291.wav,train
unknown/3-144259-A-292.wav,train
unknown/3-144259-A-293.wav,test
unknown/3-144259-A-294.wav,test
unknown/3-144510-A-300.wav,test
unknown/3-144510-A-301.wav,train
unknown/3-144510-A-302.wav,train
unknown/3-144510-A-303.wav,test
unknown/3-144510-A-304.wav,train
unknown/3-144692-A-210.wav,test
unknown/3-144692-A-211.wav,train
unknown/3-144692-A-212.wav,train
unknown/3-144692-A-213.wav,train
unknown/3-144692-A-214.wav,test
unknown/3-144827-A-110.wav,train
unknown/3-144827-A-111.wav,train
unknown/3-144827-A-112.wav,train
unknown/3-144827-A-113.wav,train
unknown/3-144827-A-114.wav,test
unknown/3-144827-B-110.wav,train
unknown/3-144827-B-111.wav,train
unknown/3-144827-B-112.wav,train
unknown/3-144827-B-113.wav,train
unknown/3-144827-B-114.wav,train
unknown/3-144891-A-190.wav,train
unknown/3-144891-A-191.wav,train
unknown/3-144891-A-192.wav,train
unknown/3-144891-A-193.wav,train
unknown/3-144891-A-194.wav,train
unknown/3-144891-B-190.wav,test
unknown/3-144891-B-191.wav,train
unknown/3-144891-B-192.wav,train
unknown/3-144891-B-193.wav,train
unknown/3-144891-B-194.wav,test
unknown/3-145382-A-10.wav,train
unknown/3-145382-A-11.wav,test
unknown/3-145382-A-12.wav,train
unknown/3-145382-A-13.wav,test
unknown/3-145382-A-14.wav,train
unknown/3-145387-A-290.wav,test
unknown/3-145387-A-291.wav,train
unknown/3-145387-A-292.wav,train
unknown/3-145387-A-293.wav,train
unknown/3-145387-A-294.wav,train
unknown/3-145487-A-240.wav,test
unknown/3-145487-A-241.wav,train
unknown/3-145487-A-242.wav,train
unknown/3-145487-A-243.wav,test
unknown/3-145487-A-244.wav,train
unknown/3-145577-A-430.wav,train
unknown/3-145577-A-431.wav,train
unknown/3-145577-A-432.wav,test
unknown/3-145577-A-433.wav,test
unknown/3-145577-A-434.wav,train
unknown/3-145719-A-170.wav,train
unknown/3-145719-A-171.wav,train
unknown/3-145719-A-172.wav,test
unknown/3-145719-A-173.wav,test
unknown/3-145719-A-174.wav,train
unknown/3-145774-A-120.wav,train
unknown/3-145774-A-121.wav,train
unknown/3-145774-A-122.wav,train
unknown/3-145774-A-123.wav,train
unknown/3-145774-A-124.wav,train
unknown/3-146033-A-130.wav,train
unknown/3-146033-A-131.wav,train
unknown/3-146033-A-132.wav,train
unknown/3-146033-A-133.wav,test
unknown/3-146033-A-134.wav,train
unknown/3-146186-A-440.wav,train
unknown/3-146186-A-441.wav,train
unknown/3-146186-A-442.wav,test
unknown/3-146186-A-443.wav,train
unknown/3-146186-A-444.wav,train
unknown/3-146697-A-430.wav,test
unknown/3-146697-A-431.wav,train
unknown/3-146697-A-432.wav,train
unknown/3-146697-A-433.wav,train
unknown/3-146697-A-434.wav,train
unknown/3-146873-A-240.wav,train
unknown/3-146873-A-241.wav,test
unknown/3-146873-A-242.wav,train
unknown/3-146873-A-243.wav,train
unknown/3-146873-A-244.wav,train
unknown/3-146964-A-50.wav,train
unknown/3-146964-A-51.wav,test
unknown/3-146964-A-52.wav,train
unknown/3-146964-A-53.wav,train
unknown/3-146964-A-54.wav,train
unknown/3-146965-A-50.wav,train
unknown/3-146965-A-51.wav,test
unknown/3-146965-A-52.wav,test
unknown/3-146965-A-53.wav,train
unknown/3-146965-A-54.wav,test
unknown/3-146972-A-50.wav,train
unknown/3-146972-A-51.wav,train
unknown/3-146972-A-52.wav,train
unknown/3-146972-A-53.wav,train
unknown/3-146972-A-54.wav,train
unknown/3-147342-A-340.wav,train
unknown/3-147342-A-341.wav,train
unknown/3-147342-A-342.wav,train
unknown/3-147342-A-343.wav,test
unknown/3-147342-A-344.wav,train
unknown/3-147343-A-340.wav,train
unknown/3-147343-A-341.wav,train
unknown/3-147343-A-342.wav,train
unknown/3-147343-A-343.wav,test
unknown/3-147343-A-344.wav,test
unknown/3-147965-A-120.wav,test
unknown/3-147965-A-121.wav,train
unknown/3-147965-A-122.wav,train
unknown/3-147965-A-123.wav,train
unknown/3-147965-A-124.wav,train
unknown/3-148297-A-370.wav,train
unknown/3-148297-A-371.wav,test
unknown/3-148297-A-372.wav,train
unknown/3-148297-A-373.wav,train
unknown/3-148297-A-374.wav,train
unknown/3-148330-A-210.wav,train
unknown/3-148330-A-211.wav,train
unknown/3-148330-A-212.wav,train
unknown/3-148330-A-213.wav,train
unknown/3-148330-A-214.wav,train
unknown/3-148932-A-340.wav,test
unknown/3-148932-A-341.wav,train
unknown/3-148932-A-342.wav,train
unknown/3-148932-A-343.wav,train
unknown/3-148932-A-344.wav,train
unknown/3-149042-A-240.wav,test
unknown/3-149042-A-241.wav,train
unknown/3-149042-A-242.wav,train
unknown/3-149042-A-243.wav,train
unknown/3-149042-A-244.wav,train
unknown/3-149189-A-10.wav,train
unknown/3-149189-A-11.wav,train
unknown/3-149189-A-12.wav,train
unknown/3-149189-A-13.wav,train
unknown/3-149189-A-14.wav,test
unknown/3-149448-A-170.wav,train
unknown/3-149448-A-171.wav,train
unknown/3-149448-A-172.wav,train
unknown/3-149448-A-173.wav,test
unknown/3-149448-A-174.wav,train
unknown/3-149465-A-220.wav,test
unknown/3-149465-A-221.wav,train
unknown/3-149465-A-222.wav,train
unknown/3-149465-A-223.wav,train
unknown/3-149465-A-224.wav,train
unknown/3-150231-A-210.wav,train
unknown/3-150231-A-211.wav,train
unknown/3-150231-A-212.wav,train
unknown/3-150231-A-213.wav,train
unknown/3-150231-A-214.wav,train
unknown/3-150363-A-380.wav,train
unknown/3-150363-A-381.wav,train
unknown/3-150363-A-382.wav,train
unknown/3-150363-A-383.wav,train
unknown/3-150363-A-384.wav,train
unknown/3-150979-A-400.wav,train
unknown/3-150979-A-401.wav,train
unknown/3-150979-A-402.wav,train
unknown/3-150979-A-403.wav,test
unknown/3-150979-A-404.wav,train
unknown/3-150979-B-400.wav,train
unknown/3-150979-B-401.wav,train
unknown/3-150979-B-402.wav,test
unknown/3-150979-B-403.wav,train
unknown/3-150979-B-404.wav,train
unknown/3-150979-C-400.wav,test
unknown/3-150979-C-401.wav,train
unknown/3-150979-C-402.wav,test
unknown/3-150979-C-403.wav,train
unknown/3-150979-C-404.wav,train
unknown/3-151080-A-200.wav,test
unknown/3-151080-A-201.wav,train
unknown/3-151080-A-202.wav,train
unknown/3-151080-A-203.wav,train
unknown/3-151080-A-204.wav,test
unknown/3-151081-A-200.wav,train
unknown/3-151081-A-201.wav,train
unknown/3-151081-A-202.wav,train
unknown/3-151081-A-203.wav,train
unknown/3-151081-A-204.wav,train
unknown/3-151081-B-200.wav,train
unknown/3-151081-B-201.wav,train
unknown/3-151081-B-202.wav,train
unknown/3-151081-B-203.wav,train
unknown/3-151081-B-204.wav,train
unknown/3-151089-A-300.wav,train
unknown/3-151089-A-301.wav,train
unknown/3-151089-A-302.wav,train
unknown/3-151089-A-303.wav,train
unknown/3-151089-A-304.wav,train
unknown/3-151206-A-230.wav,train
unknown/3-151206-A-231.wav,train
unknown/3-151206-A-232.wav,train
unknown/3-151206-A-233.wav,train
unknown/3-151206-A-234.wav,train
unknown/3-151212-A-240.wav,train
unknown/3-151212-A-241.wav,train
unknown/3-151212-A-242.wav,train
unknown/3-151212-A-243.wav,train
unknown/3-151212-A-244.wav,test
unknown/3-151213-A-240.wav,train
unknown/3-151213-A-241.wav,train
unknown/3-151213-A-242.wav,train
unknown/3-151213-A-243.wav,train
unknown/3-151213-A-244.wav,test
unknown/3-151255-A-280.wav,train
unknown/3-151255-A-281.wav,train
unknown/3-151255-A-282.wav,train
unknown/3-151255-A-283.wav,train
unknown/3-151255-A-284.wav,train
unknown/3-151269-A-350.wav,test
unknown/3-151269-A-351.wav,train
unknown/3-151269-A-352.wav,train
unknown/3-151269-A-353.wav,train
unknown/3-151269-A-354.wav,train
unknown/3-151273-A-350.wav,train
unknown/3-151273-A-351.wav,train
unknown/3-151273-A-352.wav,train
unknown/3-151273-A-353.wav,train
unknown/3-151273-A-354.wav,train
unknown/3-151557-A-280.wav,train
unknown/3-151557-A-281.wav,train
unknown/3-151557-A-282.wav,train
unknown/3-151557-A-283.wav,test
unknown/3-151557-A-284.wav,train
unknown/3-151557-B-280.wav,test
unknown/3-151557-B-281.wav,train
unknown/3-151557-B-282.wav,train
unknown/3-151557-B-283.wav,train
unknown/3-151557-B-284.wav,train
unknown/3-152007-A-200.wav,train
unknown/3-152007-A-201.wav,train
unknown/3-152007-A-202.wav,train
unknown/3-152007-A-203.wav,train
unknown/3-152007-A-204.wav,train
unknown/3-152007-B-200.wav,train
unknown/3-152007-B-201.wav,train
unknown/3-152007-B-202.wav,test
unknown/3-152007-B-203.wav,train
unknown/3-152007-B-204.wav,train
unknown/3-152007-C-200.wav,train
unknown/3-152007-C-201.wav,test
unknown/3-152007-C-202.wav,train
unknown/3-152007-C-203.wav,train
unknown/3-152007-C-204.wav,train
unknown/3-152007-D-200.wav,test
unknown/3-152007-D-201.wav,test
unknown/3-152007-D-202.wav,train
unknown/3-152007-D-203.wav,train
unknown/3-152007-D-204.wav,train
unknown/3-152007-E-200.wav,test
unknown/3-152007-E-201.wav,train
unknown/3-152007-E-202.wav,train
unknown/3-152007-E-203.wav,train
unknown/3-152007-E-204.wav,train
unknown/3-152020-A-360.wav,train
unknown/3-152020-A-361.wav,train
unknown/3-152020-A-362.wav,test
unknown/3-152020-A-363.wav,train
unknown/3-152020-A-364.wav,train
unknown/3-152020-B-360.wav,train
unknown/3-152020-B-361.wav,train
unknown/3-152020-B-362.wav,test
unknown/3-152020-B-363.wav,train
unknown/3-152020-B-364.wav,train
unknown/3-152020-C-360.wav,train
unknown/3-152020-C-361.wav,train
unknown/3-152020-C-362.wav,test
unknown/3-152020-C-363.wav,train
unknown/3-152020-C-364.wav,train
unknown/3-152039-A-30.wav,train
unknown/3-152039-A-31.wav,train
unknown/3-152039-A-32.wav,test
unknown/3-152039-A-33.wav,train
unknown/3-152039-A-34.wav,train
unknown/3-152039-B-30.wav,train
unknown/3-152039-B-31.wav,train
unknown/3-152039-B-32.wav,test
unknown/3-152039-B-33.wav,test
unknown/3-152039-B-34.wav,test
unknown/3-152594-A-300.wav,train
unknown/3-152594-A-301.wav,train
unknown/3-152594-A-302.wav,test
unknown/3-152594-A-303.wav,train
unknown/3-152594-A-304.wav,train
unknown/3-152912-A-260.wav,train
unknown/3-152912-A-261.wav,train
unknown/3-152912-A-262.wav,train
unknown/3-152912-A-263.wav,train
unknown/3-152912-A-264.wav,train
unknown/3-152997-A-260.wav,train
unknown/3-152997-A-261.wav,train
unknown/3-152997-A-262.wav,train
unknown/3-152997-A-263.wav,train
unknown/3-152997-A-264.wav,train
unknown/3-153057-A-430.wav,test
unknown/3-153057-A-431.wav,train
unknown/3-153057-A-432.wav,train
unknown/3-153057-A-433.wav,test
unknown/3-153057-A-434.wav,test
unknown/3-153444-A-320.wav,train
unknown/3-153444-A-321.wav,train
unknown/3-153444-A-322.wav,train
unknown/3-153444-A-323.wav,test
unknown/3-153444-A-324.wav,train
unknown/3-154378-A-300.wav,train
unknown/3-154378-A-301.wav,train
unknown/3-154378-A-302.wav,train
unknown/3-154378-A-303.wav,train
unknown/3-154378-A-304.wav,test
unknown/3-154439-A-170.wav,test
unknown/3-154439-A-171.wav,train
unknown/3-154439-A-172.wav,train
unknown/3-154439-A-173.wav,train
unknown/3-154439-A-174.wav,train
unknown/3-154758-A-440.wav,train
unknown/3-154758-A-441.wav,test
unknown/3-154758-A-442.wav,train
unknown/3-154758-A-443.wav,test
unknown/3-154758-A-444.wav,train
unknown/3-154781-A-320.wav,test
unknown/3-154781-A-321.wav,train
unknown/3-154781-A-322.wav,train
unknown/3-154781-A-323.wav,train
unknown/3-154781-A-324.wav,train
unknown/3-154926-A-400.wav,train
unknown/3-154926-A-401.wav,train
unknown/3-154926-A-402.wav,train
unknown/3-154926-A-403.wav,test
unknown/3-154926-A-404.wav,train
unknown/3-154926-B-400.wav,test
unknown/3-154926-B-401.wav,train
unknown/3-154926-B-402.wav,train
unknown/3-154926-B-403.wav,train
unknown/3-154926-B-404.wav,train
unknown/3-154957-A-10.wav,train
unknown/3-154957-A-11.wav,test
unknown/3-154957-A-12.wav,train
unknown/3-154957-A-13.wav,train
unknown/3-154957-A-14.wav,train
unknown/3-155130-A-430.wav,train
unknown/3-155130-A-431.wav,train
unknown/3-155130-A-432.wav,train
unknown/3-155130-A-433.wav,train
unknown/3-155130-A-434.wav,test
unknown/3-155234-A-430.wav,train
unknown/3-155234-A-431.wav,train
unknown/3-155234-A-432.wav,train
unknown/3-155234-A-433.wav,train
unknown/3-155234-A-434.wav,train
unknown/3-155312-A-00.wav,train
unknown/3-155312-A-01.wav,train
unknown/3-155312-A-02.wav,train
unknown/3-155312-A-03.wav,train
unknown/3-155312-A-04.wav,train
unknown/3-155556-A-310.wav,test
unknown/3-155556-A-311.wav,train
unknown/3-155556-A-312.wav,train
unknown/3-155556-A-313.wav,train
unknown/3-155556-A-314.wav,train
unknown/3-155568-A-320.wav,train
unknown/3-155568-A-321.wav,train
unknown/3-155568-A-322.wav,train
unknown/3-155568-A-323.wav,train
unknown/3-155568-A-324.wav,train
unknown/3-155570-A-320.wav,train
unknown/3-155570-A-321.wav,test
unknown/3-155570-A-322.wav,train
unknown/3-155570-A-323.wav,train
unknown/3-155570-A-324.wav,test
unknown/3-155577-A-140.wav,train
unknown/3-155577-A-141.wav,test
unknown/3-155577-A-142.wav,test
unknown/3-155577-A-143.wav,test
unknown/3-155577-A-144.wav,train
unknown/3-155578-A-140.wav,train
unknown/3-155578-A-141.wav,test
unknown/3-155578-A-142.wav,train
unknown/3-155578-A-143.wav,train
unknown/3-155578-A-144.wav,train
unknown/3-155579-A-140.wav,train
unknown/3-155579-A-141.wav,train
unknown/3-155579-A-142.wav,test
unknown/3-155579-A-143.wav,test
unknown/3-155579-A-144.wav,train
unknown/3-155583-A-140.wav,test
unknown/3-155583-A-141.wav,train
unknown/3-155583-A-142.wav,train
unknown/3-155583-A-143.wav,train
unknown/3-155583-A-144.wav,train
unknown/3-155584-A-140.wav,train
unknown/3-155584-A-141.wav,train
unknown/3-155584-A-142.wav,train
unknown/3-155584-A-143.wav,train
unknown/3-155584-A-144.wav,train
unknown/3-155642-A-110.wav,train
unknown/3-155642-A-111.wav,train
unknown/3-155642-A-112.wav,test
unknown/3-155642-A-113.wav,train
unknown/3-155642-A-114.wav,train
unknown/3-155642-B-110.wav,train
unknown/3-155642-B-111.wav,test
unknown/3-155642-B-112.wav,test
unknown/3-155642-B-113.wav,train
unknown/3-155642-B-114.wav,train
unknown/3-155659-A-340.wav,train
unknown/3-155659-A-341.wav,train
unknown/3-155659-A-342.wav,train
unknown/3-155659-A-343.wav,train
unknown/3-155659-A-344.wav,train
unknown/3-155766-A-130.wav,train
unknown/3-155766-A-131.wav,train
unknown/3-155766-A-132.wav,train
unknown/3-155766-A-133.wav,train
unknown/3-155766-A-134.wav,train
unknown/3-156391-A-350.wav,train
unknown/3-156391-A-351.wav,test
unknown/3-156391-A-352.wav,train
unknown/3-156391-A-353.wav,train
unknown/3-156391-A-354.wav,train
unknown/3-156393-A-350.wav,train
unknown/3-156393-A-351.wav,train
unknown/3-156393-A-352.wav,train
unknown/3-156393-A-353.wav,train
unknown/3-156393-A-354.wav,train
unknown/3-156558-A-210.wav,train
unknown/3-156558-A-211.wav,test
unknown/3-156558-A-212.wav,test
unknown/3-156558-A-213.wav,train
unknown/3-156558-A-214.wav,train
unknown/3-156581-A-140.wav,train
unknown/3-156581-A-141.wav,test
unknown/3-156581-A-142.wav,test
unknown/3-156581-A-143.wav,train
unknown/3-156581-A-144.wav,test
unknown/3-156581-B-140.wav,train
unknown/3-156581-B-141.wav,train
unknown/3-156581-B-142.wav,test
unknown/3-156581-B-143.wav,train
unknown/3-156581-B-144.wav,train
unknown/3-156907-A-150.wav,train
unknown/3-156907-A-151.wav,train
unknown/3-156907-A-152.wav,train
unknown/3-156907-A-153.wav,test
unknown/3-156907-A-154.wav,train
unknown/3-157149-A-100.wav,train
unknown/3-157149-A-101.wav,test
unknown/3-157149-A-102.wav,train
unknown/3-157149-A-103.wav,train
unknown/3-157149-A-104.wav,train
unknown/3-157187-A-120.wav,test
unknown/3-157187-A-121.wav,train
unknown/3-157187-A-122.wav,test
unknown/3-157187-A-123.wav,train
unknown/3-157187-A-124.wav,train
unknown/3-157487-A-100.wav,train
unknown/3-157487-A-101.wav,train
unknown/3-157487-A-102.wav,train
unknown/3-157487-A-103.wav,train
unknown/3-157487-A-104.wav,train
unknown/3-157492-A-450.wav,train
unknown/3-157492-A-451.wav,train
unknown/3-157492-A-452.wav,train
unknown/3-157492-A-453.wav,train
unknown/3-157492-A-454.wav,train
unknown/3-157615-A-100.wav,train
unknown/3-157615-A-101.wav,train
unknown/3-157615-A-102.wav,train
unknown/3-157615-A-103.wav,train
unknown/3-157615-A-104.wav,train
unknown/3-157695-A-00.wav,test
unknown/3-157695-A-01.wav,train
unknown/3-157695-A-02.wav,train
unknown/3-157695-A-03.wav,train
unknown/3-157695-A-04.wav,test
unknown/3-158056-A-310.wav,train
unknown/3-158056-A-311.wav,train
unknown/3-158056-A-312.wav,train
unknown/3-158056-A-313.wav,train
unknown/3-158056-A-314.wav,train
unknown/3-158056-B-310.wav,train
unknown/3-158056-B-311.wav,test
unknown/3-158056-B-312.wav,train
unknown/3-158056-B-313.wav,train
unknown/3-158056-B-314.wav,train
unknown/3-158476-A-120.wav,test
unknown/3-158476-A-121.wav,train
unknown/3-158476-A-122.wav,test
unknown/3-158476-A-123.wav,train
unknown/3-158476-A-124.wav,test
unknown/3-159346-A-360.wav,train
unknown/3-159346-A-361.wav,train
unknown/3-159346-A-362.wav,train
unknown/3-159346-A-363.wav,test
unknown/3-159346-A-364.wav,train
unknown/3-159346-B-360.wav,test
unknown/3-159346-B-361.wav,train
unknown/3-159346-B-362.wav,train
unknown/3-159346-B-363.wav,train
unknown/3-159346-B-364.wav,test
unknown/3-159347-A-360.wav,train
unknown/3-159347-A-361.wav,train
unknown/3-159347-A-362.wav,train
unknown/3-159347-A-363.wav,train
unknown/3-159347-A-364.wav,train
unknown/3-159347-B-360.wav,test
unknown/3-159347-B-361.wav,train
unknown/3-159347-B-362.wav,train
unknown/3-159347-B-363.wav,train
unknown/3-159347-B-364.wav,test
unknown/3-159348-A-360.wav,train
unknown/3-159348-A-361.wav,train
unknown/3-159348-A-362.wav,train
unknown/3-159348-A-363.wav,test
unknown/3-159348-A-364.wav,test
unknown/3-159445-A-450.wav,train
unknown/3-159445-A-451.wav,train
unknown/3-159445-A-452.wav,train
unknown/3-159445-A-453.wav,train
unknown/3-159445-A-454.wav,train
unknown/3-159445-B-450.wav,train
unknown/3-159445-B-451.wav,train
unknown/3-159445-B-452.wav,train
unknown/3-159445-B-453.wav,train
unknown/3-159445-B-454.wav,test
unknown/3-160119-A-150.wav,train
unknown/3-160119-A-151.wav,train
unknown/3-160119-A-152.wav,train
unknown/3-160119-A-153.wav,test
unknown/3-160119-A-154.wav,train
unknown/3-160993-A-30.wav,train
unknown/3-160993-A-31.wav,train
unknown/3-160993-A-32.wav,train
unknown/3-160993-A-33.wav,train
unknown/3-160993-A-34.wav,train
unknown/3-161010-A-430.wav,train
unknown/3-161010-A-431.wav,test
unknown/3-161010-A-432.wav,test
unknown/3-161010-A-433.wav,train
unknown/3-161010-A-434.wav,train
unknown/3-161500-A-170.wav,test
unknown/3-161500-A-171.wav,train
unknown/3-161500-A-172.wav,test
unknown/3-161500-A-173.wav,train
unknown/3-161500-A-174.wav,train
unknown/3-162786-A-130.wav,train
unknown/3-162786-A-131.wav,test
unknown/3-162786-A-132.wav,train
unknown/3-162786-A-133.wav,train
unknown/3-162786-A-134.wav,train
unknown/3-163288-A-10.wav,train
unknown/3-163288-A-11.wav,train
unknown/3-163288-A-12.wav,train
unknown/3-163288-A-13.wav,train
unknown/3-163288-A-14.wav,train
unknown/3-163459-A-00.wav,train
unknown/3-163459-A-01.wav,train
unknown/3-163459-A-02.wav,train
unknown/3-163459-A-03.wav,train
unknown/3-163459-A-04.wav,train
unknown/3-163607-A-130.wav,train
unknown/3-163607-A-131.wav,train
unknown/3-163607-A-132.wav,train
unknown/3-163607-A-133.wav,train
unknown/3-163607-A-134.wav,test
unknown/3-163607-B-130.wav,train
unknown/3-163607-B-131.wav,train
unknown/3-163607-B-132.wav,test
unknown/3-163607-B-133.wav,train
unknown/3-163607-B-134.wav,train
unknown/3-163727-A-30.wav,train
unknown/3-163727-A-31.wav,train
unknown/3-163727-A-32.wav,train
unknown/3-163727-A-33.wav,train
unknown/3-163727-A-34.wav,train
unknown/3-164120-A-110.wav,train
unknown/3-164120-A-111.wav,train
unknown/3-164120-A-112.wav,test
unknown/3-164120-A-113.wav,train
unknown/3-164120-A-114.wav,train
unknown/3-164216-A-60.wav,train
unknown/3-164216-A-61.wav,test
unknown/3-164216-A-62.wav,train
unknown/3-164216-A-63.wav,train
unknown/3-164216-A-64.wav,test
unknown/3-164216-B-60.wav,train
unknown/3-164216-B-61.wav,test
unknown/3-164216-B-62.wav,test
unknown/3-164216-B-63.wav,train
unknown/3-164216-B-64.wav,train
unknown/3-164216-C-60.wav,train
unknown/3-164216-C-61.wav,train
unknown/3-164216-C-62.wav,train
unknown/3-164216-C-63.wav,train
unknown/3-164216-C-64.wav,train
unknown/3-164592-A-150.wav,test
unknown/3-164592-A-151.wav,train
unknown/3-164592-A-152.wav,train
unknown/3-164592-A-153.wav,train
unknown/3-164592-A-154.wav,train
unknown/3-164593-A-150.wav,train
unknown/3-164593-A-151.wav,train
unknown/3-164593-A-152.wav,test
unknown/3-164593-A-153.wav,train
unknown/3-164593-A-154.wav,train
unknown/3-164594-A-150.wav,train
unknown/3-164594-A-151.wav,train
unknown/3-164594-A-152.wav,train
unknown/3-164594-A-153.wav,train
unknown/3-164594-A-154.wav,test
unknown/3-164595-A-150.wav,train
unknown/3-164595-A-151.wav,train
unknown/3-164595-A-152.wav,train
unknown/3-164595-A-153.wav,train
unknown/3-164595-A-154.wav,test
unknown/3-164630-A-110.wav,train
unknown/3-164630-A-111.wav,train
unknown/3-164630-A-112.wav,test
unknown/3-164630-A-113.wav,train
unknown/3-164630-A-114.wav,train
unknown/3-164688-A-380.wav,train
unknown/3-164688-A-381.wav,train
unknown/3-164688-A-382.wav,train
unknown/3-164688-A-383.wav,test
unknown/3-164688-A-384.wav,train
unknown/3-165856-A-410.wav,train
unknown/3-165856-A-411.wav,train
unknown/3-165856-A-412.wav,train
unknown/3-165856-A-413.wav,train
unknown/3-165856-A-414.wav,test
unknown/3-166125-A-230.wav,train
unknown/3-166125-A-231.wav,train
unknown/3-166125-A-232.wav,train
unknown/3-166125-A-233.wav,test
unknown/3-166125-A-234.wav,train
unknown/3-166125-B-230.wav,train
unknown/3-166125-B-231.wav,test
unknown/3-166125-B-232.wav,train
unknown/3-166125-B-233.wav,train
unknown/3-166125-B-234.wav,test
unknown/3-166324-A-150.wav,train
unknown/3-166324-A-151.wav,train
unknown/3-166324-A-152.wav,test
unknown/3-166324-A-153.wav,test
unknown/3-166324-A-154.wav,test
unknown/3-166326-A-150.wav,train
unknown/3-166326-A-151.wav,train
unknown/3-166326-A-152.wav,train
unknown/3-166326-A-153.wav,train
unknown/3-166326-A-154.wav,train
unknown/3-166422-A-110.wav,train
unknown/3-166422-A-111.wav,train
unknown/3-166422-A-112.wav,train
unknown/3-166422-A-113.wav,train
unknown/3-166422-A-114.wav,train
unknown/3-166546-A-340.wav,train
unknown/3-166546-A-341.wav,train
unknown/3-166546-A-342.wav,test
unknown/3-166546-A-343.wav,train
unknown/3-166546-A-344.wav,train
unknown/3-166546-B-340.wav,train
unknown/3-166546-B-341.wav,train
unknown/3-166546-B-342.wav,test
unknown/3-166546-B-343.wav,train
unknown/3-166546-B-344.wav,train
unknown/3-167096-A-310.wav,train
unknown/3-167096-A-311.wav,test
unknown/3-167096-A-312.wav,train
unknown/3-167096-A-313.wav,train
unknown/3-167096-A-314.wav,test
unknown/3-169907-A-290.wav,train
unknown/3-169907-A-291.wav,train
unknown/3-169907-A-292.wav,train
unknown/3-169907-A-293.wav,train
unknown/3-169907-A-294.wav,train
unknown/3-170002-A-340.wav,train
unknown/3-170002-A-341.wav,train
unknown/3-170002-A-342.wav,train
unknown/3-170002-A-343.wav,train
unknown/3-170002-A-344.wav,train
unknown/3-170015-A-00.wav,test
unknown/3-170015-A-01.wav,train
unknown/3-170015-A-02.wav,train
unknown/3-170015-A-03.wav,train
unknown/3-170015-A-04.wav,test
unknown/3-170312-A-310.wav,train
unknown/3-170312-A-311.wav,train
unknown/3-170312-A-312.wav,train
unknown/3-170312-A-313.wav,train
unknown/3-170312-A-314.wav,test
unknown/3-170377-A-380.wav,train
unknown/3-170377-A-381.wav,train
unknown/3-170377-A-382.wav,train
unknown/3-170377-A-383.wav,train
unknown/3-170377-A-384.wav,train
unknown/3-170383-A-380.wav,train
unknown/3-170383-A-381.wav,train
unknown/3-170383-A-382.wav,train
unknown/3-170383-A-383.wav,train
unknown/3-170383-A-384.wav,train
unknown/3-170574-A-300.wav,train
unknown/3-170574-A-301.wav,train
unknown/3-170574-A-302.wav,train
unknown/3-170574-A-303.wav,train
unknown/3-170574-A-304.wav,test
unknown/3-170851-A-310.wav,train
unknown/3-170851-A-311.wav,train
unknown/3-170851-A-312.wav,train
unknown/3-170851-A-313.wav,train
unknown/3-170851-A-314.wav,train
unknown/3-171012-A-380.wav,train
unknown/3-171012-A-381.wav,train
unknown/3-171012-A-382.wav,train
unknown/3-171012-A-383.wav,train
unknown/3-171012-A-384.wav,train
unknown/3-171041-A-380.wav,train
unknown/3-171041-A-381.wav,train
unknown/3-171041-A-382.wav,train
unknown/3-171041-A-383.wav,train
unknown/3-171041-A-384.wav,train
unknown/3-171281-A-60.wav,train
unknown/3-171281-A-61.wav,train
unknown/3-171281-A-62.wav,train
unknown/3-171281-A-63.wav,train
unknown/3-171281-A-64.wav,test
unknown/3-171937-A-340.wav,train
unknown/3-171937-A-341.wav,train
unknown/3-171937-A-342.wav,train
unknown/3-171937-A-343.wav,test
unknown/3-171937-A-344.wav,test
unknown/3-172179-A-310.wav,test
unknown/3-172179-A-311.wav,train
unknown/3-172179-A-312.wav,train
unknown/3-172179-A-313.wav,test
unknown/3-172179-A-314.wav,train
unknown/3-172881-A-480.wav,test
unknown/3-172881-A-481.wav,test
unknown/3-172881-A-482.wav,test
unknown/3-172881-A-483.wav,train
unknown/3-172881-A-484.wav,train
unknown/3-172922-A-480.wav,train
unknown/3-172922-A-481.wav,train
unknown/3-172922-A-482.wav,test
unknown/3-172922-A-483.wav,train
unknown/3-172922-A-484.wav,train
unknown/3-174840-A-430.wav,train
unknown/3-174840-A-431.wav,train
unknown/3-174840-A-432.wav,train
unknown/3-174840-A-433.wav,train
unknown/3-174840-A-434.wav,train
unknown/3-174866-A-290.wav,train
unknown/3-174866-A-291.wav,train
unknown/3-174866-A-292.wav,train
unknown/3-174866-A-293.wav,train
unknown/3-174866-A-294.wav,test
unknown/3-177082-A-220.wav,train
unknown/3-177082-A-221.wav,train
unknown/3-177082-A-222.wav,train
unknown/3-177082-A-223.wav,train
unknown/3-177082-A-224.wav,test
unknown/3-177083-A-220.wav,train
unknown/3-177083-A-221.wav,test
unknown/3-177083-A-222.wav,train
unknown/3-177083-A-223.wav,test
unknown/3-177083-A-224.wav,train
unknown/3-178096-A-60.wav,train
unknown/3-178096-A-61.wav,train
unknown/3-178096-A-62.wav,train
unknown/3-178096-A-63.wav,train
unknown/3-178096-A-64.wav,test
unknown/3-180147-A-300.wav,train
unknown/3-180147-A-301.wav,train
unknown/3-180147-A-302.wav,test
unknown/3-180147-A-303.wav,train
unknown/3-180147-A-304.wav,train
unknown/3-180256-A-00.wav,train
unknown/3-180256-A-01.wav,train
unknown/3-180256-A-02.wav,train
unknown/3-180256-A-03.wav,train
unknown/3-180256-A-04.wav,test
unknown/3-180977-A-00.wav,train
unknown/3-180977-A-01.wav,train
unknown/3-180977-A-02.wav,test
unknown/3-180977-A-03.wav,train
unknown/3-180977-A-04.wav,train
unknown/3-181132-A-140.wav,train
unknown/3-181132-A-141.wav,test
unknown/3-181132-A-142.wav,train
unknown/3-181132-A-143.wav,train
unknown/3-181132-A-144.wav,train
unknown/3-181278-A-220.wav,test
unknown/3-181278-A-221.wav,train
unknown/3-181278-A-222.wav,train
unknown/3-181278-A-223.wav,train
unknown/3-181278-A-224.wav,test
unknown/3-182023-A-300.wav,train
unknown/3-182023-A-301.wav,train
unknown/3-182023-A-302.wav,train
unknown/3-182023-A-303.wav,test
unknown/3-182023-A-304.wav,train
unknown/3-182025-A-300.wav,train
unknown/3-182025-A-301.wav,test
unknown/3-182025-A-302.wav,train
unknown/3-182025-A-303.wav,train
unknown/3-182025-A-304.wav,train
unknown/3-182710-A-350.wav,train
unknown/3-182710-A-351.wav,train
unknown/3-182710-A-352.wav,train
unknown/3-182710-A-353.wav,train
unknown/3-182710-A-354.wav,train
unknown/3-182710-B-350.wav,train
unknown/3-182710-B-351.wav,train
unknown/3-182710-B-352.wav,test
unknown/3-182710-B-353.wav,test
unknown/3-182710-B-354.wav,train
unknown/3-185313-A-310.wav,train
unknown/3-185313-A-311.wav,test
unknown/3-185313-A-312.wav,train
unknown/3-185313-A-313.wav,train
unknown/3-185313-A-314.wav,test
unknown/3-185456-A-290.wav,test
unknown/3-185456-A-291.wav,train
unknown/3-185456-A-292.wav,train
unknown/3-185456-A-293.wav,train
unknown/3-185456-A-294.wav,train
unknown/3-187549-A-60.wav,test
unknown/3-187549-A-61.wav,train
unknown/3-187549-A-62.wav,train
unknown/3-187549-A-63.wav,train
unknown/3-187549-A-64.wav,train
unknown/3-187549-B-60.wav,train
unknown/3-187549-B-61.wav,train
unknown/3-187549-B-62.wav,train
unknown/3-187549-B-63.wav,train
unknown/3-187549-B-64.wav,train
unknown/3-187710-A-110.wav,train
unknown/3-187710-A-111.wav,train
unknown/3-187710-A-112.wav,train
unknown/3-187710-A-113.wav,test
unknown/3-187710-A-114.wav,test
unknown/3-188390-A-60.wav,train
unknown/3-188390-A-61.wav,train
unknown/3-188390-A-62.wav,train
unknown/3-188390-A-63.wav,train
unknown/3-188390-A-64.wav,train
unknown/3-188726-A-350.wav,train
unknown/3-188726-A-351.wav,train
unknown/3-188726-A-352.wav,train
unknown/3-188726-A-353.wav,train
unknown/3-188726-A-354.wav,test
unknown/3-193767-A-470.wav,test
unknown/3-193767-A-471.wav,train
unknown/3-193767-A-472.wav,test
unknown/3-193767-A-473.wav,train
unknown/3-193767-A-474.wav,train
unknown/3-197408-A-80.wav,train
unknown/3-197408-A-81.wav,train
unknown/3-197408-A-82.wav,train
unknown/3-197408-A-83.wav,train
unknown/3-197408-A-84.wav,train
unknown/3-197408-B-80.wav,train
unknown/3-197408-B-81.wav,train
unknown/3-197408-B-82.wav,train
unknown/3-197408-B-83.wav,train
unknown/3-197408-B-84.wav,train
unknown/3-197408-C-80.wav,test
unknown/3-197408-C-81.wav,train
unknown/3-197408-C-82.wav,train
unknown/3-197408-C-83.wav,train
unknown/3-197408-C-84.wav,test
unknown/3-197435-A-220.wav,train
unknown/3-197435-A-221.wav,train
unknown/3-197435-A-222.wav,train
unknown/3-197435-A-223.wav,train
unknown/3-197435-A-224.wav,train
unknown/3-197435-B-220.wav,train
unknown/3-197435-B-221.wav,train
unknown/3-197435-B-222.wav,train
unknown/3-197435-B-223.wav,train
unknown/3-197435-B-224.wav,train
unknown/3-203371-A-390.wav,train
unknown/3-203371-A-391.wav,train
unknown/3-203371-A-392.wav,train
unknown/3-203371-A-393.wav,train
unknown/3-203371-A-394.wav,test
unknown/3-203373-A-390.wav,test
unknown/3-203373-A-391.wav,train
unknown/3-203373-A-392.wav,test
unknown/3-203373-A-393.wav,train
unknown/3-203373-A-394.wav,train
unknown/3-203374-A-390.wav,train
unknown/3-203374-A-391.wav,train
unknown/3-203374-A-392.wav,train
unknown/3-203374-A-393.wav,test
unknown/3-203374-A-394.wav,train
unknown/3-203375-A-390.wav,train
unknown/3-203375-A-391.wav,train
unknown/3-203375-A-392.wav,train
unknown/3-203375-A-393.wav,test
unknown/3-203375-A-394.wav,train
unknown/3-203377-A-390.wav,train
unknown/3-203377-A-391.wav,train
unknown/3-203377-A-392.wav,train
unknown/3-203377-A-393.wav,train
unknown/3-203377-A-394.wav,train
unknown/3-20861-A-80.wav,train
unknown/3-20861-A-81.wav,train
unknown/3-20861-A-82.wav,test
unknown/3-20861-A-83.wav,train
unknown/3-20861-A-84.wav,train
unknown/3-208820-A-490.wav,train
unknown/3-208820-A-491.wav,train
unknown/3-208820-A-492.wav,train
unknown/3-208820-A-493.wav,train
unknown/3-208820-A-494.wav,train
unknown/3-216280-A-390.wav,train
unknown/3-216280-A-391.wav,train
unknown/3-216280-A-392.wav,train
unknown/3-216280-A-393.wav,test
unknown/3-216280-A-394.wav,train
unknown/3-216281-A-390.wav,test
unknown/3-216281-A-391.wav,train
unknown/3-216281-A-392.wav,train
unknown/3-216281-A-393.wav,train
unknown/3-216281-A-394.wav,train
unknown/3-216284-A-390.wav,train
unknown/3-216284-A-391.wav,test
unknown/3-216284-A-392.wav,train
unknown/3-216284-A-393.wav,test
unknown/3-216284-A-394.wav,train
unknown/3-233151-A-20.wav,train
unknown/3-233151-A-21.wav,train
unknown/3-233151-A-22.wav,train
unknown/3-233151-A-23.wav,train
unknown/3-233151-A-24.wav,train
unknown/3-243726-A-430.wav,train
unknown/3-243726-A-431.wav,test
unknown/3-243726-A-432.wav,train
unknown/3-243726-A-433.wav,train
unknown/3-243726-A-434.wav,test
unknown/3-246513-A-160.wav,train
unknown/3-246513-A-161.wav,train
unknown/3-246513-A-162.wav,train
unknown/3-246513-A-163.wav,train
unknown/3-246513-A-164.wav,test
unknown/3-246513-B-160.wav,train
unknown/3-246513-B-161.wav,test
unknown/3-246513-B-162.wav,train
unknown/3-246513-B-163.wav,train
unknown/3-246513-B-164.wav,train
unknown/3-249913-A-250.wav,train
unknown/3-249913-A-251.wav,test
unknown/3-249913-A-252.wav,train
unknown/3-249913-A-253.wav,test
unknown/3-249913-A-254.wav,test
unknown/3-251617-A-480.wav,train
unknown/3-251617-A-481.wav,train
unknown/3-251617-A-482.wav,train
unknown/3-251617-A-483.wav,train
unknown/3-251617-A-484.wav,test
unknown/3-253081-A-20.wav,train
unknown/3-253081-A-21.wav,train
unknown/3-253081-A-22.wav,train
unknown/3-253081-A-23.wav,train
unknown/3-253081-A-24.wav,train
unknown/3-253084-A-20.wav,train
unknown/3-253084-A-21.wav,test
unknown/3-253084-A-22.wav,train
unknown/3-253084-A-23.wav,train
unknown/3-253084-A-24.wav,train
unknown/3-253084-B-20.wav,test
unknown/3-253084-B-21.wav,test
unknown/3-253084-B-22.wav,train
unknown/3-253084-B-23.wav,test
unknown/3-253084-B-24.wav,train
unknown/3-253084-C-20.wav,train
unknown/3-253084-C-21.wav,test
unknown/3-253084-C-22.wav,train
unknown/3-253084-C-23.wav,train
unknown/3-253084-C-24.wav,train
unknown/3-253084-D-20.wav,train
unknown/3-253084-D-21.wav,train
unknown/3-253084-D-22.wav,test
unknown/3-253084-D-23.wav,train
unknown/3-253084-D-24.wav,train
unknown/3-253084-E-20.wav,test
unknown/3-253084-E-21.wav,train
unknown/3-253084-E-22.wav,train
unknown/3-253084-E-23.wav,train
unknown/3-253084-E-24.wav,train
unknown/3-257858-A-20.wav,test
unknown/3-257858-A-21.wav,test
unknown/3-257858-A-22.wav,train
unknown/3-257858-A-23.wav,train
unknown/3-257858-A-24.wav,train
unknown/3-259622-A-440.wav,test
unknown/3-259622-A-441.wav,train
unknown/3-259622-A-442.wav,train
unknown/3-259622-A-443.wav,train
unknown/3-259622-A-444.wav,train
unknown/3-51376-A-420.wav,train
unknown/3-51376-A-421.wav,train
unknown/3-51376-A-422.wav,train
unknown/3-51376-A-423.wav,train
unknown/3-51376-A-424.wav,train
unknown/3-51731-A-420.wav,test
unknown/3-51731-A-421.wav,train
unknown/3-51731-A-422.wav,train
unknown/3-51731-A-423.wav,train
unknown/3-51731-A-424.wav,train
unknown/3-51731-B-420.wav,train
unknown/3-51731-B-421.wav,train
unknown/3-51731-B-422.wav,train
unknown/3-51731-B-423.wav,train
unknown/3-51731-B-424.wav,train
unknown/3-51909-A-420.wav,train
unknown/3-51909-A-421.wav,train
unknown/3-51909-A-422.wav,train
unknown/3-51909-A-423.wav,train
unknown/3-51909-A-424.wav,train
unknown/3-51909-B-420.wav,train
unknown/3-51909-B-421.wav,test
unknown/3-51909-B-422.wav,train
unknown/3-51909-B-423.wav,train
unknown/3-51909-B-424.wav,train
unknown/3-58772-A-420.wav,train
unknown/3-58772-A-421.wav,train
unknown/3-58772-A-422.wav,train
unknown/3-58772-A-423.wav,train
unknown/3-58772-A-424.wav,train
unknown/3-62878-A-420.wav,train
unknown/3-62878-A-421.wav,train
unknown/3-62878-A-422.wav,train
unknown/3-62878-A-423.wav,train
unknown/3-62878-A-424.wav,train
unknown/3-62878-B-420.wav,train
unknown/3-62878-B-421.wav,train
unknown/3-62878-B-422.wav,train
unknown/3-62878-B-423.wav,train
unknown/3-62878-B-424.wav,train
unknown/3-65748-A-120.wav,train
unknown/3-65748-A-121.wav,train
unknown/3-65748-A-122.wav,train
unknown/3-65748-A-123.wav,train
unknown/3-65748-A-124.wav,train
unknown/3-68630-A-400.wav,train
unknown/3-68630-A-401.wav,train
unknown/3-68630-A-402.wav,train
unknown/3-68630-A-403.wav,test
unknown/3-68630-A-404.wav,test
unknown/3-68630-B-400.wav,train
unknown/3-68630-B-401.wav,train
unknown/3-68630-B-402.wav,train
unknown/3-68630-B-403.wav,train
unknown/3-68630-B-404.wav,train
unknown/3-68630-C-400.wav,train
unknown/3-68630-C-401.wav,train
unknown/3-68630-C-402.wav,train
unknown/3-68630-C-403.wav,test
unknown/3-68630-C-404.wav,train
unknown/3-70962-A-40.wav,train
unknown/3-70962-A-41.wav,train
unknown/3-70962-A-42.wav,train
unknown/3-70962-A-43.wav,train
unknown/3-70962-A-44.wav,test
unknown/3-70962-B-40.wav,train
unknown/3-70962-B-41.wav,train
unknown/3-70962-B-42.wav,train
unknown/3-70962-B-43.wav,train
unknown/3-70962-B-44.wav,train
unknown/3-70962-C-40.wav,train
unknown/3-70962-C-41.wav,test
unknown/3-70962-C-42.wav,test
unknown/3-70962-C-43.wav,train
unknown/3-70962-C-44.wav,train
unknown/3-71964-A-40.wav,test
unknown/3-71964-A-41.wav,train
unknown/3-71964-A-42.wav,train
unknown/3-71964-A-43.wav,train
unknown/3-71964-A-44.wav,train
unknown/3-71964-B-40.wav,train
unknown/3-71964-B-41.wav,test
unknown/3-71964-B-42.wav,train
unknown/3-71964-B-43.wav,train
unknown/3-71964-B-44.wav,train
unknown/3-71964-C-40.wav,train
unknown/3-71964-C-41.wav,test
unknown/3-71964-C-42.wav,train
unknown/3-71964-C-43.wav,train
unknown/3-71964-C-44.wav,test
unknown/3-83527-A-40.wav,train
unknown/3-83527-A-41.wav,test
unknown/3-83527-A-42.wav,train
unknown/3-83527-A-43.wav,train
unknown/3-83527-A-44.wav,train
unknown/3-87936-A-460.wav,test
unknown/3-87936-A-461.wav,train
unknown/3-87936-A-462.wav,train
unknown/3-87936-A-463.wav,train
unknown/3-87936-A-464.wav,train
unknown/3-87936-B-460.wav,train
unknown/3-87936-B-461.wav,test
unknown/3-87936-B-462.wav,train
unknown/3-87936-B-463.wav,train
unknown/3-87936-B-464.wav,train
unknown/3-92637-A-180.wav,train
unknown/3-92637-A-181.wav,train
unknown/3-92637-A-182.wav,test
unknown/3-92637-A-183.wav,train
unknown/3-92637-A-184.wav,test
unknown/3-93010-A-180.wav,train
unknown/3-93010-A-181.wav,test
unknown/3-93010-A-182.wav,train
unknown/3-93010-A-183.wav,test
unknown/3-93010-A-184.wav,train
unknown/3-94342-A-250.wav,train
unknown/3-94342-A-251.wav,train
unknown/3-94342-A-252.wav,train
unknown/3-94342-A-253.wav,train
unknown/3-94342-A-254.wav,train
unknown/3-94343-A-250.wav,train
unknown/3-94343-A-251.wav,train
unknown/3-94343-A-252.wav,train
unknown/3-94343-A-253.wav,train
unknown/3-94343-A-254.wav,train
unknown/3-94344-A-250.wav,train
unknown/3-94344-A-251.wav,train
unknown/3-94344-A-252.wav,train
unknown/3-94344-A-253.wav,train
unknown/3-94344-A-254.wav,train
unknown/3-94355-A-330.wav,train
unknown/3-94355-A-331.wav,train
unknown/3-94355-A-332.wav,train
unknown/3-94355-A-333.wav,train
unknown/3-94355-A-334.wav,train
unknown/3-95694-A-50.wav,test
unknown/3-95694-A-51.wav,train
unknown/3-95694-A-52.wav,train
unknown/3-95694-A-53.wav,train
unknown/3-95694-A-54.wav,train
unknown/3-95695-A-50.wav,train
unknown/3-95695-A-51.wav,test
unknown/3-95695-A-52.wav,train
unknown/3-95695-A-53.wav,test
unknown/3-95695-A-54.wav,train
unknown/3-95695-B-50.wav,test
unknown/3-95695-B-51.wav,train
unknown/3-95695-B-52.wav,train
unknown/3-95695-B-53.wav,test
unknown/3-95695-B-54.wav,train
unknown/3-95697-A-50.wav,train
unknown/3-95697-A-51.wav,train
unknown/3-95697-A-52.wav,train
unknown/3-95697-A-53.wav,test
unknown/3-95697-A-54.wav,train
unknown/3-95698-A-50.wav,train
unknown/3-95698-A-51.wav,test
unknown/3-95698-A-52.wav,train
unknown/3-95698-A-53.wav,train
unknown/3-95698-A-54.wav,train
unknown/3-96606-A-490.wav,test
unknown/3-96606-A-491.wav,train
unknown/3-96606-A-492.wav,train
unknown/3-96606-A-493.wav,train
unknown/3-96606-A-494.wav,train
unknown/3-96606-B-490.wav,test
unknown/3-96606-B-491.wav,train
unknown/3-96606-B-492.wav,train
unknown/3-96606-B-493.wav,train
unknown/3-96606-B-494.wav,test
unknown/3-97909-A-490.wav,train
unknown/3-97909-A-491.wav,test
unknown/3-97909-A-492.wav,test
unknown/3-97909-A-493.wav,train
unknown/3-97909-A-494.wav,train
unknown/3-97909-B-490.wav,train
unknown/3-97909-B-491.wav,train
unknown/3-97909-B-492.wav,train
unknown/3-97909-B-493.wav,test
unknown/3-97909-B-494.wav,train
unknown/3-98193-A-460.wav,test
unknown/3-98193-A-461.wav,train
unknown/3-98193-A-462.wav,test
unknown/3-98193-A-463.wav,test
unknown/3-98193-A-464.wav,train
unknown/3-98771-A-180.wav,train
unknown/3-98771-A-181.wav,train
unknown/3-98771-A-182.wav,train
unknown/3-98771-A-183.wav,train
unknown/3-98771-A-184.wav,train
unknown/3-98869-A-460.wav,train
unknown/3-98869-A-461.wav,test
unknown/3-98869-A-462.wav,train
unknown/3-98869-A-463.wav,train
unknown/3-98869-A-464.wav,train
unknown/4-102844-A-490.wav,train
unknown/4-102844-A-491.wav,test
unknown/4-102844-A-492.wav,train
unknown/4-102844-A-493.wav,train
unknown/4-102844-A-494.wav,train
unknown/4-102844-B-490.wav,train
unknown/4-102844-B-491.wav,test
unknown/4-102844-B-492.wav,train
unknown/4-102844-B-493.wav,train
unknown/4-102844-B-494.wav,train
unknown/4-102844-C-490.wav,train
unknown/4-102844-C-491.wav,test
unknown/4-102844-C-492.wav,train
unknown/4-102844-C-493.wav,train
unknown/4-102844-C-494.wav,test
unknown/4-102871-A-420.wav,test
unknown/4-102871-A-421.wav,train
unknown/4-102871-A-422.wav,train
unknown/4-102871-A-423.wav,test
unknown/4-102871-A-424.wav,train
unknown/4-107117-A-330.wav,train
unknown/4-107117-A-331.wav,train
unknown/4-107117-A-332.wav,train
unknown/4-107117-A-333.wav,test
unknown/4-107117-A-334.wav,train
unknown/4-107120-A-330.wav,train
unknown/4-107120-A-331.wav,train
unknown/4-107120-A-332.wav,test
unknown/4-107120-A-333.wav,train
unknown/4-107120-A-334.wav,train
unknown/4-107122-A-330.wav,test
unknown/4-107122-A-331.wav,train
unknown/4-107122-A-332.wav,train
unknown/4-107122-A-333.wav,train
unknown/4-107122-A-334.wav,test
unknown/4-108352-A-330.wav,test
unknown/4-108352-A-331.wav,train
unknown/4-108352-A-332.wav,test
unknown/4-108352-A-333.wav,train
unknown/4-108352-A-334.wav,train
unknown/4-111671-A-420.wav,train
unknown/4-111671-A-421.wav,test
unknown/4-111671-A-422.wav,train
unknown/4-111671-A-423.wav,train
unknown/4-111671-A-424.wav,train
unknown/4-111671-B-420.wav,train
unknown/4-111671-B-421.wav,test
unknown/4-111671-B-422.wav,train
unknown/4-111671-B-423.wav,train
unknown/4-111671-B-424.wav,train
unknown/4-117627-A-250.wav,train
unknown/4-117627-A-251.wav,test
unknown/4-117627-A-252.wav,train
unknown/4-117627-A-253.wav,train
unknown/4-117627-A-254.wav,train
unknown/4-117630-A-250.wav,train
unknown/4-117630-A-251.wav,train
unknown/4-117630-A-252.wav,train
unknown/4-117630-A-253.wav,test
unknown/4-117630-A-254.wav,train
unknown/4-119647-A-480.wav,train
unknown/4-119647-A-481.wav,train
unknown/4-119647-A-482.wav,train
unknown/4-119647-A-483.wav,train
unknown/4-119647-A-484.wav,train
unknown/4-119647-B-480.wav,train
unknown/4-119647-B-481.wav,train
unknown/4-119647-B-482.wav,train
unknown/4-119647-B-483.wav,train
unknown/4-119647-B-484.wav,train
unknown/4-119647-C-480.wav,train
unknown/4-119647-C-481.wav,train
unknown/4-119647-C-482.wav,train
unknown/4-119647-C-483.wav,train
unknown/4-119647-C-484.wav,train
unknown/4-119647-D-480.wav,train
unknown/4-119647-D-481.wav,train
unknown/4-119647-D-482.wav,test
unknown/4-119647-D-483.wav,train
unknown/4-119647-D-484.wav,train
unknown/4-119648-A-480.wav,train
unknown/4-119648-A-481.wav,test
unknown/4-119648-A-482.wav,train
unknown/4-119648-A-483.wav,train
unknown/4-119648-A-484.wav,train
unknown/4-119648-B-480.wav,train
unknown/4-119648-B-481.wav,train
unknown/4-119648-B-482.wav,train
unknown/4-119648-B-483.wav,test
unknown/4-119648-B-484.wav,test
unknown/4-119648-C-480.wav,train
unknown/4-119648-C-481.wav,train
unknown/4-119648-C-482.wav,train
unknown/4-119648-C-483.wav,train
unknown/4-119648-C-484.wav,train
unknown/4-119648-D-480.wav,train
unknown/4-119648-D-481.wav,test
unknown/4-119648-D-482.wav,train
unknown/4-119648-D-483.wav,test
unknown/4-119648-D-484.wav,train
unknown/4-119720-A-180.wav,train
unknown/4-119720-A-181.wav,test
unknown/4-119720-A-182.wav,train
unknown/4-119720-A-183.wav,train
unknown/4-119720-A-184.wav,train
unknown/4-120160-A-50.wav,train
unknown/4-120160-A-51.wav,train
unknown/4-120160-A-52.wav,train
unknown/4-120160-A-53.wav,train
unknown/4-120160-A-54.wav,train
unknown/4-121532-A-420.wav,train
unknown/4-121532-A-421.wav,train
unknown/4-121532-A-422.wav,train
unknown/4-121532-A-423.wav,train
unknown/4-121532-A-424.wav,train
unknown/4-123680-A-180.wav,test
unknown/4-123680-A-181.wav,train
unknown/4-123680-A-182.wav,train
unknown/4-123680-A-183.wav,train
unknown/4-123680-A-184.wav,train
unknown/4-125070-A-190.wav,train
unknown/4-125070-A-191.wav,test
unknown/4-125070-A-192.wav,train
unknown/4-125070-A-193.wav,train
unknown/4-125070-A-194.wav,train
unknown/4-125071-A-190.wav,train
unknown/4-125071-A-191.wav,train
unknown/4-125071-A-192.wav,train
unknown/4-125071-A-193.wav,train
unknown/4-125071-A-194.wav,train
unknown/4-125072-A-190.wav,train
unknown/4-125072-A-191.wav,test
unknown/4-125072-A-192.wav,train
unknown/4-125072-A-193.wav,train
unknown/4-125072-A-194.wav,train
unknown/4-125072-B-190.wav,test
unknown/4-125072-B-191.wav,train
unknown/4-125072-B-192.wav,train
unknown/4-125072-B-193.wav,train
unknown/4-125072-B-194.wav,test
unknown/4-125825-A-460.wav,train
unknown/4-125825-A-461.wav,train
unknown/4-125825-A-462.wav,train
unknown/4-125825-A-463.wav,train
unknown/4-125825-A-464.wav,train
unknown/4-125825-B-460.wav,train
unknown/4-125825-B-461.wav,train
unknown/4-125825-B-462.wav,train
unknown/4-125825-B-463.wav,train
unknown/4-125825-B-464.wav,test
unknown/4-125929-A-400.wav,train
unknown/4-125929-A-401.wav,train
unknown/4-125929-A-402.wav,train
unknown/4-125929-A-403.wav,test
unknown/4-125929-A-404.wav,train
unknown/4-126046-A-180.wav,train
unknown/4-126046-A-181.wav,train
unknown/4-126046-A-182.wav,train
unknown/4-126046-A-183.wav,train
unknown/4-126046-A-184.wav,train
unknown/4-126532-A-180.wav,train
unknown/4-126532-A-181.wav,train
unknown/4-126532-A-182.wav,train
unknown/4-126532-A-183.wav,test
unknown/4-126532-A-184.wav,train
unknown/4-128659-A-330.wav,test
unknown/4-128659-A-331.wav,train
unknown/4-128659-A-332.wav,test
unknown/4-128659-A-333.wav,train
unknown/4-128659-A-334.wav,train
unknown/4-130584-A-40.wav,train
unknown/4-130584-A-41.wav,test
unknown/4-130584-A-42.wav,train
unknown/4-130584-A-43.wav,train
unknown/4-130584-A-44.wav,train
unknown/4-130891-A-70.wav,train
unknown/4-130891-A-71.wav,train
unknown/4-130891-A-72.wav,train
unknown/4-130891-A-73.wav,train
unknown/4-130891-A-74.wav,train
unknown/4-132383-A-20.wav,train
unknown/4-132383-A-21.wav,train
unknown/4-132383-A-22.wav,test
unknown/4-132383-A-23.wav,test
unknown/4-132383-A-24.wav,test
unknown/4-132383-B-20.wav,train
unknown/4-132383-B-21.wav,train
unknown/4-132383-B-22.wav,train
unknown/4-132383-B-23.wav,train
unknown/4-132383-B-24.wav,test
unknown/4-132803-A-260.wav,train
unknown/4-132803-A-261.wav,train
unknown/4-132803-A-262.wav,train
unknown/4-132803-A-263.wav,train
unknown/4-132803-A-264.wav,train
unknown/4-132810-A-260.wav,train
unknown/4-132810-A-261.wav,test
unknown/4-132810-A-262.wav,train
unknown/4-132810-A-263.wav,train
unknown/4-132810-A-264.wav,train
unknown/4-132816-A-260.wav,train
unknown/4-132816-A-261.wav,train
unknown/4-132816-A-262.wav,train
unknown/4-132816-A-263.wav,train
unknown/4-132816-A-264.wav,train
unknown/4-132839-A-330.wav,train
unknown/4-132839-A-331.wav,train
unknown/4-132839-A-332.wav,train
unknown/4-132839-A-333.wav,train
unknown/4-132839-A-334.wav,train
unknown/4-133047-A-50.wav,train
unknown/4-133047-A-51.wav,test
unknown/4-133047-A-52.wav,train
unknown/4-133047-A-53.wav,train
unknown/4-133047-A-54.wav,train
unknown/4-133047-B-50.wav,train
unknown/4-133047-B-51.wav,train
unknown/4-133047-B-52.wav,train
unknown/4-133047-B-53.wav,train
unknown/4-133047-B-54.wav,train
unknown/4-133047-C-50.wav,train
unknown/4-133047-C-51.wav,train
unknown/4-133047-C-52.wav,train
unknown/4-133047-C-53.wav,train
unknown/4-133047-C-54.wav,train
unknown/4-133674-A-260.wav,train
unknown/4-133674-A-261.wav,train
unknown/4-133674-A-262.wav,test
unknown/4-133674-A-263.wav,test
unknown/4-133674-A-264.wav,test
unknown/4-133895-A-70.wav,train
unknown/4-133895-A-71.wav,train
unknown/4-133895-A-72.wav,test
unknown/4-133895-A-73.wav,train
unknown/4-133895-A-74.wav,test
unknown/4-135439-A-180.wav,test
unknown/4-135439-A-181.wav,train
unknown/4-135439-A-182.wav,test
unknown/4-135439-A-183.wav,train
unknown/4-135439-A-184.wav,train
unknown/4-136381-A-90.wav,test
unknown/4-136381-A-91.wav,train
unknown/4-136381-A-92.wav,train
unknown/4-136381-A-93.wav,train
unknown/4-136381-A-94.wav,train
unknown/4-138344-A-90.wav,train
unknown/4-138344-A-91.wav,train
unknown/4-138344-A-92.wav,train
unknown/4-138344-A-93.wav,train
unknown/4-138344-A-94.wav,train
unknown/4-140034-A-460.wav,train
unknown/4-140034-A-461.wav,train
unknown/4-140034-A-462.wav,train
unknown/4-140034-A-463.wav,test
unknown/4-140034-A-464.wav,train
unknown/4-141365-A-180.wav,train
unknown/4-141365-A-181.wav,test
unknown/4-141365-A-182.wav,train
unknown/4-141365-A-183.wav,train
unknown/4-141365-A-184.wav,train
unknown/4-143118-A-70.wav,train
unknown/4-143118-A-71.wav,test
unknown/4-143118-A-72.wav,train
unknown/4-143118-A-73.wav,train
unknown/4-143118-A-74.wav,test
unknown/4-143118-B-70.wav,train
unknown/4-143118-B-71.wav,train
unknown/4-143118-B-72.wav,train
unknown/4-143118-B-73.wav,test
unknown/4-143118-B-74.wav,train
unknown/4-144083-A-160.wav,train
unknown/4-144083-A-161.wav,test
unknown/4-144083-A-162.wav,train
unknown/4-144083-A-163.wav,train
unknown/4-144083-A-164.wav,train
unknown/4-144083-B-160.wav,test
unknown/4-144083-B-161.wav,train
unknown/4-144083-B-162.wav,test
unknown/4-144083-B-163.wav,train
unknown/4-144083-B-164.wav,train
unknown/4-144083-C-160.wav,train
unknown/4-144083-C-161.wav,train
unknown/4-144083-C-162.wav,test
unknown/4-144083-C-163.wav,test
unknown/4-144083-C-164.wav,train
unknown/4-144085-A-160.wav,train
unknown/4-144085-A-161.wav,test
unknown/4-144085-A-162.wav,test
unknown/4-144085-A-163.wav,train
unknown/4-144085-A-164.wav,train
unknown/4-144468-A-270.wav,train
unknown/4-144468-A-271.wav,train
unknown/4-144468-A-272.wav,test
unknown/4-144468-A-273.wav,test
unknown/4-144468-A-274.wav,test
unknown/4-144468-B-270.wav,train
unknown/4-144468-B-271.wav,train
unknown/4-144468-B-272.wav,train
unknown/4-144468-B-273.wav,train
unknown/4-144468-B-274.wav,train
unknown/4-145006-A-180.wav,train
unknown/4-145006-A-181.wav,train
unknown/4-145006-A-182.wav,test
unknown/4-145006-A-183.wav,train
unknown/4-145006-A-184.wav,test
unknown/4-145081-A-90.wav,train
unknown/4-145081-A-91.wav,train
unknown/4-145081-A-92.wav,train
unknown/4-145081-A-93.wav,train
unknown/4-145081-A-94.wav,train
unknown/4-146200-A-360.wav,train
unknown/4-146200-A-361.wav,train
unknown/4-146200-A-362.wav,test
unknown/4-146200-A-363.wav,train
unknown/4-146200-A-364.wav,train
unknown/4-147240-A-20.wav,test
unknown/4-147240-A-21.wav,train
unknown/4-147240-A-22.wav,train
unknown/4-147240-A-23.wav,train
unknown/4-147240-A-24.wav,test
unknown/4-147240-B-20.wav,train
unknown/4-147240-B-21.wav,train
unknown/4-147240-B-22.wav,train
unknown/4-147240-B-23.wav,train
unknown/4-147240-B-24.wav,train
unknown/4-147657-A-460.wav,train
unknown/4-147657-A-461.wav,test
unknown/4-147657-A-462.wav,train
unknown/4-147657-A-463.wav,train
unknown/4-147657-A-464.wav,train
unknown/4-147658-A-460.wav,test
unknown/4-147658-A-461.wav,train
unknown/4-147658-A-462.wav,train
unknown/4-147658-A-463.wav,train
unknown/4-147658-A-464.wav,train
unknown/4-149294-A-410.wav,train
unknown/4-149294-A-411.wav,train
unknown/4-149294-A-412.wav,train
unknown/4-149294-A-413.wav,train
unknown/4-149294-A-414.wav,train
unknown/4-149294-B-410.wav,train
unknown/4-149294-B-411.wav,test
unknown/4-149294-B-412.wav,train
unknown/4-149294-B-413.wav,train
unknown/4-149294-B-414.wav,train
unknown/4-149940-A-50.wav,train
unknown/4-149940-A-51.wav,train
unknown/4-149940-A-52.wav,train
unknown/4-149940-A-53.wav,train
unknown/4-149940-A-54.wav,train
unknown/4-149940-B-50.wav,train
unknown/4-149940-B-51.wav,train
unknown/4-149940-B-52.wav,test
unknown/4-149940-B-53.wav,train
unknown/4-149940-B-54.wav,train
unknown/4-150364-A-460.wav,test
unknown/4-150364-A-461.wav,train
unknown/4-150364-A-462.wav,train
unknown/4-150364-A-463.wav,test
unknown/4-150364-A-464.wav,train
unknown/4-150364-B-460.wav,train
unknown/4-150364-B-461.wav,train
unknown/4-150364-B-462.wav,train
unknown/4-150364-B-463.wav,train
unknown/4-150364-B-464.wav,train
unknown/4-151242-A-370.wav,train
unknown/4-151242-A-371.wav,train
unknown/4-151242-A-372.wav,test
unknown/4-151242-A-373.wav,train
unknown/4-151242-A-374.wav,train
unknown/4-152958-A-180.wav,test
unknown/4-152958-A-181.wav,train
unknown/4-152958-A-182.wav,train
unknown/4-152958-A-183.wav,test
unknown/4-152958-A-184.wav,train
unknown/4-152995-A-240.wav,test
unknown/4-152995-A-241.wav,train
unknown/4-152995-A-242.wav,train
unknown/4-152995-A-243.wav,train
unknown/4-152995-A-244.wav,train
unknown/4-154405-A-270.wav,train
unknown/4-154405-A-271.wav,train
unknown/4-154405-A-272.wav,train
unknown/4-154405-A-273.wav,train
unknown/4-154405-A-274.wav,train
unknown/4-154405-B-270.wav,train
unknown/4-154405-B-271.wav,train
unknown/4-154405-B-272.wav,train
unknown/4-154405-B-273.wav,train
unknown/4-154405-B-274.wav,train
unknown/4-154443-A-240.wav,train
unknown/4-154443-A-241.wav,train
unknown/4-154443-A-242.wav,train
unknown/4-154443-A-243.wav,train
unknown/4-154443-A-244.wav,train
unknown/4-154793-A-40.wav,test
unknown/4-154793-A-41.wav,train
unknown/4-154793-A-42.wav,train
unknown/4-154793-A-43.wav,train
unknown/4-154793-A-44.wav,train
unknown/4-155650-A-240.wav,train
unknown/4-155650-A-241.wav,test
unknown/4-155650-A-242.wav,train
unknown/4-155650-A-243.wav,train
unknown/4-155650-A-244.wav,train
unknown/4-155650-B-240.wav,test
unknown/4-155650-B-241.wav,train
unknown/4-155650-B-242.wav,train
unknown/4-155650-B-243.wav,train
unknown/4-155650-B-244.wav,train
unknown/4-155670-A-260.wav,train
unknown/4-155670-A-261.wav,train
unknown/4-155670-A-262.wav,test
unknown/4-155670-A-263.wav,train
unknown/4-155670-A-264.wav,train
unknown/4-156227-A-90.wav,train
unknown/4-156227-A-91.wav,train
unknown/4-156227-A-92.wav,train
unknown/4-156227-A-93.wav,train
unknown/4-156227-A-94.wav,test
unknown/4-156827-A-460.wav,train
unknown/4-156827-A-461.wav,train
unknown/4-156827-A-462.wav,train
unknown/4-156827-A-463.wav,train
unknown/4-156827-A-464.wav,train
unknown/4-156843-A-210.wav,train
unknown/4-156843-A-211.wav,train
unknown/4-156843-A-212.wav,train
unknown/4-156843-A-213.wav,train
unknown/4-156843-A-214.wav,test
unknown/4-156844-A-210.wav,train
unknown/4-156844-A-211.wav,train
unknown/4-156844-A-212.wav,train
unknown/4-156844-A-213.wav,train
unknown/4-156844-A-214.wav,train
unknown/4-156993-A-190.wav,train
unknown/4-156993-A-191.wav,train
unknown/4-156993-A-192.wav,train
unknown/4-156993-A-193.wav,test
unknown/4-156993-A-194.wav,train
unknown/4-157296-A-240.wav,test
unknown/4-157296-A-241.wav,train
unknown/4-157296-A-242.wav,train
unknown/4-157296-A-243.wav,train
unknown/4-157296-A-244.wav,train
unknown/4-157297-A-210.wav,test
unknown/4-157297-A-211.wav,train
unknown/4-157297-A-212.wav,train
unknown/4-157297-A-213.wav,train
unknown/4-157297-A-214.wav,train
unknown/4-157611-A-410.wav,train
unknown/4-157611-A-411.wav,train
unknown/4-157611-A-412.wav,train
unknown/4-157611-A-413.wav,train
unknown/4-157611-A-414.wav,train
unknown/4-157611-B-410.wav,test
unknown/4-157611-B-411.wav,test
unknown/4-157611-B-412.wav,train
unknown/4-157611-B-413.wav,train
unknown/4-157611-B-414.wav,train
unknown/4-158653-A-320.wav,train
unknown/4-158653-A-321.wav,train
unknown/4-158653-A-322.wav,train
unknown/4-158653-A-323.wav,train
unknown/4-158653-A-324.wav,train
unknown/4-159426-A-90.wav,train
unknown/4-159426-A-91.wav,test
unknown/4-159426-A-92.wav,train
unknown/4-159426-A-93.wav,test
unknown/4-159426-A-94.wav,train
unknown/4-159609-A-140.wav,test
unknown/4-159609-A-141.wav,train
unknown/4-159609-A-142.wav,train
unknown/4-159609-A-143.wav,train
unknown/4-159609-A-144.wav,train
unknown/4-159609-B-140.wav,train
unknown/4-159609-B-141.wav,test
unknown/4-159609-B-142.wav,train
unknown/4-159609-B-143.wav,train
unknown/4-159609-B-144.wav,train
unknown/4-160036-A-330.wav,train
unknown/4-160036-A-331.wav,train
unknown/4-160036-A-332.wav,train
unknown/4-160036-A-333.wav,test
unknown/4-160036-A-334.wav,train
unknown/4-160036-B-330.wav,train
unknown/4-160036-B-331.wav,train
unknown/4-160036-B-332.wav,test
unknown/4-160036-B-333.wav,train
unknown/4-160036-B-334.wav,test
unknown/4-160999-A-100.wav,train
unknown/4-160999-A-101.wav,train
unknown/4-160999-A-102.wav,test
unknown/4-160999-A-103.wav,train
unknown/4-160999-A-104.wav,train
unknown/4-161099-A-470.wav,train
unknown/4-161099-A-471.wav,train
unknown/4-161099-A-472.wav,train
unknown/4-161099-A-473.wav,train
unknown/4-161099-A-474.wav,train
unknown/4-161099-B-470.wav,train
unknown/4-161099-B-471.wav,train
unknown/4-161099-B-472.wav,train
unknown/4-161099-B-473.wav,train
unknown/4-161099-B-474.wav,train
unknown/4-161100-A-470.wav,test
unknown/4-161100-A-471.wav,train
unknown/4-161100-A-472.wav,train
unknown/4-161100-A-473.wav,train
unknown/4-161100-A-474.wav,train
unknown/4-161103-A-470.wav,test
unknown/4-161103-A-471.wav,train
unknown/4-161103-A-472.wav,train
unknown/4-161103-A-473.wav,test
unknown/4-161103-A-474.wav,train
unknown/4-161105-A-470.wav,train
unknown/4-161105-A-471.wav,train
unknown/4-161105-A-472.wav,train
unknown/4-161105-A-473.wav,train
unknown/4-161105-A-474.wav,train
unknown/4-161105-B-470.wav,train
unknown/4-161105-B-471.wav,train
unknown/4-161105-B-472.wav,train
unknown/4-161105-B-473.wav,train
unknown/4-161105-B-474.wav,test
unknown/4-161127-A-100.wav,train
unknown/4-161127-A-101.wav,test
unknown/4-161127-A-102.wav,test
unknown/4-161127-A-103.wav,train
unknown/4-161127-A-104.wav,test
unknown/4-161303-A-50.wav,train
unknown/4-161303-A-51.wav,train
unknown/4-161303-A-52.wav,train
unknown/4-161303-A-53.wav,train
unknown/4-161303-A-54.wav,train
unknown/4-161303-B-50.wav,train
unknown/4-161303-B-51.wav,train
unknown/4-161303-B-52.wav,train
unknown/4-161303-B-53.wav,train
unknown/4-161303-B-54.wav,test
unknown/4-161519-A-190.wav,test
unknown/4-161519-A-191.wav,test
unknown/4-161519-A-192.wav,train
unknown/4-161519-A-193.wav,test
unknown/4-161519-A-194.wav,train
unknown/4-161579-A-400.wav,test
unknown/4-161579-A-401.wav,train
unknown/4-161579-A-402.wav,test
unknown/4-161579-A-403.wav,test
unknown/4-161579-A-404.wav,train
unknown/4-161579-B-400.wav,train
unknown/4-161579-B-401.wav,train
unknown/4-161579-B-402.wav,train
unknown/4-161579-B-403.wav,train
unknown/4-161579-B-404.wav,train
unknown/4-163264-A-100.wav,train
unknown/4-163264-A-101.wav,train
unknown/4-163264-A-102.wav,train
unknown/4-163264-A-103.wav,train
unknown/4-163264-A-104.wav,train
unknown/4-163606-A-160.wav,train
unknown/4-163606-A-161.wav,train
unknown/4-163606-A-162.wav,test
unknown/4-163606-A-163.wav,train
unknown/4-163606-A-164.wav,test
unknown/4-163608-B-160.wav,train
unknown/4-163608-B-161.wav,train
unknown/4-163608-B-162.wav,train
unknown/4-163608-B-163.wav,train
unknown/4-163608-B-164.wav,test
unknown/4-163609-A-160.wav,train
unknown/4-163609-A-161.wav,train
unknown/4-163609-A-162.wav,test
unknown/4-163609-A-163.wav,train
unknown/4-163609-A-164.wav,train
unknown/4-163609-B-160.wav,train
unknown/4-163609-B-161.wav,train
unknown/4-163609-B-162.wav,train
unknown/4-163609-B-163.wav,train
unknown/4-163609-B-164.wav,train
unknown/4-163697-A-130.wav,train
unknown/4-163697-A-131.wav,train
unknown/4-163697-A-132.wav,train
unknown/4-163697-A-133.wav,train
unknown/4-163697-A-134.wav,test
unknown/4-164021-A-10.wav,train
unknown/4-164021-A-11.wav,train
unknown/4-164021-A-12.wav,test
unknown/4-164021-A-13.wav,train
unknown/4-164021-A-14.wav,train
unknown/4-164064-A-10.wav,train
unknown/4-164064-A-11.wav,train
unknown/4-164064-A-12.wav,train
unknown/4-164064-A-13.wav,train
unknown/4-164064-A-14.wav,train
unknown/4-164064-B-10.wav,train
unknown/4-164064-B-11.wav,train
unknown/4-164064-B-12.wav,train
unknown/4-164064-B-13.wav,train
unknown/4-164064-B-14.wav,test
unknown/4-164064-C-10.wav,train
unknown/4-164064-C-11.wav,test
unknown/4-164064-C-12.wav,train
unknown/4-164064-C-13.wav,train
unknown/4-164064-C-14.wav,train
unknown/4-164206-A-100.wav,train
unknown/4-164206-A-101.wav,train
unknown/4-164206-A-102.wav,train
unknown/4-164206-A-103.wav,test
unknown/4-164206-A-104.wav,test
unknown/4-164243-A-260.wav,train
unknown/4-164243-A-261.wav,test
unknown/4-164243-A-262.wav,train
unknown/4-164243-A-263.wav,test
unknown/4-164243-A-264.wav,train
unknown/4-164661-A-120.wav,test
unknown/4-164661-A-121.wav,test
unknown/4-164661-A-122.wav,train
unknown/4-164661-A-123.wav,test
unknown/4-164661-A-124.wav,train
unknown/4-164661-B-120.wav,train
unknown/4-164661-B-121.wav,train
unknown/4-164661-B-122.wav,train
unknown/4-164661-B-123.wav,train
unknown/4-164661-B-124.wav,train
unknown/4-164859-A-10.wav,train
unknown/4-164859-A-11.wav,train
unknown/4-164859-A-12.wav,train
unknown/4-164859-A-13.wav,train
unknown/4-164859-A-14.wav,train
unknown/4-165606-A-450.wav,train
unknown/4-165606-A-451.wav,train
unknown/4-165606-A-452.wav,train
unknown/4-165606-A-453.wav,train
unknown/4-165606-A-454.wav,test
unknown/4-165791-A-450.wav,train
unknown/4-165791-A-451.wav,train
unknown/4-165791-A-452.wav,test
unknown/4-165791-A-453.wav,train
unknown/4-165791-A-454.wav,test
unknown/4-165791-B-450.wav,train
unknown/4-165791-B-451.wav,train
unknown/4-165791-B-452.wav,train
unknown/4-165791-B-453.wav,test
unknown/4-165791-B-454.wav,test
unknown/4-165813-A-190.wav,train
unknown/4-165813-A-191.wav,train
unknown/4-165813-A-192.wav,train
unknown/4-165813-A-193.wav,train
unknown/4-165813-A-194.wav,train
unknown/4-165813-B-190.wav,train
unknown/4-165813-B-191.wav,test
unknown/4-165813-B-192.wav,train
unknown/4-165813-B-193.wav,train
unknown/4-165813-B-194.wav,test
unknown/4-165823-A-410.wav,test
unknown/4-165823-A-411.wav,train
unknown/4-165823-A-412.wav,train
unknown/4-165823-A-413.wav,train
unknown/4-165823-A-414.wav,train
unknown/4-165823-B-410.wav,train
unknown/4-165823-B-411.wav,train
unknown/4-165823-B-412.wav,train
unknown/4-165823-B-413.wav,train
unknown/4-165823-B-414.wav,test
unknown/4-165845-A-450.wav,train
unknown/4-165845-A-451.wav,test
unknown/4-165845-A-452.wav,test
unknown/4-165845-A-453.wav,train
unknown/4-165845-A-454.wav,train
unknown/4-165845-B-450.wav,train
unknown/4-165845-B-451.wav,train
unknown/4-165845-B-452.wav,train
unknown/4-165845-B-453.wav,test
unknown/4-165845-B-454.wav,test
unknown/4-165933-A-450.wav,train
unknown/4-165933-A-451.wav,test
unknown/4-165933-A-452.wav,train
unknown/4-165933-A-453.wav,train
unknown/4-165933-A-454.wav,train
unknown/4-166661-A-100.wav,train
unknown/4-166661-A-101.wav,train
unknown/4-166661-A-102.wav,train
unknown/4-166661-A-103.wav,train
unknown/4-166661-A-104.wav,train
unknown/4-167063-A-110.wav,train
unknown/4-167063-A-111.wav,train
unknown/4-167063-A-112.wav,train
unknown/4-167063-A-113.wav,train
unknown/4-167063-A-114.wav,train
unknown/4-167063-B-110.wav,train
unknown/4-167063-B-111.wav,train
unknown/4-167063-B-112.wav,train
unknown/4-167063-B-113.wav,test
unknown/4-167063-B-114.wav,train
unknown/4-167063-C-110.wav,train
unknown/4-167063-C-111.wav,train
unknown/4-167063-C-112.wav,train
unknown/4-167063-C-113.wav,train
unknown/4-167063-C-114.wav,train
unknown/4-167077-A-200.wav,train
unknown/4-167077-A-201.wav,train
unknown/4-167077-A-202.wav,train
unknown/4-167077-A-203.wav,test
unknown/4-167077-A-204.wav,train
unknown/4-167077-B-200.wav,train
unknown/4-167077-B-201.wav,train
unknown/4-167077-B-202.wav,train
unknown/4-167077-B-203.wav,test
unknown/4-167077-B-204.wav,train
unknown/4-167077-C-200.wav,train
unknown/4-167077-C-201.wav,train
unknown/4-167077-C-202.wav,train
unknown/4-167077-C-203.wav,train
unknown/4-167077-C-204.wav,train
unknown/4-167155-A-320.wav,train
unknown/4-167155-A-321.wav,train
unknown/4-167155-A-322.wav,train
unknown/4-167155-A-323.wav,train
unknown/4-167155-A-324.wav,train
unknown/4-167571-A-260.wav,test
unknown/4-167571-A-261.wav,test
unknown/4-167571-A-262.wav,train
unknown/4-167571-A-263.wav,train
unknown/4-167571-A-264.wav,train
unknown/4-167642-A-210.wav,train
unknown/4-167642-A-211.wav,train
unknown/4-167642-A-212.wav,train
unknown/4-167642-A-213.wav,train
unknown/4-167642-A-214.wav,train
unknown/4-168155-A-150.wav,test
unknown/4-168155-A-151.wav,test
unknown/4-168155-A-152.wav,train
unknown/4-168155-A-153.wav,train
unknown/4-168155-A-154.wav,train
unknown/4-168446-A-450.wav,test
unknown/4-168446-A-451.wav,test
unknown/4-168446-A-452.wav,test
unknown/4-168446-A-453.wav,train
unknown/4-168446-A-454.wav,train
unknown/4-168868-A-170.wav,train
unknown/4-168868-A-171.wav,train
unknown/4-168868-A-172.wav,train
unknown/4-168868-A-173.wav,train
unknown/4-168868-A-174.wav,train
unknown/4-169127-A-410.wav,train
unknown/4-169127-A-411.wav,train
unknown/4-169127-A-412.wav,test
unknown/4-169127-A-413.wav,train
unknown/4-169127-A-414.wav,train
unknown/4-169127-B-410.wav,train
unknown/4-169127-B-411.wav,train
unknown/4-169127-B-412.wav,train
unknown/4-169127-B-413.wav,train
unknown/4-169127-B-414.wav,train
unknown/4-169508-A-370.wav,train
unknown/4-169508-A-371.wav,train
unknown/4-169508-A-372.wav,train
unknown/4-169508-A-373.wav,train
unknown/4-169508-A-374.wav,train
unknown/4-169726-A-240.wav,train
unknown/4-169726-A-241.wav,train
unknown/4-169726-A-242.wav,train
unknown/4-169726-A-243.wav,test
unknown/4-169726-A-244.wav,train
unknown/4-170078-A-10.wav,test
unknown/4-170078-A-11.wav,test
unknown/4-170078-A-12.wav,train
unknown/4-170078-A-13.wav,train
unknown/4-170078-A-14.wav,test
unknown/4-170247-A-120.wav,train
unknown/4-170247-A-121.wav,train
unknown/4-170247-A-122.wav,train
unknown/4-170247-A-123.wav,train
unknown/4-170247-A-124.wav,train
unknown/4-170247-B-120.wav,test
unknown/4-170247-B-121.wav,test
unknown/4-170247-B-122.wav,train
unknown/4-170247-B-123.wav,train
unknown/4-170247-B-124.wav,test
unknown/4-171207-A-120.wav,train
unknown/4-171207-A-121.wav,train
unknown/4-171207-A-122.wav,test
unknown/4-171207-A-123.wav,train
unknown/4-171207-A-124.wav,train
unknown/4-171396-A-240.wav,train
unknown/4-171396-A-241.wav,test
unknown/4-171396-A-242.wav,train
unknown/4-171396-A-243.wav,train
unknown/4-171396-A-244.wav,train
unknown/4-171519-A-210.wav,train
unknown/4-171519-A-211.wav,train
unknown/4-171519-A-212.wav,test
unknown/4-171519-A-213.wav,train
unknown/4-171519-A-214.wav,train
unknown/4-171652-A-440.wav,train
unknown/4-171652-A-441.wav,train
unknown/4-171652-A-442.wav,train
unknown/4-171652-A-443.wav,test
unknown/4-171652-A-444.wav,train
unknown/4-171706-A-230.wav,test
unknown/4-171706-A-231.wav,train
unknown/4-171706-A-232.wav,train
unknown/4-171706-A-233.wav,train
unknown/4-171706-A-234.wav,train
unknown/4-171823-A-130.wav,test
unknown/4-171823-A-131.wav,test
unknown/4-171823-A-132.wav,train
unknown/4-171823-A-133.wav,test
unknown/4-171823-A-134.wav,train
unknown/4-172143-A-130.wav,train
unknown/4-172143-A-131.wav,test
unknown/4-172143-A-132.wav,test
unknown/4-172143-A-133.wav,train
unknown/4-172143-A-134.wav,train
unknown/4-172180-A-320.wav,train
unknown/4-172180-A-321.wav,train
unknown/4-172180-A-322.wav,train
unknown/4-172180-A-323.wav,test
unknown/4-172180-A-324.wav,train
unknown/4-172366-A-370.wav,train
unknown/4-172366-A-371.wav,train
unknown/4-172366-A-372.wav,train
unknown/4-172366-A-373.wav,train
unknown/4-172366-A-374.wav,train
unknown/4-172377-A-170.wav,train
unknown/4-172377-A-171.wav,train
unknown/4-172377-A-172.wav,train
unknown/4-172377-A-173.wav,train
unknown/4-172377-A-174.wav,train
unknown/4-172500-A-270.wav,train
unknown/4-172500-A-271.wav,train
unknown/4-172500-A-272.wav,test
unknown/4-172500-A-273.wav,train
unknown/4-172500-A-274.wav,train
unknown/4-172500-B-270.wav,train
unknown/4-172500-B-271.wav,train
unknown/4-172500-B-272.wav,train
unknown/4-172500-B-273.wav,train
unknown/4-172500-B-274.wav,train
unknown/4-172500-C-270.wav,train
unknown/4-172500-C-271.wav,train
unknown/4-172500-C-272.wav,train
unknown/4-172500-C-273.wav,train
unknown/4-172500-C-274.wav,train
unknown/4-172500-D-270.wav,train
unknown/4-172500-D-271.wav,train
unknown/4-172500-D-272.wav,train
unknown/4-172500-D-273.wav,train
unknown/4-172500-D-274.wav,train
unknown/4-172732-A-360.wav,train
unknown/4-172732-A-361.wav,test
unknown/4-172732-A-362.wav,train
unknown/4-172732-A-363.wav,train
unknown/4-172732-A-364.wav,train
unknown/4-172733-A-360.wav,train
unknown/4-172733-A-361.wav,train
unknown/4-172733-A-362.wav,train
unknown/4-172733-A-363.wav,train
unknown/4-172733-A-364.wav,train
unknown/4-172734-A-360.wav,train
unknown/4-172734-A-361.wav,train
unknown/4-172734-A-362.wav,test
unknown/4-172734-A-363.wav,train
unknown/4-172734-A-364.wav,train
unknown/4-172736-A-360.wav,train
unknown/4-172736-A-361.wav,train
unknown/4-172736-A-362.wav,train
unknown/4-172736-A-363.wav,test
unknown/4-172736-A-364.wav,train
unknown/4-172736-B-360.wav,train
unknown/4-172736-B-361.wav,train
unknown/4-172736-B-362.wav,test
unknown/4-172736-B-363.wav,train
unknown/4-172736-B-364.wav,train
unknown/4-172742-A-320.wav,train
unknown/4-172742-A-321.wav,train
unknown/4-172742-A-322.wav,train
unknown/4-172742-A-323.wav,train
unknown/4-172742-A-324.wav,train
unknown/4-173865-A-90.wav,test
unknown/4-173865-A-91.wav,test
unknown/4-173865-A-92.wav,train
unknown/4-173865-A-93.wav,train
unknown/4-173865-A-94.wav,train
unknown/4-173865-B-90.wav,train
unknown/4-173865-B-91.wav,train
unknown/4-173865-B-92.wav,train
unknown/4-173865-B-93.wav,train
unknown/4-173865-B-94.wav,train
unknown/4-174797-A-150.wav,test
unknown/4-174797-A-151.wav,test
unknown/4-174797-A-152.wav,test
unknown/4-174797-A-153.wav,test
unknown/4-174797-A-154.wav,test
unknown/4-174860-A-30.wav,train
unknown/4-174860-A-31.wav,train
unknown/4-174860-A-32.wav,test
unknown/4-174860-A-33.wav,train
unknown/4-174860-A-34.wav,train
unknown/4-174860-B-30.wav,train
unknown/4-174860-B-31.wav,train
unknown/4-174860-B-32.wav,train
unknown/4-174860-B-33.wav,train
unknown/4-174860-B-34.wav,test
unknown/4-175000-A-400.wav,train
unknown/4-175000-A-401.wav,test
unknown/4-175000-A-402.wav,train
unknown/4-175000-A-403.wav,train
unknown/4-175000-A-404.wav,test
unknown/4-175000-B-400.wav,train
unknown/4-175000-B-401.wav,train
unknown/4-175000-B-402.wav,train
unknown/4-175000-B-403.wav,train
unknown/4-175000-B-404.wav,train
unknown/4-175000-C-400.wav,train
unknown/4-175000-C-401.wav,test
unknown/4-175000-C-402.wav,train
unknown/4-175000-C-403.wav,train
unknown/4-175000-C-404.wav,train
unknown/4-175025-A-340.wav,train
unknown/4-175025-A-341.wav,train
unknown/4-175025-A-342.wav,train
unknown/4-175025-A-343.wav,test
unknown/4-175025-A-344.wav,train
unknown/4-175845-A-430.wav,train
unknown/4-175845-A-431.wav,train
unknown/4-175845-A-432.wav,test
unknown/4-175845-A-433.wav,train
unknown/4-175845-A-434.wav,train
unknown/4-175846-A-430.wav,train
unknown/4-175846-A-431.wav,train
unknown/4-175846-A-432.wav,train
unknown/4-175846-A-433.wav,train
unknown/4-175846-A-434.wav,train
unknown/4-175855-A-430.wav,test
unknown/4-175855-A-431.wav,test
unknown/4-175855-A-432.wav,test
unknown/4-175855-A-433.wav,train
unknown/4-175855-A-434.wav,train
unknown/4-175856-A-430.wav,test
unknown/4-175856-A-431.wav,train
unknown/4-175856-A-432.wav,test
unknown/4-175856-A-433.wav,test
unknown/4-175856-A-434.wav,train
unknown/4-175945-A-380.wav,train
unknown/4-175945-A-381.wav,train
unknown/4-175945-A-382.wav,train
unknown/4-175945-A-383.wav,test
unknown/4-175945-A-384.wav,train
unknown/4-176631-A-430.wav,train
unknown/4-176631-A-431.wav,train
unknown/4-176631-A-432.wav,train
unknown/4-176631-A-433.wav,train
unknown/4-176631-A-434.wav,train
unknown/4-176638-A-430.wav,train
unknown/4-176638-A-431.wav,train
unknown/4-176638-A-432.wav,train
unknown/4-176638-A-433.wav,train
unknown/4-176638-A-434.wav,test
unknown/4-176914-A-230.wav,train
unknown/4-176914-A-231.wav,train
unknown/4-176914-A-232.wav,train
unknown/4-176914-A-233.wav,train
unknown/4-176914-A-234.wav,train
unknown/4-177243-A-320.wav,test
unknown/4-177243-A-321.wav,train
unknown/4-177243-A-322.wav,train
unknown/4-177243-A-323.wav,train
unknown/4-177243-A-324.wav,test
unknown/4-177250-A-100.wav,test
unknown/4-177250-A-101.wav,train
unknown/4-177250-A-102.wav,train
unknown/4-177250-A-103.wav,train
unknown/4-177250-A-104.wav,train
unknown/4-177835-A-240.wav,train
unknown/4-177835-A-241.wav,train
unknown/4-177835-A-242.wav,train
unknown/4-177835-A-243.wav,test
unknown/4-177835-A-244.wav,test
unknown/4-178402-A-430.wav,test
unknown/4-178402-A-431.wav,train
unknown/4-178402-A-432.wav,train
unknown/4-178402-A-433.wav,train
unknown/4-178402-A-434.wav,train
unknown/4-178881-A-450.wav,test
unknown/4-178881-A-451.wav,train
unknown/4-178881-A-452.wav,test
unknown/4-178881-A-453.wav,train
unknown/4-178881-A-454.wav,train
unknown/4-179836-A-340.wav,train
unknown/4-179836-A-341.wav,train
unknown/4-179836-A-342.wav,train
unknown/4-179836-A-343.wav,train
unknown/4-179836-A-344.wav,train
unknown/4-179984-A-380.wav,test
unknown/4-179984-A-381.wav,train
unknown/4-179984-A-382.wav,train
unknown/4-179984-A-383.wav,train
unknown/4-179984-A-384.wav,test
unknown/4-180337-A-280.wav,train
unknown/4-180337-A-281.wav,test
unknown/4-180337-A-282.wav,train
unknown/4-180337-A-283.wav,test
unknown/4-180337-A-284.wav,test
unknown/4-180380-A-100.wav,train
unknown/4-180380-A-101.wav,train
unknown/4-180380-A-102.wav,train
unknown/4-180380-A-103.wav,test
unknown/4-180380-A-104.wav,test
unknown/4-180453-A-170.wav,train
unknown/4-180453-A-171.wav,train
unknown/4-180453-A-172.wav,train
unknown/4-180453-A-173.wav,test
unknown/4-180453-A-174.wav,train
unknown/4-181035-A-380.wav,train
unknown/4-181035-A-381.wav,train
unknown/4-181035-A-382.wav,train
unknown/4-181035-A-383.wav,train
unknown/4-181035-A-384.wav,train
unknown/4-181286-A-100.wav,train
unknown/4-181286-A-101.wav,test
unknown/4-181286-A-102.wav,train
unknown/4-181286-A-103.wav,train
unknown/4-181286-A-104.wav,train
unknown/4-181362-A-130.wav,test
unknown/4-181362-A-131.wav,test
unknown/4-181362-A-132.wav,train
unknown/4-181362-A-133.wav,test
unknown/4-181362-A-134.wav,train
unknown/4-181563-A-120.wav,train
unknown/4-181563-A-121.wav,train
unknown/4-181563-A-122.wav,train
unknown/4-181563-A-123.wav,train
unknown/4-181563-A-124.wav,test
unknown/4-181599-A-260.wav,train
unknown/4-181599-A-261.wav,train
unknown/4-181599-A-262.wav,train
unknown/4-181599-A-263.wav,train
unknown/4-181599-A-264.wav,train
unknown/4-181628-A-170.wav,test
unknown/4-181628-A-171.wav,train
unknown/4-181628-A-172.wav,test
unknown/4-181628-A-173.wav,train
unknown/4-181628-A-174.wav,test
unknown/4-181707-A-320.wav,train
unknown/4-181707-A-321.wav,train
unknown/4-181707-A-322.wav,train
unknown/4-181707-A-323.wav,train
unknown/4-181707-A-324.wav,train
unknown/4-181708-A-320.wav,train
unknown/4-181708-A-321.wav,test
unknown/4-181708-A-322.wav,train
unknown/4-181708-A-323.wav,train
unknown/4-181708-A-324.wav,train
unknown/4-181865-A-380.wav,test
unknown/4-181865-A-381.wav,test
unknown/4-181865-A-382.wav,train
unknown/4-181865-A-383.wav,test
unknown/4-181865-A-384.wav,train
unknown/4-181955-A-30.wav,train
unknown/4-181955-A-31.wav,test
unknown/4-181955-A-32.wav,train
unknown/4-181955-A-33.wav,train
unknown/4-181955-A-34.wav,train
unknown/4-181955-B-30.wav,train
unknown/4-181955-B-31.wav,train
unknown/4-181955-B-32.wav,train
unknown/4-181955-B-33.wav,test
unknown/4-181955-B-34.wav,train
unknown/4-181955-C-30.wav,train
unknown/4-181955-C-31.wav,train
unknown/4-181955-C-32.wav,train
unknown/4-181955-C-33.wav,train
unknown/4-181955-C-34.wav,train
unknown/4-181999-A-360.wav,train
unknown/4-181999-A-361.wav,train
unknown/4-181999-A-362.wav,train
unknown/4-181999-A-363.wav,test
unknown/4-181999-A-364.wav,train
unknown/4-182034-A-300.wav,train
unknown/4-182034-A-301.wav,train
unknown/4-182034-A-302.wav,test
unknown/4-182034-A-303.wav,train
unknown/4-182034-A-304.wav,train
unknown/4-182039-A-300.wav,train
unknown/4-182039-A-301.wav,train
unknown/4-182039-A-302.wav,test
unknown/4-182039-A-303.wav,train
unknown/4-182039-A-304.wav,train
unknown/4-182041-A-300.wav,train
unknown/4-182041-A-301.wav,train
unknown/4-182041-A-302.wav,train
unknown/4-182041-A-303.wav,train
unknown/4-182041-A-304.wav,train
unknown/4-182314-A-70.wav,train
unknown/4-182314-A-71.wav,train
unknown/4-182314-A-72.wav,test
unknown/4-182314-A-73.wav,test
unknown/4-182314-A-74.wav,train
unknown/4-182314-B-70.wav,test
unknown/4-182314-B-71.wav,test
unknown/4-182314-B-72.wav,train
unknown/4-182314-B-73.wav,train
unknown/4-182314-B-74.wav,train
unknown/4-182368-A-120.wav,train
unknown/4-182368-A-121.wav,train
unknown/4-182368-A-122.wav,train
unknown/4-182368-A-123.wav,train
unknown/4-182368-A-124.wav,train
unknown/4-182369-A-120.wav,train
unknown/4-182369-A-121.wav,test
unknown/4-182369-A-122.wav,train
unknown/4-182369-A-123.wav,test
unknown/4-182369-A-124.wav,test
unknown/4-182395-A-00.wav,train
unknown/4-182395-A-01.wav,test
unknown/4-182395-A-02.wav,train
unknown/4-182395-A-03.wav,test
unknown/4-182395-A-04.wav,train
unknown/4-182613-A-110.wav,test
unknown/4-182613-A-111.wav,train
unknown/4-182613-A-112.wav,test
unknown/4-182613-A-113.wav,test
unknown/4-182613-A-114.wav,test
unknown/4-182613-B-110.wav,test
unknown/4-182613-B-111.wav,train
unknown/4-182613-B-112.wav,train
unknown/4-182613-B-113.wav,train
unknown/4-182613-B-114.wav,train
unknown/4-182795-A-140.wav,train
unknown/4-182795-A-141.wav,train
unknown/4-182795-A-142.wav,train
unknown/4-182795-A-143.wav,train
unknown/4-182795-A-144.wav,train
unknown/4-182839-A-170.wav,train
unknown/4-182839-A-171.wav,test
unknown/4-182839-A-172.wav,test
unknown/4-182839-A-173.wav,train
unknown/4-182839-A-174.wav,test
unknown/4-183487-A-10.wav,test
unknown/4-183487-A-11.wav,train
unknown/4-183487-A-12.wav,train
unknown/4-183487-A-13.wav,train
unknown/4-183487-A-14.wav,train
unknown/4-183882-A-280.wav,train
unknown/4-183882-A-281.wav,test
unknown/4-183882-A-282.wav,train
unknown/4-183882-A-283.wav,train
unknown/4-183882-A-284.wav,train
unknown/4-183882-B-280.wav,test
unknown/4-183882-B-281.wav,train
unknown/4-183882-B-282.wav,train
unknown/4-183882-B-283.wav,test
unknown/4-183882-B-284.wav,train
unknown/4-183992-A-00.wav,train
unknown/4-183992-A-01.wav,train
unknown/4-183992-A-02.wav,test
unknown/4-183992-A-03.wav,train
unknown/4-183992-A-04.wav,train
unknown/4-184235-A-280.wav,train
unknown/4-184235-A-281.wav,train
unknown/4-184235-A-282.wav,train
unknown/4-184235-A-283.wav,test
unknown/4-184235-A-284.wav,train
unknown/4-184237-A-280.wav,train
unknown/4-184237-A-281.wav,train
unknown/4-184237-A-282.wav,train
unknown/4-184237-A-283.wav,train
unknown/4-184237-A-284.wav,train
unknown/4-184434-A-210.wav,train
unknown/4-184434-A-211.wav,train
unknown/4-184434-A-212.wav,train
unknown/4-184434-A-213.wav,train
unknown/4-184434-A-214.wav,test
unknown/4-184575-A-00.wav,train
unknown/4-184575-A-01.wav,test
unknown/4-184575-A-02.wav,train
unknown/4-184575-A-03.wav,test
unknown/4-184575-A-04.wav,train
unknown/4-185415-A-210.wav,train
unknown/4-185415-A-211.wav,train
unknown/4-185415-A-212.wav,train
unknown/4-185415-A-213.wav,test
unknown/4-185415-A-214.wav,train
unknown/4-185575-A-200.wav,test
unknown/4-185575-A-201.wav,train
unknown/4-185575-A-202.wav,train
unknown/4-185575-A-203.wav,train
unknown/4-185575-A-204.wav,test
unknown/4-185575-B-200.wav,train
unknown/4-185575-B-201.wav,test
unknown/4-185575-B-202.wav,train
unknown/4-185575-B-203.wav,train
unknown/4-185575-B-204.wav,train
unknown/4-185575-C-200.wav,test
unknown/4-185575-C-201.wav,train
unknown/4-185575-C-202.wav,train
unknown/4-185575-C-203.wav,train
unknown/4-185575-C-204.wav,train
unknown/4-185613-A-320.wav,train
unknown/4-185613-A-321.wav,train
unknown/4-185613-A-322.wav,train
unknown/4-185613-A-323.wav,train
unknown/4-185613-A-324.wav,train
unknown/4-185619-A-210.wav,test
unknown/4-185619-A-211.wav,train
unknown/4-185619-A-212.wav,test
unknown/4-185619-A-213.wav,train
unknown/4-185619-A-214.wav,train
unknown/4-186518-A-300.wav,train
unknown/4-186518-A-301.wav,train
unknown/4-186518-A-302.wav,train
unknown/4-186518-A-303.wav,test
unknown/4-186518-A-304.wav,test
unknown/4-186693-A-170.wav,train
unknown/4-186693-A-171.wav,train
unknown/4-186693-A-172.wav,test
unknown/4-186693-A-173.wav,train
unknown/4-186693-A-174.wav,train
unknown/4-186935-A-440.wav,test
unknown/4-186935-A-441.wav,train
unknown/4-186935-A-442.wav,train
unknown/4-186935-A-443.wav,train
unknown/4-186935-A-444.wav,train
unknown/4-186936-A-440.wav,train
unknown/4-186936-A-441.wav,test
unknown/4-186936-A-442.wav,train
unknown/4-186936-A-443.wav,train
unknown/4-186936-A-444.wav,train
unknown/4-186938-A-440.wav,train
unknown/4-186938-A-441.wav,test
unknown/4-186938-A-442.wav,train
unknown/4-186938-A-443.wav,train
unknown/4-186938-A-444.wav,train
unknown/4-186940-A-440.wav,train
unknown/4-186940-A-441.wav,train
unknown/4-186940-A-442.wav,train
unknown/4-186940-A-443.wav,test
unknown/4-186940-A-444.wav,test
unknown/4-186962-A-440.wav,test
unknown/4-186962-A-441.wav,train
unknown/4-186962-A-442.wav,train
unknown/4-186962-A-443.wav,train
unknown/4-186962-A-444.wav,test
unknown/4-187284-A-300.wav,train
unknown/4-187284-A-301.wav,train
unknown/4-187284-A-302.wav,train
unknown/4-187284-A-303.wav,train
unknown/4-187284-A-304.wav,train
unknown/4-187384-A-340.wav,train
unknown/4-187384-A-341.wav,train
unknown/4-187384-A-342.wav,test
unknown/4-187384-A-343.wav,train
unknown/4-187384-A-344.wav,train
unknown/4-187504-A-170.wav,train
unknown/4-187504-A-171.wav,train
unknown/4-187504-A-172.wav,train
unknown/4-187504-A-173.wav,train
unknown/4-187504-A-174.wav,train
unknown/4-187504-B-170.wav,train
unknown/4-187504-B-171.wav,train
unknown/4-187504-B-172.wav,train
unknown/4-187504-B-173.wav,train
unknown/4-187504-B-174.wav,train
unknown/4-187769-A-140.wav,test
unknown/4-187769-A-141.wav,train
unknown/4-187769-A-142.wav,train
unknown/4-187769-A-143.wav,train
unknown/4-187769-A-144.wav,test
unknown/4-187769-B-140.wav,train
unknown/4-187769-B-141.wav,train
unknown/4-187769-B-142.wav,train
unknown/4-187769-B-143.wav,test
unknown/4-187769-B-144.wav,train
unknown/4-188003-A-340.wav,train
unknown/4-188003-A-341.wav,train
unknown/4-188003-A-342.wav,train
unknown/4-188003-A-343.wav,train
unknown/4-188003-A-344.wav,test
unknown/4-188033-A-380.wav,train
unknown/4-188033-A-381.wav,train
unknown/4-188033-A-382.wav,train
unknown/4-188033-A-383.wav,train
unknown/4-188033-A-384.wav,test
unknown/4-188191-A-290.wav,train
unknown/4-188191-A-291.wav,test
unknown/4-188191-A-292.wav,train
unknown/4-188191-A-293.wav,train
unknown/4-188191-A-294.wav,train
unknown/4-188191-B-290.wav,test
unknown/4-188191-B-291.wav,train
unknown/4-188191-B-292.wav,train
unknown/4-188191-B-293.wav,test
unknown/4-188191-B-294.wav,train
unknown/4-188191-C-290.wav,train
unknown/4-188191-C-291.wav,train
unknown/4-188191-C-292.wav,train
unknown/4-188191-C-293.wav,train
unknown/4-188191-C-294.wav,train
unknown/4-188287-A-90.wav,train
unknown/4-188287-A-91.wav,train
unknown/4-188287-A-92.wav,train
unknown/4-188287-A-93.wav,train
unknown/4-188287-A-94.wav,train
unknown/4-188293-A-150.wav,train
unknown/4-188293-A-151.wav,train
unknown/4-188293-A-152.wav,train
unknown/4-188293-A-153.wav,train
unknown/4-188293-A-154.wav,train
unknown/4-188293-B-150.wav,test
unknown/4-188293-B-151.wav,test
unknown/4-188293-B-152.wav,train
unknown/4-188293-B-153.wav,test
unknown/4-188293-B-154.wav,train
unknown/4-188595-A-290.wav,train
unknown/4-188595-A-291.wav,train
unknown/4-188595-A-292.wav,train
unknown/4-188595-A-293.wav,train
unknown/4-188595-A-294.wav,train
unknown/4-188703-A-80.wav,train
unknown/4-188703-A-81.wav,train
unknown/4-188703-A-82.wav,train
unknown/4-188703-A-83.wav,train
unknown/4-188703-A-84.wav,train
unknown/4-188703-B-80.wav,test
unknown/4-188703-B-81.wav,test
unknown/4-188703-B-82.wav,train
unknown/4-188703-B-83.wav,train
unknown/4-188703-B-84.wav,test
unknown/4-188703-C-80.wav,train
unknown/4-188703-C-81.wav,train
unknown/4-188703-C-82.wav,train
unknown/4-188703-C-83.wav,train
unknown/4-188703-C-84.wav,train
unknown/4-188703-D-80.wav,train
unknown/4-188703-D-81.wav,train
unknown/4-188703-D-82.wav,train
unknown/4-188703-D-83.wav,test
unknown/4-188703-D-84.wav,test
unknown/4-188878-A-300.wav,train
unknown/4-188878-A-301.wav,train
unknown/4-188878-A-302.wav,test
unknown/4-188878-A-303.wav,train
unknown/4-188878-A-304.wav,train
unknown/4-189332-A-370.wav,train
unknown/4-189332-A-371.wav,train
unknown/4-189332-A-372.wav,train
unknown/4-189332-A-373.wav,train
unknown/4-189332-A-374.wav,test
unknown/4-189828-A-220.wav,test
unknown/4-189828-A-221.wav,train
unknown/4-189828-A-222.wav,train
unknown/4-189828-A-223.wav,train
unknown/4-189828-A-224.wav,train
unknown/4-189830-A-220.wav,train
unknown/4-189830-A-221.wav,test
unknown/4-189830-A-222.wav,train
unknown/4-189830-A-223.wav,train
unknown/4-189830-A-224.wav,train
unknown/4-189832-A-220.wav,train
unknown/4-189832-A-221.wav,train
unknown/4-189832-A-222.wav,train
unknown/4-189832-A-223.wav,train
unknown/4-189832-A-224.wav,train
unknown/4-189832-B-220.wav,train
unknown/4-189832-B-221.wav,train
unknown/4-189832-B-222.wav,test
unknown/4-189832-B-223.wav,train
unknown/4-189832-B-224.wav,train
unknown/4-189833-A-220.wav,train
unknown/4-189833-A-221.wav,train
unknown/4-189833-A-222.wav,test
unknown/4-189833-A-223.wav,train
unknown/4-189833-A-224.wav,train
unknown/4-189836-A-220.wav,train
unknown/4-189836-A-221.wav,train
unknown/4-189836-A-222.wav,train
unknown/4-189836-A-223.wav,train
unknown/4-189836-A-224.wav,test
unknown/4-189838-A-220.wav,train
unknown/4-189838-A-221.wav,train
unknown/4-189838-A-222.wav,train
unknown/4-189838-A-223.wav,train
unknown/4-189838-A-224.wav,test
unknown/4-191015-A-430.wav,train
unknown/4-191015-A-431.wav,train
unknown/4-191015-A-432.wav,train
unknown/4-191015-A-433.wav,train
unknown/4-191015-A-434.wav,test
unknown/4-191246-A-70.wav,train
unknown/4-191246-A-71.wav,test
unknown/4-191246-A-72.wav,train
unknown/4-191246-A-73.wav,test
unknown/4-191246-A-74.wav,train
unknown/4-191246-B-70.wav,train
unknown/4-191246-B-71.wav,test
unknown/4-191246-B-72.wav,train
unknown/4-191246-B-73.wav,train
unknown/4-191246-B-74.wav,test
unknown/4-191297-A-280.wav,train
unknown/4-191297-A-281.wav,train
unknown/4-191297-A-282.wav,train
unknown/4-191297-A-283.wav,test
unknown/4-191297-A-284.wav,train
unknown/4-191327-A-380.wav,train
unknown/4-191327-A-381.wav,train
unknown/4-191327-A-382.wav,test
unknown/4-191327-A-383.wav,test
unknown/4-191327-A-384.wav,train
unknown/4-191687-A-00.wav,train
unknown/4-191687-A-01.wav,train
unknown/4-191687-A-02.wav,train
unknown/4-191687-A-03.wav,train
unknown/4-191687-A-04.wav,train
unknown/4-192068-A-310.wav,train
unknown/4-192068-A-311.wav,train
unknown/4-192068-A-312.wav,test
unknown/4-192068-A-313.wav,test
unknown/4-192068-A-314.wav,train
unknown/4-192236-A-00.wav,test
unknown/4-192236-A-01.wav,train
unknown/4-192236-A-02.wav,train
unknown/4-192236-A-03.wav,test
unknown/4-192236-A-04.wav,train
unknown/4-193480-A-400.wav,test
unknown/4-193480-A-401.wav,train
unknown/4-193480-A-402.wav,train
unknown/4-193480-A-403.wav,train
unknown/4-193480-A-404.wav,train
unknown/4-193480-B-400.wav,train
unknown/4-193480-B-401.wav,train
unknown/4-193480-B-402.wav,train
unknown/4-193480-B-403.wav,train
unknown/4-193480-B-404.wav,train
unknown/4-194246-A-130.wav,train
unknown/4-194246-A-131.wav,test
unknown/4-194246-A-132.wav,train
unknown/4-194246-A-133.wav,train
unknown/4-194246-A-134.wav,train
unknown/4-194680-A-360.wav,train
unknown/4-194680-A-361.wav,train
unknown/4-194680-A-362.wav,train
unknown/4-194680-A-363.wav,train
unknown/4-194680-A-364.wav,train
unknown/4-194711-A-380.wav,test
unknown/4-194711-A-381.wav,train
unknown/4-194711-A-382.wav,train
unknown/4-194711-A-383.wav,test
unknown/4-194711-A-384.wav,train
unknown/4-194754-A-00.wav,test
unknown/4-194754-A-01.wav,train
unknown/4-194754-A-02.wav,train
unknown/4-194754-A-03.wav,train
unknown/4-194754-A-04.wav,test
unknown/4-194808-A-290.wav,train
unknown/4-194808-A-291.wav,train
unknown/4-194808-A-292.wav,train
unknown/4-194808-A-293.wav,train
unknown/4-194808-A-294.wav,train
unknown/4-194979-A-250.wav,train
unknown/4-194979-A-251.wav,train
unknown/4-194979-A-252.wav,train
unknown/4-194979-A-253.wav,train
unknown/4-194979-A-254.wav,train
unknown/4-194981-A-250.wav,train
unknown/4-194981-A-251.wav,train
unknown/4-194981-A-252.wav,train
unknown/4-194981-A-253.wav,train
unknown/4-194981-A-254.wav,train
unknown/4-195305-A-310.wav,train
unknown/4-195305-A-311.wav,train
unknown/4-195305-A-312.wav,test
unknown/4-195305-A-313.wav,train
unknown/4-195305-A-314.wav,train
unknown/4-195451-A-440.wav,train
unknown/4-195451-A-441.wav,train
unknown/4-195451-A-442.wav,train
unknown/4-195451-A-443.wav,test
unknown/4-195451-A-444.wav,train
unknown/4-195497-A-110.wav,train
unknown/4-195497-A-111.wav,train
unknown/4-195497-A-112.wav,test
unknown/4-195497-A-113.wav,train
unknown/4-195497-A-114.wav,train
unknown/4-195497-B-110.wav,test
unknown/4-195497-B-111.wav,train
unknown/4-195497-B-112.wav,train
unknown/4-195497-B-113.wav,test
unknown/4-195497-B-114.wav,test
unknown/4-195707-A-130.wav,test
unknown/4-195707-A-131.wav,train
unknown/4-195707-A-132.wav,train
unknown/4-195707-A-133.wav,test
unknown/4-195707-A-134.wav,train
unknown/4-195805-A-130.wav,train
unknown/4-195805-A-131.wav,train
unknown/4-195805-A-132.wav,train
unknown/4-195805-A-133.wav,train
unknown/4-195805-A-134.wav,train
unknown/4-196671-A-80.wav,train
unknown/4-196671-A-81.wav,train
unknown/4-196671-A-82.wav,train
unknown/4-196671-A-83.wav,test
unknown/4-196671-A-84.wav,train
unknown/4-196671-B-80.wav,train
unknown/4-196671-B-81.wav,train
unknown/4-196671-B-82.wav,train
unknown/4-196671-B-83.wav,test
unknown/4-196671-B-84.wav,train
unknown/4-196672-A-80.wav,test
unknown/4-196672-A-81.wav,train
unknown/4-196672-A-82.wav,test
unknown/4-196672-A-83.wav,train
unknown/4-196672-A-84.wav,train
unknown/4-197103-A-60.wav,train
unknown/4-197103-A-61.wav,train
unknown/4-197103-A-62.wav,train
unknown/4-197103-A-63.wav,test
unknown/4-197103-A-64.wav,train
unknown/4-197454-A-280.wav,train
unknown/4-197454-A-281.wav,train
unknown/4-197454-A-282.wav,train
unknown/4-197454-A-283.wav,train
unknown/4-197454-A-284.wav,train
unknown/4-197454-B-280.wav,test
unknown/4-197454-B-281.wav,train
unknown/4-197454-B-282.wav,train
unknown/4-197454-B-283.wav,train
unknown/4-197454-B-284.wav,train
unknown/4-197871-A-150.wav,train
unknown/4-197871-A-151.wav,train
unknown/4-197871-A-152.wav,train
unknown/4-197871-A-153.wav,train
unknown/4-197871-A-154.wav,train
unknown/4-198025-A-230.wav,train
unknown/4-198025-A-231.wav,train
unknown/4-198025-A-232.wav,train
unknown/4-198025-A-233.wav,train
unknown/4-198025-A-234.wav,train
unknown/4-198360-A-490.wav,train
unknown/4-198360-A-491.wav,train
unknown/4-198360-A-492.wav,test
unknown/4-198360-A-493.wav,train
unknown/4-198360-A-494.wav,train
unknown/4-198360-B-490.wav,test
unknown/4-198360-B-491.wav,train
unknown/4-198360-B-492.wav,train
unknown/4-198360-B-493.wav,train
unknown/4-198360-B-494.wav,train
unknown/4-198360-C-490.wav,train
unknown/4-198360-C-491.wav,train
unknown/4-198360-C-492.wav,train
unknown/4-198360-C-493.wav,test
unknown/4-198360-C-494.wav,test
unknown/4-198841-A-370.wav,train
unknown/4-198841-A-371.wav,train
unknown/4-198841-A-372.wav,train
unknown/4-198841-A-373.wav,train
unknown/4-198841-A-374.wav,test
unknown/4-198962-A-250.wav,test
unknown/4-198962-A-251.wav,train
unknown/4-198962-A-252.wav,train
unknown/4-198962-A-253.wav,test
unknown/4-198962-A-254.wav,train
unknown/4-198962-B-250.wav,train
unknown/4-198962-B-251.wav,train
unknown/4-198962-B-252.wav,train
unknown/4-198962-B-253.wav,train
unknown/4-198962-B-254.wav,test
unknown/4-198965-A-380.wav,train
unknown/4-198965-A-381.wav,train
unknown/4-198965-A-382.wav,train
unknown/4-198965-A-383.wav,test
unknown/4-198965-A-384.wav,test
unknown/4-199261-A-00.wav,test
unknown/4-199261-A-01.wav,test
unknown/4-199261-A-02.wav,train
unknown/4-199261-A-03.wav,train
unknown/4-199261-A-04.wav,train
unknown/4-200330-A-60.wav,train
unknown/4-200330-A-61.wav,train
unknown/4-200330-A-62.wav,train
unknown/4-200330-A-63.wav,train
unknown/4-200330-A-64.wav,train
unknown/4-200330-B-60.wav,train
unknown/4-200330-B-61.wav,test
unknown/4-200330-B-62.wav,train
unknown/4-200330-B-63.wav,train
unknown/4-200330-B-64.wav,train
unknown/4-201300-A-310.wav,train
unknown/4-201300-A-311.wav,train
unknown/4-201300-A-312.wav,train
unknown/4-201300-A-313.wav,train
unknown/4-201300-A-314.wav,test
unknown/4-201800-A-310.wav,train
unknown/4-201800-A-311.wav,train
unknown/4-201800-A-312.wav,train
unknown/4-201800-A-313.wav,train
unknown/4-201800-A-314.wav,train
unknown/4-201988-A-440.wav,train
unknown/4-201988-A-441.wav,train
unknown/4-201988-A-442.wav,train
unknown/4-201988-A-443.wav,train
unknown/4-201988-A-444.wav,train
unknown/4-202298-A-310.wav,train
unknown/4-202298-A-311.wav,train
unknown/4-202298-A-312.wav,train
unknown/4-202298-A-313.wav,train
unknown/4-202298-A-314.wav,train
unknown/4-202749-A-130.wav,train
unknown/4-202749-A-131.wav,train
unknown/4-202749-A-132.wav,train
unknown/4-202749-A-133.wav,train
unknown/4-202749-A-134.wav,train
unknown/4-204115-A-390.wav,train
unknown/4-204115-A-391.wav,test
unknown/4-204115-A-392.wav,train
unknown/4-204115-A-393.wav,train
unknown/4-204115-A-394.wav,train
unknown/4-204119-A-390.wav,train
unknown/4-204119-A-391.wav,test
unknown/4-204119-A-392.wav,train
unknown/4-204119-A-393.wav,train
unknown/4-204119-A-394.wav,train
unknown/4-204121-A-390.wav,train
unknown/4-204121-A-391.wav,train
unknown/4-204121-A-392.wav,train
unknown/4-204121-A-393.wav,test
unknown/4-204121-A-394.wav,train
unknown/4-204123-A-390.wav,train
unknown/4-204123-A-391.wav,train
unknown/4-204123-A-392.wav,train
unknown/4-204123-A-393.wav,train
unknown/4-204123-A-394.wav,train
unknown/4-204202-A-290.wav,train
unknown/4-204202-A-291.wav,train
unknown/4-204202-A-292.wav,test
unknown/4-204202-A-293.wav,train
unknown/4-204202-A-294.wav,train
unknown/4-204612-A-310.wav,test
unknown/4-204612-A-311.wav,train
unknown/4-204612-A-312.wav,test
unknown/4-204612-A-313.wav,train
unknown/4-204612-A-314.wav,train
unknown/4-204618-A-110.wav,train
unknown/4-204618-A-111.wav,train
unknown/4-204618-A-112.wav,test
unknown/4-204618-A-113.wav,train
unknown/4-204618-A-114.wav,test
unknown/4-204683-A-310.wav,test
unknown/4-204683-A-311.wav,train
unknown/4-204683-A-312.wav,train
unknown/4-204683-A-313.wav,train
unknown/4-204683-A-314.wav,train
unknown/4-204684-A-370.wav,train
unknown/4-204684-A-371.wav,test
unknown/4-204684-A-372.wav,train
unknown/4-204684-A-373.wav,train
unknown/4-204684-A-374.wav,train
unknown/4-204777-A-390.wav,train
unknown/4-204777-A-391.wav,train
unknown/4-204777-A-392.wav,train
unknown/4-204777-A-393.wav,train
unknown/4-204777-A-394.wav,train
unknown/4-204777-B-390.wav,train
unknown/4-204777-B-391.wav,test
unknown/4-204777-B-392.wav,test
unknown/4-204777-B-393.wav,train
unknown/4-204777-B-394.wav,train
unknown/4-204777-C-390.wav,train
unknown/4-204777-C-391.wav,train
unknown/4-204777-C-392.wav,test
unknown/4-204777-C-393.wav,test
unknown/4-204777-C-394.wav,train
unknown/4-204830-A-60.wav,train
unknown/4-204830-A-61.wav,train
unknown/4-204830-A-62.wav,train
unknown/4-204830-A-63.wav,test
unknown/4-204830-A-64.wav,train
unknown/4-205526-A-230.wav,train
unknown/4-205526-A-231.wav,train
unknown/4-205526-A-232.wav,test
unknown/4-205526-A-233.wav,train
unknown/4-205526-A-234.wav,train
unknown/4-205526-B-230.wav,test
unknown/4-205526-B-231.wav,test
unknown/4-205526-B-232.wav,train
unknown/4-205526-B-233.wav,train
unknown/4-205526-B-234.wav,train
unknown/4-205738-A-220.wav,train
unknown/4-205738-A-221.wav,train
unknown/4-205738-A-222.wav,test
unknown/4-205738-A-223.wav,test
unknown/4-205738-A-224.wav,train
unknown/4-207116-A-230.wav,train
unknown/4-207116-A-231.wav,train
unknown/4-207116-A-232.wav,train
unknown/4-207116-A-233.wav,train
unknown/4-207116-A-234.wav,train
unknown/4-207124-A-00.wav,train
unknown/4-207124-A-01.wav,train
unknown/4-207124-A-02.wav,train
unknown/4-207124-A-03.wav,train
unknown/4-207124-A-04.wav,test
unknown/4-208021-A-10.wav,train
unknown/4-208021-A-11.wav,train
unknown/4-208021-A-12.wav,train
unknown/4-208021-A-13.wav,train
unknown/4-208021-A-14.wav,train
unknown/4-209536-A-370.wav,train
unknown/4-209536-A-371.wav,train
unknown/4-209536-A-372.wav,train
unknown/4-209536-A-373.wav,test
unknown/4-209536-A-374.wav,test
unknown/4-209698-A-370.wav,train
unknown/4-209698-A-371.wav,train
unknown/4-209698-A-372.wav,train
unknown/4-209698-A-373.wav,train
unknown/4-209698-A-374.wav,train
unknown/4-210000-A-230.wav,test
unknown/4-210000-A-231.wav,train
unknown/4-210000-A-232.wav,test
unknown/4-210000-A-233.wav,train
unknown/4-210000-A-234.wav,test
unknown/4-210000-B-230.wav,train
unknown/4-210000-B-231.wav,train
unknown/4-210000-B-232.wav,train
unknown/4-210000-B-233.wav,train
unknown/4-210000-B-234.wav,test
unknown/4-210309-A-310.wav,train
unknown/4-210309-A-311.wav,train
unknown/4-210309-A-312.wav,train
unknown/4-210309-A-313.wav,test
unknown/4-210309-A-314.wav,train
unknown/4-210593-A-290.wav,train
unknown/4-210593-A-291.wav,train
unknown/4-210593-A-292.wav,train
unknown/4-210593-A-293.wav,train
unknown/4-210593-A-294.wav,train
unknown/4-211502-A-300.wav,train
unknown/4-211502-A-301.wav,train
unknown/4-211502-A-302.wav,train
unknown/4-211502-A-303.wav,train
unknown/4-211502-A-304.wav,train
unknown/4-212604-A-150.wav,train
unknown/4-212604-A-151.wav,train
unknown/4-212604-A-152.wav,train
unknown/4-212604-A-153.wav,train
unknown/4-212604-A-154.wav,train
unknown/4-212604-B-150.wav,train
unknown/4-212604-B-151.wav,train
unknown/4-212604-B-152.wav,train
unknown/4-212604-B-153.wav,train
unknown/4-212604-B-154.wav,train
unknown/4-212604-C-150.wav,train
unknown/4-212604-C-151.wav,train
unknown/4-212604-C-152.wav,test
unknown/4-212604-C-153.wav,train
unknown/4-212604-C-154.wav,train
unknown/4-212698-A-390.wav,test
unknown/4-212698-A-391.wav,train
unknown/4-212698-A-392.wav,train
unknown/4-212698-A-393.wav,train
unknown/4-212698-A-394.wav,train
unknown/4-212728-A-340.wav,train
unknown/4-212728-A-341.wav,train
unknown/4-212728-A-342.wav,train
unknown/4-212728-A-343.wav,train
unknown/4-212728-A-344.wav,train
unknown/4-213193-A-290.wav,train
unknown/4-213193-A-291.wav,train
unknown/4-213193-A-292.wav,train
unknown/4-213193-A-293.wav,train
unknown/4-213193-A-294.wav,train
unknown/4-213915-A-30.wav,test
unknown/4-213915-A-31.wav,test
unknown/4-213915-A-32.wav,train
unknown/4-213915-A-33.wav,train
unknown/4-213915-A-34.wav,train
unknown/4-213915-B-30.wav,train
unknown/4-213915-B-31.wav,train
unknown/4-213915-B-32.wav,test
unknown/4-213915-B-33.wav,train
unknown/4-213915-B-34.wav,train
unknown/4-213915-C-30.wav,train
unknown/4-213915-C-31.wav,train
unknown/4-213915-C-32.wav,test
unknown/4-213915-C-33.wav,train
unknown/4-213915-C-34.wav,test
unknown/4-215635-A-340.wav,train
unknown/4-215635-A-341.wav,train
unknown/4-215635-A-342.wav,train
unknown/4-215635-A-343.wav,train
unknown/4-215635-A-344.wav,train
unknown/4-216211-A-140.wav,train
unknown/4-216211-A-141.wav,train
unknown/4-216211-A-142.wav,train
unknown/4-216211-A-143.wav,train
unknown/4-216211-A-144.wav,train
unknown/4-216349-A-340.wav,train
unknown/4-216349-A-341.wav,train
unknown/4-216349-A-342.wav,train
unknown/4-216349-A-343.wav,test
unknown/4-216349-A-344.wav,test
unknown/4-218199-A-350.wav,test
unknown/4-218199-A-351.wav,train
unknown/4-218199-A-352.wav,train
unknown/4-218199-A-353.wav,train
unknown/4-218199-A-354.wav,train
unknown/4-218199-B-350.wav,train
unknown/4-218199-B-351.wav,train
unknown/4-218199-B-352.wav,test
unknown/4-218199-B-353.wav,train
unknown/4-218199-B-354.wav,train
unknown/4-218199-C-350.wav,train
unknown/4-218199-C-351.wav,train
unknown/4-218199-C-352.wav,train
unknown/4-218199-C-353.wav,train
unknown/4-218199-C-354.wav,train
unknown/4-218199-D-350.wav,train
unknown/4-218199-D-351.wav,train
unknown/4-218199-D-352.wav,train
unknown/4-218199-D-353.wav,train
unknown/4-218199-D-354.wav,train
unknown/4-218199-E-350.wav,train
unknown/4-218199-E-351.wav,test
unknown/4-218199-E-352.wav,train
unknown/4-218199-E-353.wav,train
unknown/4-218199-E-354.wav,test
unknown/4-218199-F-350.wav,train
unknown/4-218199-F-351.wav,test
unknown/4-218199-F-352.wav,test
unknown/4-218199-F-353.wav,train
unknown/4-218199-F-354.wav,train
unknown/4-218199-G-350.wav,train
unknown/4-218199-G-351.wav,train
unknown/4-218199-G-352.wav,train
unknown/4-218199-G-353.wav,train
unknown/4-218199-G-354.wav,train
unknown/4-218199-H-350.wav,train
unknown/4-218199-H-351.wav,test
unknown/4-218199-H-352.wav,test
unknown/4-218199-H-353.wav,train
unknown/4-218199-H-354.wav,train
unknown/4-218304-A-250.wav,train
unknown/4-218304-A-251.wav,train
unknown/4-218304-A-252.wav,test
unknown/4-218304-A-253.wav,test
unknown/4-218304-A-254.wav,train
unknown/4-218304-B-250.wav,train
unknown/4-218304-B-251.wav,train
unknown/4-218304-B-252.wav,train
unknown/4-218304-B-253.wav,train
unknown/4-218304-B-254.wav,train
unknown/4-223125-A-140.wav,train
unknown/4-223125-A-141.wav,test
unknown/4-223125-A-142.wav,test
unknown/4-223125-A-143.wav,train
unknown/4-223125-A-144.wav,test
unknown/4-223127-A-140.wav,train
unknown/4-223127-A-141.wav,train
unknown/4-223127-A-142.wav,test
unknown/4-223127-A-143.wav,train
unknown/4-223127-A-144.wav,train
unknown/4-232495-A-60.wav,train
unknown/4-232495-A-61.wav,test
unknown/4-232495-A-62.wav,train
unknown/4-232495-A-63.wav,test
unknown/4-232495-A-64.wav,test
unknown/4-234644-A-20.wav,train
unknown/4-234644-A-21.wav,train
unknown/4-234644-A-22.wav,train
unknown/4-234644-A-23.wav,train
unknown/4-234644-A-24.wav,train
unknown/4-234879-A-60.wav,train
unknown/4-234879-A-61.wav,train
unknown/4-234879-A-62.wav,test
unknown/4-234879-A-63.wav,train
unknown/4-234879-A-64.wav,train
unknown/4-244318-A-60.wav,train
unknown/4-244318-A-61.wav,train
unknown/4-244318-A-62.wav,train
unknown/4-244318-A-63.wav,train
unknown/4-244318-A-64.wav,train
unknown/4-250864-A-80.wav,train
unknown/4-250864-A-81.wav,train
unknown/4-250864-A-82.wav,train
unknown/4-250864-A-83.wav,train
unknown/4-250864-A-84.wav,train
unknown/4-250869-A-20.wav,test
unknown/4-250869-A-21.wav,test
unknown/4-250869-A-22.wav,train
unknown/4-250869-A-23.wav,train
unknown/4-250869-A-24.wav,train
unknown/4-250869-B-20.wav,train
unknown/4-250869-B-21.wav,train
unknown/4-250869-B-22.wav,test
unknown/4-250869-B-23.wav,train
unknown/4-250869-B-24.wav,train
unknown/4-250869-C-20.wav,test
unknown/4-250869-C-21.wav,train
unknown/4-250869-C-22.wav,train
unknown/4-250869-C-23.wav,test
unknown/4-250869-C-24.wav,train
unknown/4-251645-A-490.wav,test
unknown/4-251645-A-491.wav,train
unknown/4-251645-A-492.wav,train
unknown/4-251645-A-493.wav,train
unknown/4-251645-A-494.wav,train
unknown/4-251645-B-490.wav,train
unknown/4-251645-B-491.wav,train
unknown/4-251645-B-492.wav,train
unknown/4-251645-B-493.wav,train
unknown/4-251645-B-494.wav,train
unknown/4-251959-A-470.wav,test
unknown/4-251959-A-471.wav,train
unknown/4-251959-A-472.wav,train
unknown/4-251959-A-473.wav,train
unknown/4-251959-A-474.wav,train
unknown/4-253649-A-60.wav,train
unknown/4-253649-A-61.wav,train
unknown/4-253649-A-62.wav,train
unknown/4-253649-A-63.wav,train
unknown/4-253649-A-64.wav,train
unknown/4-255371-A-470.wav,train
unknown/4-255371-A-471.wav,train
unknown/4-255371-A-472.wav,train
unknown/4-255371-A-473.wav,train
unknown/4-255371-A-474.wav,train
unknown/4-261068-A-300.wav,train
unknown/4-261068-A-301.wav,train
unknown/4-261068-A-302.wav,train
unknown/4-261068-A-303.wav,train
unknown/4-261068-A-304.wav,train
unknown/4-264453-A-340.wav,train
unknown/4-264453-A-341.wav,train
unknown/4-264453-A-342.wav,train
unknown/4-264453-A-343.wav,test
unknown/4-264453-A-344.wav,train
unknown/4-59579-A-200.wav,test
unknown/4-59579-A-201.wav,train
unknown/4-59579-A-202.wav,test
unknown/4-59579-A-203.wav,train
unknown/4-59579-A-204.wav,train
unknown/4-59579-B-200.wav,train
unknown/4-59579-B-201.wav,train
unknown/4-59579-B-202.wav,train
unknown/4-59579-B-203.wav,train
unknown/4-59579-B-204.wav,train
unknown/4-67358-A-420.wav,train
unknown/4-67358-A-421.wav,train
unknown/4-67358-A-422.wav,train
unknown/4-67358-A-423.wav,train
unknown/4-67358-A-424.wav,train
unknown/4-80761-A-420.wav,test
unknown/4-80761-A-421.wav,train
unknown/4-80761-A-422.wav,train
unknown/4-80761-A-423.wav,train
unknown/4-80761-A-424.wav,train
unknown/4-90014-A-420.wav,test
unknown/4-90014-A-421.wav,train
unknown/4-90014-A-422.wav,train
unknown/4-90014-A-423.wav,train
unknown/4-90014-A-424.wav,train
unknown/4-90014-B-420.wav,train
unknown/4-90014-B-421.wav,test
unknown/4-90014-B-422.wav,train
unknown/4-90014-B-423.wav,train
unknown/4-90014-B-424.wav,test
unknown/4-99193-A-40.wav,train
unknown/4-99193-A-41.wav,train
unknown/4-99193-A-42.wav,test
unknown/4-99193-A-43.wav,train
unknown/4-99193-A-44.wav,train
unknown/4-99193-B-40.wav,train
unknown/4-99193-B-41.wav,train
unknown/4-99193-B-42.wav,train
unknown/4-99193-B-43.wav,test
unknown/4-99193-B-44.wav,test
unknown/4-99644-A-40.wav,train
unknown/4-99644-A-41.wav,test
unknown/4-99644-A-42.wav,train
unknown/4-99644-A-43.wav,test
unknown/4-99644-A-44.wav,train
unknown/4-99644-B-40.wav,train
unknown/4-99644-B-41.wav,test
unknown/4-99644-B-42.wav,train
unknown/4-99644-B-43.wav,test
unknown/4-99644-B-44.wav,train
unknown/4-99644-C-40.wav,train
unknown/4-99644-C-41.wav,test
unknown/4-99644-C-42.wav,test
unknown/4-99644-C-43.wav,test
unknown/4-99644-C-44.wav,train
unknown/4-99644-D-40.wav,test
unknown/4-99644-D-41.wav,train
unknown/4-99644-D-42.wav,train
unknown/4-99644-D-43.wav,train
unknown/4-99644-D-44.wav,train
unknown/5-103415-A-20.wav,train
unknown/5-103415-A-21.wav,test
unknown/5-103415-A-22.wav,train
unknown/5-103415-A-23.wav,test
unknown/5-103415-A-24.wav,train
unknown/5-103416-A-20.wav,test
unknown/5-103416-A-21.wav,test
unknown/5-103416-A-22.wav,train
unknown/5-103416-A-23.wav,train
unknown/5-103416-A-24.wav,test
unknown/5-103418-A-20.wav,train
unknown/5-103418-A-21.wav,train
unknown/5-103418-A-22.wav,train
unknown/5-103418-A-23.wav,train
unknown/5-103418-A-24.wav,train
unknown/5-103420-A-20.wav,train
unknown/5-103420-A-21.wav,test
unknown/5-103420-A-22.wav,train
unknown/5-103420-A-23.wav,train
unknown/5-103420-A-24.wav,train
unknown/5-103421-A-20.wav,train
unknown/5-103421-A-21.wav,train
unknown/5-103421-A-22.wav,train
unknown/5-103421-A-23.wav,train
unknown/5-103421-A-24.wav,train
unknown/5-103422-A-20.wav,train
unknown/5-103422-A-21.wav,train
unknown/5-103422-A-22.wav,train
unknown/5-103422-A-23.wav,train
unknown/5-103422-A-24.wav,train
unknown/5-117118-A-420.wav,train
unknown/5-117118-A-421.wav,test
unknown/5-117118-A-422.wav,train
unknown/5-117118-A-423.wav,train
unknown/5-117118-A-424.wav,train
unknown/5-117120-A-420.wav,train
unknown/5-117120-A-421.wav,train
unknown/5-117120-A-422.wav,test
unknown/5-117120-A-423.wav,train
unknown/5-117120-A-424.wav,train
unknown/5-117122-A-420.wav,test
unknown/5-117122-A-421.wav,train
unknown/5-117122-A-422.wav,train
unknown/5-117122-A-423.wav,test
unknown/5-117122-A-424.wav,train
unknown/5-117250-A-20.wav,train
unknown/5-117250-A-21.wav,train
unknown/5-117250-A-22.wav,train
unknown/5-117250-A-23.wav,train
unknown/5-117250-A-24.wav,test
unknown/5-117773-A-160.wav,train
unknown/5-117773-A-161.wav,train
unknown/5-117773-A-162.wav,test
unknown/5-117773-A-163.wav,train
unknown/5-117773-A-164.wav,train
unknown/5-127990-A-20.wav,test
unknown/5-127990-A-21.wav,train
unknown/5-127990-A-22.wav,test
unknown/5-127990-A-23.wav,train
unknown/5-127990-A-24.wav,train
unknown/5-133989-A-420.wav,train
unknown/5-133989-A-421.wav,train
unknown/5-133989-A-422.wav,train
unknown/5-133989-A-423.wav,train
unknown/5-133989-A-424.wav,train
unknown/5-133989-B-420.wav,train
unknown/5-133989-B-421.wav,train
unknown/5-133989-B-422.wav,train
unknown/5-133989-B-423.wav,train
unknown/5-133989-B-424.wav,test
unknown/5-141683-A-350.wav,train
unknown/5-141683-A-351.wav,train
unknown/5-141683-A-352.wav,test
unknown/5-141683-A-353.wav,train
unknown/5-141683-A-354.wav,train
unknown/5-147297-A-270.wav,train
unknown/5-147297-A-271.wav,train
unknown/5-147297-A-272.wav,train
unknown/5-147297-A-273.wav,train
unknown/5-147297-A-274.wav,test
unknown/5-150409-A-420.wav,train
unknown/5-150409-A-421.wav,test
unknown/5-150409-A-422.wav,train
unknown/5-150409-A-423.wav,train
unknown/5-150409-A-424.wav,train
unknown/5-151085-A-200.wav,train
unknown/5-151085-A-201.wav,train
unknown/5-151085-A-202.wav,train
unknown/5-151085-A-203.wav,train
unknown/5-151085-A-204.wav,train
unknown/5-156026-A-40.wav,train
unknown/5-156026-A-41.wav,train
unknown/5-156026-A-42.wav,train
unknown/5-156026-A-43.wav,train
unknown/5-156026-A-44.wav,train
unknown/5-156026-B-40.wav,test
unknown/5-156026-B-41.wav,train
unknown/5-156026-B-42.wav,train
unknown/5-156026-B-43.wav,train
unknown/5-156026-B-44.wav,train
unknown/5-156026-C-40.wav,train
unknown/5-156026-C-41.wav,train
unknown/5-156026-C-42.wav,train
unknown/5-156026-C-43.wav,train
unknown/5-156026-C-44.wav,test
unknown/5-156026-D-40.wav,train
unknown/5-156026-D-41.wav,train
unknown/5-156026-D-42.wav,train
unknown/5-156026-D-43.wav,train
unknown/5-156026-D-44.wav,test
unknown/5-156698-A-180.wav,train
unknown/5-156698-A-181.wav,train
unknown/5-156698-A-182.wav,train
unknown/5-156698-A-183.wav,train
unknown/5-156698-A-184.wav,train
unknown/5-156999-A-190.wav,train
unknown/5-156999-A-191.wav,train
unknown/5-156999-A-192.wav,train
unknown/5-156999-A-193.wav,train
unknown/5-156999-A-194.wav,test
unknown/5-156999-B-190.wav,train
unknown/5-156999-B-191.wav,train
unknown/5-156999-B-192.wav,test
unknown/5-156999-B-193.wav,train
unknown/5-156999-B-194.wav,test
unknown/5-156999-C-190.wav,train
unknown/5-156999-C-191.wav,train
unknown/5-156999-C-192.wav,train
unknown/5-156999-C-193.wav,train
unknown/5-156999-C-194.wav,test
unknown/5-156999-D-190.wav,train
unknown/5-156999-D-191.wav,train
unknown/5-156999-D-192.wav,test
unknown/5-156999-D-193.wav,train
unknown/5-156999-D-194.wav,test
unknown/5-156999-E-190.wav,train
unknown/5-156999-E-191.wav,train
unknown/5-156999-E-192.wav,train
unknown/5-156999-E-193.wav,train
unknown/5-156999-E-194.wav,train
unknown/5-157204-A-160.wav,train
unknown/5-157204-A-161.wav,train
unknown/5-157204-A-162.wav,train
unknown/5-157204-A-163.wav,train
unknown/5-157204-A-164.wav,train
unknown/5-157204-B-160.wav,train
unknown/5-157204-B-161.wav,train
unknown/5-157204-B-162.wav,train
unknown/5-157204-B-163.wav,train
unknown/5-157204-B-164.wav,test
unknown/5-160551-A-420.wav,train
unknown/5-160551-A-421.wav,test
unknown/5-160551-A-422.wav,train
unknown/5-160551-A-423.wav,test
unknown/5-160551-A-424.wav,test
unknown/5-160614-A-480.wav,train
unknown/5-160614-A-481.wav,train
unknown/5-160614-A-482.wav,train
unknown/5-160614-A-483.wav,train
unknown/5-160614-A-484.wav,train
unknown/5-160614-B-480.wav,train
unknown/5-160614-B-481.wav,test
unknown/5-160614-B-482.wav,train
unknown/5-160614-B-483.wav,test
unknown/5-160614-B-484.wav,train
unknown/5-160614-C-480.wav,train
unknown/5-160614-C-481.wav,train
unknown/5-160614-C-482.wav,train
unknown/5-160614-C-483.wav,train
unknown/5-160614-C-484.wav,train
unknown/5-160614-D-480.wav,train
unknown/5-160614-D-481.wav,test
unknown/5-160614-D-482.wav,test
unknown/5-160614-D-483.wav,train
unknown/5-160614-D-484.wav,test
unknown/5-160614-E-480.wav,train
unknown/5-160614-E-481.wav,train
unknown/5-160614-E-482.wav,train
unknown/5-160614-E-483.wav,train
unknown/5-160614-E-484.wav,train
unknown/5-160614-F-480.wav,train
unknown/5-160614-F-481.wav,train
unknown/5-160614-F-482.wav,train
unknown/5-160614-F-483.wav,train
unknown/5-160614-F-484.wav,train
unknown/5-160614-G-480.wav,train
unknown/5-160614-G-481.wav,train
unknown/5-160614-G-482.wav,train
unknown/5-160614-G-483.wav,test
unknown/5-160614-G-484.wav,test
unknown/5-160614-H-480.wav,train
unknown/5-160614-H-481.wav,train
unknown/5-160614-H-482.wav,train
unknown/5-160614-H-483.wav,test
unknown/5-160614-H-484.wav,test
unknown/5-161270-A-330.wav,train
unknown/5-161270-A-331.wav,train
unknown/5-161270-A-332.wav,train
unknown/5-161270-A-333.wav,train
unknown/5-161270-A-334.wav,train
unknown/5-161270-B-330.wav,train
unknown/5-161270-B-331.wav,test
unknown/5-161270-B-332.wav,train
unknown/5-161270-B-333.wav,train
unknown/5-161270-B-334.wav,train
unknown/5-169983-A-50.wav,train
unknown/5-169983-A-51.wav,train
unknown/5-169983-A-52.wav,test
unknown/5-169983-A-53.wav,train
unknown/5-169983-A-54.wav,train
unknown/5-170338-A-410.wav,train
unknown/5-170338-A-411.wav,test
unknown/5-170338-A-412.wav,test
unknown/5-170338-A-413.wav,train
unknown/5-170338-A-414.wav,train
unknown/5-170338-B-410.wav,train
unknown/5-170338-B-411.wav,train
unknown/5-170338-B-412.wav,train
unknown/5-170338-B-413.wav,test
unknown/5-170338-B-414.wav,test
unknown/5-171118-A-260.wav,train
unknown/5-171118-A-261.wav,train
unknown/5-171118-A-262.wav,train
unknown/5-171118-A-263.wav,train
unknown/5-171118-A-264.wav,train
unknown/5-171653-A-410.wav,test
unknown/5-171653-A-411.wav,test
unknown/5-171653-A-412.wav,test
unknown/5-171653-A-413.wav,train
unknown/5-171653-A-414.wav,test
unknown/5-172299-A-50.wav,train
unknown/5-172299-A-51.wav,test
unknown/5-172299-A-52.wav,train
unknown/5-172299-A-53.wav,test
unknown/5-172299-A-54.wav,train
unknown/5-172639-A-50.wav,train
unknown/5-172639-A-51.wav,train
unknown/5-172639-A-52.wav,test
unknown/5-172639-A-53.wav,train
unknown/5-172639-A-54.wav,train
unknown/5-173568-A-330.wav,train
unknown/5-173568-A-331.wav,train
unknown/5-173568-A-332.wav,train
unknown/5-173568-A-333.wav,train
unknown/5-173568-A-334.wav,test
unknown/5-177034-A-180.wav,train
unknown/5-177034-A-181.wav,train
unknown/5-177034-A-182.wav,train
unknown/5-177034-A-183.wav,train
unknown/5-177034-A-184.wav,train
unknown/5-177614-A-50.wav,train
unknown/5-177614-A-51.wav,train
unknown/5-177614-A-52.wav,train
unknown/5-177614-A-53.wav,train
unknown/5-177614-A-54.wav,train
unknown/5-177779-A-330.wav,train
unknown/5-177779-A-331.wav,train
unknown/5-177779-A-332.wav,test
unknown/5-177779-A-333.wav,train
unknown/5-177779-A-334.wav,train
unknown/5-177957-A-400.wav,train
unknown/5-177957-A-401.wav,train
unknown/5-177957-A-402.wav,train
unknown/5-177957-A-403.wav,test
unknown/5-177957-A-404.wav,train
unknown/5-177957-B-400.wav,train
unknown/5-177957-B-401.wav,train
unknown/5-177957-B-402.wav,train
unknown/5-177957-B-403.wav,train
unknown/5-177957-B-404.wav,train
unknown/5-177957-C-400.wav,train
unknown/5-177957-C-401.wav,train
unknown/5-177957-C-402.wav,train
unknown/5-177957-C-403.wav,train
unknown/5-177957-C-404.wav,train
unknown/5-177957-D-400.wav,train
unknown/5-177957-D-401.wav,train
unknown/5-177957-D-402.wav,train
unknown/5-177957-D-403.wav,train
unknown/5-177957-D-404.wav,train
unknown/5-177957-E-400.wav,train
unknown/5-177957-E-401.wav,train
unknown/5-177957-E-402.wav,train
unknown/5-177957-E-403.wav,train
unknown/5-177957-E-404.wav,train
unknown/5-178997-A-240.wav,test
unknown/5-178997-A-241.wav,train
unknown/5-178997-A-242.wav,train
unknown/5-178997-A-243.wav,train
unknown/5-178997-A-244.wav,train
unknown/5-179294-A-460.wav,train
unknown/5-179294-A-461.wav,train
unknown/5-179294-A-462.wav,train
unknown/5-179294-A-463.wav,train
unknown/5-179294-A-464.wav,train
unknown/5-179496-A-160.wav,train
unknown/5-179496-A-161.wav,train
unknown/5-179496-A-162.wav,train
unknown/5-179496-A-163.wav,train
unknown/5-179496-A-164.wav,train
unknown/5-179496-B-160.wav,train
unknown/5-179496-B-161.wav,train
unknown/5-179496-B-162.wav,train
unknown/5-179496-B-163.wav,train
unknown/5-179496-B-164.wav,train
unknown/5-179860-A-430.wav,test
unknown/5-179860-A-431.wav,train
unknown/5-179860-A-432.wav,test
unknown/5-179860-A-433.wav,train
unknown/5-179860-A-434.wav,train
unknown/5-179863-A-430.wav,test
unknown/5-179863-A-431.wav,train
unknown/5-179863-A-432.wav,train
unknown/5-179863-A-433.wav,train
unknown/5-179863-A-434.wav,train
unknown/5-179865-A-430.wav,train
unknown/5-179865-A-431.wav,train
unknown/5-179865-A-432.wav,train
unknown/5-179865-A-433.wav,test
unknown/5-179865-A-434.wav,test
unknown/5-179866-A-430.wav,test
unknown/5-179866-A-431.wav,test
unknown/5-179866-A-432.wav,train
unknown/5-179866-A-433.wav,train
unknown/5-179866-A-434.wav,test
unknown/5-179868-A-430.wav,train
unknown/5-179868-A-431.wav,train
unknown/5-179868-A-432.wav,train
unknown/5-179868-A-433.wav,train
unknown/5-179868-A-434.wav,train
unknown/5-180156-A-430.wav,train
unknown/5-180156-A-431.wav,train
unknown/5-180156-A-432.wav,train
unknown/5-180156-A-433.wav,train
unknown/5-180156-A-434.wav,test
unknown/5-180156-B-430.wav,train
unknown/5-180156-B-431.wav,train
unknown/5-180156-B-432.wav,test
unknown/5-180156-B-433.wav,train
unknown/5-180156-B-434.wav,test
unknown/5-180156-C-430.wav,train
unknown/5-180156-C-431.wav,train
unknown/5-180156-C-432.wav,train
unknown/5-180156-C-433.wav,train
unknown/5-180156-C-434.wav,train
unknown/5-180229-A-270.wav,train
unknown/5-180229-A-271.wav,train
unknown/5-180229-A-272.wav,train
unknown/5-180229-A-273.wav,train
unknown/5-180229-A-274.wav,train
unknown/5-181458-A-330.wav,train
unknown/5-181458-A-331.wav,test
unknown/5-181458-A-332.wav,train
unknown/5-181458-A-333.wav,train
unknown/5-181458-A-334.wav,train
unknown/5-181766-A-100.wav,test
unknown/5-181766-A-101.wav,test
unknown/5-181766-A-102.wav,train
unknown/5-181766-A-103.wav,train
unknown/5-181766-A-104.wav,train
unknown/5-181977-A-350.wav,train
unknown/5-181977-A-351.wav,train
unknown/5-181977-A-352.wav,test
unknown/5-181977-A-353.wav,train
unknown/5-181977-A-354.wav,train
unknown/5-182007-A-360.wav,train
unknown/5-182007-A-361.wav,train
unknown/5-182007-A-362.wav,train
unknown/5-182007-A-363.wav,train
unknown/5-182007-A-364.wav,train
unknown/5-182010-A-360.wav,train
unknown/5-182010-A-361.wav,train
unknown/5-182010-A-362.wav,train
unknown/5-182010-A-363.wav,train
unknown/5-182010-A-364.wav,train
unknown/5-182012-A-360.wav,train
unknown/5-182012-A-361.wav,train
unknown/5-182012-A-362.wav,test
unknown/5-182012-A-363.wav,train
unknown/5-182012-A-364.wav,train
unknown/5-182404-A-180.wav,train
unknown/5-182404-A-181.wav,train
unknown/5-182404-A-182.wav,train
unknown/5-182404-A-183.wav,train
unknown/5-182404-A-184.wav,train
unknown/5-184323-A-420.wav,train
unknown/5-184323-A-421.wav,train
unknown/5-184323-A-422.wav,train
unknown/5-184323-A-423.wav,test
unknown/5-184323-A-424.wav,train
unknown/5-184871-A-240.wav,train
unknown/5-184871-A-241.wav,test
unknown/5-184871-A-242.wav,test
unknown/5-184871-A-243.wav,train
unknown/5-184871-A-244.wav,train
unknown/5-185516-A-270.wav,train
unknown/5-185516-A-271.wav,train
unknown/5-185516-A-272.wav,train
unknown/5-185516-A-273.wav,train
unknown/5-185516-A-274.wav,train
unknown/5-185579-A-410.wav,train
unknown/5-185579-A-411.wav,train
unknown/5-185579-A-412.wav,train
unknown/5-185579-A-413.wav,train
unknown/5-185579-A-414.wav,train
unknown/5-185579-B-410.wav,train
unknown/5-185579-B-411.wav,test
unknown/5-185579-B-412.wav,train
unknown/5-185579-B-413.wav,train
unknown/5-185579-B-414.wav,train
unknown/5-185908-A-180.wav,train
unknown/5-185908-A-181.wav,train
unknown/5-185908-A-182.wav,train
unknown/5-185908-A-183.wav,train
unknown/5-185908-A-184.wav,test
unknown/5-186924-A-120.wav,train
unknown/5-186924-A-121.wav,train
unknown/5-186924-A-122.wav,train
unknown/5-186924-A-123.wav,train
unknown/5-186924-A-124.wav,train
unknown/5-187201-A-40.wav,train
unknown/5-187201-A-41.wav,train
unknown/5-187201-A-42.wav,train
unknown/5-187201-A-43.wav,train
unknown/5-187201-A-44.wav,train
unknown/5-187201-B-40.wav,train
unknown/5-187201-B-41.wav,test
unknown/5-187201-B-42.wav,test
unknown/5-187201-B-43.wav,test
unknown/5-187201-B-44.wav,train
unknown/5-187444-A-330.wav,train
unknown/5-187444-A-331.wav,train
unknown/5-187444-A-332.wav,test
unknown/5-187444-A-333.wav,test
unknown/5-187444-A-334.wav,test
unknown/5-187979-A-210.wav,test
unknown/5-187979-A-211.wav,train
unknown/5-187979-A-212.wav,train
unknown/5-187979-A-213.wav,train
unknown/5-187979-A-214.wav,train
unknown/5-188365-A-360.wav,train
unknown/5-188365-A-361.wav,test
unknown/5-188365-A-362.wav,train
unknown/5-188365-A-363.wav,train
unknown/5-188365-A-364.wav,test
unknown/5-188495-A-190.wav,train
unknown/5-188495-A-191.wav,train
unknown/5-188495-A-192.wav,train
unknown/5-188495-A-193.wav,train
unknown/5-188495-A-194.wav,train
unknown/5-188606-A-330.wav,train
unknown/5-188606-A-331.wav,train
unknown/5-188606-A-332.wav,test
unknown/5-188606-A-333.wav,train
unknown/5-188606-A-334.wav,train
unknown/5-188655-A-100.wav,train
unknown/5-188655-A-101.wav,train
unknown/5-188655-A-102.wav,train
unknown/5-188655-A-103.wav,train
unknown/5-188655-A-104.wav,train
unknown/5-188716-A-460.wav,train
unknown/5-188716-A-461.wav,train
unknown/5-188716-A-462.wav,train
unknown/5-188716-A-463.wav,train
unknown/5-188716-A-464.wav,test
unknown/5-188796-A-450.wav,train
unknown/5-188796-A-451.wav,test
unknown/5-188796-A-452.wav,train
unknown/5-188796-A-453.wav,train
unknown/5-188796-A-454.wav,train
unknown/5-188945-A-450.wav,train
unknown/5-188945-A-451.wav,test
unknown/5-188945-A-452.wav,train
unknown/5-188945-A-453.wav,train
unknown/5-188945-A-454.wav,train
unknown/5-189212-A-120.wav,test
unknown/5-189212-A-121.wav,test
unknown/5-189212-A-122.wav,train
unknown/5-189212-A-123.wav,train
unknown/5-189212-A-124.wav,train
unknown/5-189237-A-120.wav,train
unknown/5-189237-A-121.wav,train
unknown/5-189237-A-122.wav,train
unknown/5-189237-A-123.wav,train
unknown/5-189237-A-124.wav,train
unknown/5-189795-A-40.wav,train
unknown/5-189795-A-41.wav,train
unknown/5-189795-A-42.wav,train
unknown/5-189795-A-43.wav,train
unknown/5-189795-A-44.wav,train
unknown/5-191131-A-400.wav,train
unknown/5-191131-A-401.wav,train
unknown/5-191131-A-402.wav,train
unknown/5-191131-A-403.wav,train
unknown/5-191131-A-404.wav,train
unknown/5-191497-A-330.wav,train
unknown/5-191497-A-331.wav,train
unknown/5-191497-A-332.wav,train
unknown/5-191497-A-333.wav,train
unknown/5-191497-A-334.wav,train
unknown/5-192191-A-190.wav,train
unknown/5-192191-A-191.wav,test
unknown/5-192191-A-192.wav,test
unknown/5-192191-A-193.wav,train
unknown/5-192191-A-194.wav,train
unknown/5-193339-A-100.wav,train
unknown/5-193339-A-101.wav,train
unknown/5-193339-A-102.wav,test
unknown/5-193339-A-103.wav,train
unknown/5-193339-A-104.wav,train
unknown/5-193473-A-120.wav,train
unknown/5-193473-A-121.wav,test
unknown/5-193473-A-122.wav,train
unknown/5-193473-A-123.wav,train
unknown/5-193473-A-124.wav,train
unknown/5-193473-B-120.wav,train
unknown/5-193473-B-121.wav,train
unknown/5-193473-B-122.wav,train
unknown/5-193473-B-123.wav,test
unknown/5-193473-B-124.wav,train
unknown/5-194533-A-210.wav,train
unknown/5-194533-A-211.wav,train
unknown/5-194533-A-212.wav,train
unknown/5-194533-A-213.wav,train
unknown/5-194533-A-214.wav,train
unknown/5-194892-A-100.wav,train
unknown/5-194892-A-101.wav,test
unknown/5-194892-A-102.wav,train
unknown/5-194892-A-103.wav,test
unknown/5-194892-A-104.wav,train
unknown/5-194899-A-30.wav,train
unknown/5-194899-A-31.wav,train
unknown/5-194899-A-32.wav,test
unknown/5-194899-A-33.wav,train
unknown/5-194899-A-34.wav,train
unknown/5-194899-B-30.wav,train
unknown/5-194899-B-31.wav,train
unknown/5-194899-B-32.wav,train
unknown/5-194899-B-33.wav,train
unknown/5-194899-B-34.wav,test
unknown/5-194899-C-30.wav,train
unknown/5-194899-C-31.wav,train
unknown/5-194899-C-32.wav,train
unknown/5-194899-C-33.wav,train
unknown/5-194899-C-34.wav,train
unknown/5-194899-D-30.wav,train
unknown/5-194899-D-31.wav,train
unknown/5-194899-D-32.wav,train
unknown/5-194899-D-33.wav,test
unknown/5-194899-D-34.wav,train
unknown/5-194930-A-10.wav,train
unknown/5-194930-A-11.wav,train
unknown/5-194930-A-12.wav,train
unknown/5-194930-A-13.wav,test
unknown/5-194930-A-14.wav,train
unknown/5-194930-B-10.wav,train
unknown/5-194930-B-11.wav,train
unknown/5-194930-B-12.wav,train
unknown/5-194930-B-13.wav,train
unknown/5-194930-B-14.wav,train
unknown/5-194932-A-70.wav,train
unknown/5-194932-A-71.wav,test
unknown/5-194932-A-72.wav,train
unknown/5-194932-A-73.wav,test
unknown/5-194932-A-74.wav,train
unknown/5-195517-A-70.wav,train
unknown/5-195517-A-71.wav,test
unknown/5-195517-A-72.wav,train
unknown/5-195517-A-73.wav,train
unknown/5-195517-A-74.wav,train
unknown/5-195518-A-70.wav,test
unknown/5-195518-A-71.wav,test
unknown/5-195518-A-72.wav,train
unknown/5-195518-A-73.wav,train
unknown/5-195518-A-74.wav,train
unknown/5-195557-A-190.wav,train
unknown/5-195557-A-191.wav,test
unknown/5-195557-A-192.wav,train
unknown/5-195557-A-193.wav,train
unknown/5-195557-A-194.wav,test
unknown/5-195710-A-100.wav,train
unknown/5-195710-A-101.wav,train
unknown/5-195710-A-102.wav,train
unknown/5-195710-A-103.wav,train
unknown/5-195710-A-104.wav,train
unknown/5-197118-A-450.wav,test
unknown/5-197118-A-451.wav,train
unknown/5-197118-A-452.wav,train
unknown/5-197118-A-453.wav,train
unknown/5-197118-A-454.wav,train
unknown/5-197121-A-450.wav,train
unknown/5-197121-A-451.wav,test
unknown/5-197121-A-452.wav,train
unknown/5-197121-A-453.wav,train
unknown/5-197121-A-454.wav,test
unknown/5-197121-B-450.wav,train
unknown/5-197121-B-451.wav,test
unknown/5-197121-B-452.wav,train
unknown/5-197121-B-453.wav,train
unknown/5-197121-B-454.wav,test
unknown/5-197446-A-70.wav,test
unknown/5-197446-A-71.wav,train
unknown/5-197446-A-72.wav,train
unknown/5-197446-A-73.wav,train
unknown/5-197446-A-74.wav,train
unknown/5-197913-A-180.wav,train
unknown/5-197913-A-181.wav,train
unknown/5-197913-A-182.wav,train
unknown/5-197913-A-183.wav,test
unknown/5-197913-A-184.wav,train
unknown/5-197988-A-460.wav,train
unknown/5-197988-A-461.wav,train
unknown/5-197988-A-462.wav,train
unknown/5-197988-A-463.wav,train
unknown/5-197988-A-464.wav,train
unknown/5-198278-A-70.wav,train
unknown/5-198278-A-71.wav,train
unknown/5-198278-A-72.wav,train
unknown/5-198278-A-73.wav,test
unknown/5-198278-A-74.wav,train
unknown/5-198278-B-70.wav,train
unknown/5-198278-B-71.wav,train
unknown/5-198278-B-72.wav,test
unknown/5-198278-B-73.wav,train
unknown/5-198278-B-74.wav,train
unknown/5-198278-C-70.wav,train
unknown/5-198278-C-71.wav,train
unknown/5-198278-C-72.wav,train
unknown/5-198278-C-73.wav,train
unknown/5-198278-C-74.wav,train
unknown/5-198321-A-100.wav,train
unknown/5-198321-A-101.wav,train
unknown/5-198321-A-102.wav,test
unknown/5-198321-A-103.wav,train
unknown/5-198321-A-104.wav,train
unknown/5-198373-A-460.wav,train
unknown/5-198373-A-461.wav,train
unknown/5-198373-A-462.wav,train
unknown/5-198373-A-463.wav,train
unknown/5-198373-A-464.wav,train
unknown/5-198411-A-200.wav,train
unknown/5-198411-A-201.wav,train
unknown/5-198411-A-202.wav,train
unknown/5-198411-A-203.wav,train
unknown/5-198411-A-204.wav,train
unknown/5-198411-B-200.wav,test
unknown/5-198411-B-201.wav,test
unknown/5-198411-B-202.wav,train
unknown/5-198411-B-203.wav,train
unknown/5-198411-B-204.wav,train
unknown/5-198411-C-200.wav,train
unknown/5-198411-C-201.wav,train
unknown/5-198411-C-202.wav,train
unknown/5-198411-C-203.wav,train
unknown/5-198411-C-204.wav,train
unknown/5-198411-D-200.wav,train
unknown/5-198411-D-201.wav,train
unknown/5-198411-D-202.wav,train
unknown/5-198411-D-203.wav,test
unknown/5-198411-D-204.wav,train
unknown/5-198411-E-200.wav,train
unknown/5-198411-E-201.wav,test
unknown/5-198411-E-202.wav,train
unknown/5-198411-E-203.wav,train
unknown/5-198411-E-204.wav,train
unknown/5-198411-F-200.wav,test
unknown/5-198411-F-201.wav,test
unknown/5-198411-F-202.wav,train
unknown/5-198411-F-203.wav,test
unknown/5-198411-F-204.wav,train
unknown/5-198411-G-200.wav,train
unknown/5-198411-G-201.wav,train
unknown/5-198411-G-202.wav,train
unknown/5-198411-G-203.wav,train
unknown/5-198411-G-204.wav,train
unknown/5-198600-A-450.wav,train
unknown/5-198600-A-451.wav,train
unknown/5-198600-A-452.wav,train
unknown/5-198600-A-453.wav,train
unknown/5-198600-A-454.wav,test
unknown/5-198891-A-80.wav,train
unknown/5-198891-A-81.wav,train
unknown/5-198891-A-82.wav,train
unknown/5-198891-A-83.wav,test
unknown/5-198891-A-84.wav,train
unknown/5-198891-B-80.wav,test
unknown/5-198891-B-81.wav,train
unknown/5-198891-B-82.wav,train
unknown/5-198891-B-83.wav,train
unknown/5-198891-B-84.wav,train
unknown/5-198891-C-80.wav,test
unknown/5-198891-C-81.wav,train
unknown/5-198891-C-82.wav,train
unknown/5-198891-C-83.wav,train
unknown/5-198891-C-84.wav,train
unknown/5-198891-D-80.wav,train
unknown/5-198891-D-81.wav,train
unknown/5-198891-D-82.wav,train
unknown/5-198891-D-83.wav,train
unknown/5-198891-D-84.wav,train
unknown/5-199284-A-450.wav,train
unknown/5-199284-A-451.wav,test
unknown/5-199284-A-452.wav,train
unknown/5-199284-A-453.wav,train
unknown/5-199284-A-454.wav,test
unknown/5-199284-B-450.wav,train
unknown/5-199284-B-451.wav,test
unknown/5-199284-B-452.wav,train
unknown/5-199284-B-453.wav,train
unknown/5-199284-B-454.wav,train
unknown/5-200329-A-80.wav,test
unknown/5-200329-A-81.wav,test
unknown/5-200329-A-82.wav,train
unknown/5-200329-A-83.wav,train
unknown/5-200329-A-84.wav,train
unknown/5-200329-B-80.wav,test
unknown/5-200329-B-81.wav,test
unknown/5-200329-B-82.wav,train
unknown/5-200329-B-83.wav,train
unknown/5-200329-B-84.wav,train
unknown/5-200329-C-80.wav,test
unknown/5-200329-C-81.wav,train
unknown/5-200329-C-82.wav,train
unknown/5-200329-C-83.wav,train
unknown/5-200329-C-84.wav,train
unknown/5-200334-A-10.wav,train
unknown/5-200334-A-11.wav,train
unknown/5-200334-A-12.wav,train
unknown/5-200334-A-13.wav,train
unknown/5-200334-A-14.wav,train
unknown/5-200334-B-10.wav,train
unknown/5-200334-B-11.wav,train
unknown/5-200334-B-12.wav,train
unknown/5-200334-B-13.wav,train
unknown/5-200334-B-14.wav,test
unknown/5-200339-A-10.wav,test
unknown/5-200339-A-11.wav,train
unknown/5-200339-A-12.wav,train
unknown/5-200339-A-13.wav,train
unknown/5-200339-A-14.wav,train
unknown/5-200461-A-110.wav,train
unknown/5-200461-A-111.wav,train
unknown/5-200461-A-112.wav,train
unknown/5-200461-A-113.wav,train
unknown/5-200461-A-114.wav,train
unknown/5-200461-B-110.wav,train
unknown/5-200461-B-111.wav,train
unknown/5-200461-B-112.wav,train
unknown/5-200461-B-113.wav,train
unknown/5-200461-B-114.wav,train
unknown/5-201170-A-460.wav,train
unknown/5-201170-A-461.wav,train
unknown/5-201170-A-462.wav,train
unknown/5-201170-A-463.wav,test
unknown/5-201170-A-464.wav,test
unknown/5-201172-A-460.wav,train
unknown/5-201172-A-461.wav,train
unknown/5-201172-A-462.wav,train
unknown/5-201172-A-463.wav,train
unknown/5-201172-A-464.wav,train
unknown/5-201194-A-380.wav,train
unknown/5-201194-A-381.wav,train
unknown/5-201194-A-382.wav,train
unknown/5-201194-A-383.wav,train
unknown/5-201194-A-384.wav,train
unknown/5-201274-A-210.wav,test
unknown/5-201274-A-211.wav,train
unknown/5-201274-A-212.wav,train
unknown/5-201274-A-213.wav,train
unknown/5-201274-A-214.wav,test
unknown/5-201664-A-180.wav,train
unknown/5-201664-A-181.wav,train
unknown/5-201664-A-182.wav,train
unknown/5-201664-A-183.wav,train
unknown/5-201664-A-184.wav,train
unknown/5-202020-A-180.wav,test
unknown/5-202020-A-181.wav,train
unknown/5-202020-A-182.wav,train
unknown/5-202020-A-183.wav,train
unknown/5-202020-A-184.wav,test
unknown/5-202220-A-210.wav,train
unknown/5-202220-A-211.wav,test
unknown/5-202220-A-212.wav,test
unknown/5-202220-A-213.wav,train
unknown/5-202220-A-214.wav,test
unknown/5-202540-A-180.wav,train
unknown/5-202540-A-181.wav,test
unknown/5-202540-A-182.wav,test
unknown/5-202540-A-183.wav,train
unknown/5-202540-A-184.wav,train
unknown/5-202795-A-30.wav,train
unknown/5-202795-A-31.wav,test
unknown/5-202795-A-32.wav,train
unknown/5-202795-A-33.wav,train
unknown/5-202795-A-34.wav,test
unknown/5-202898-A-100.wav,train
unknown/5-202898-A-101.wav,train
unknown/5-202898-A-102.wav,test
unknown/5-202898-A-103.wav,train
unknown/5-202898-A-104.wav,test
unknown/5-203128-A-00.wav,test
unknown/5-203128-A-01.wav,train
unknown/5-203128-A-02.wav,train
unknown/5-203128-A-03.wav,train
unknown/5-203128-A-04.wav,train
unknown/5-203128-B-00.wav,train
unknown/5-203128-B-01.wav,train
unknown/5-203128-B-02.wav,test
unknown/5-203128-B-03.wav,train
unknown/5-203128-B-04.wav,train
unknown/5-203739-A-100.wav,train
unknown/5-203739-A-101.wav,train
unknown/5-203739-A-102.wav,train
unknown/5-203739-A-103.wav,train
unknown/5-203739-A-104.wav,test
unknown/5-204114-A-290.wav,train
unknown/5-204114-A-291.wav,train
unknown/5-204114-A-292.wav,train
unknown/5-204114-A-293.wav,test
unknown/5-204114-A-294.wav,test
unknown/5-204352-A-130.wav,train
unknown/5-204352-A-131.wav,test
unknown/5-204352-A-132.wav,train
unknown/5-204352-A-133.wav,train
unknown/5-204352-A-134.wav,train
unknown/5-204352-B-130.wav,test
unknown/5-204352-B-131.wav,train
unknown/5-204352-B-132.wav,train
unknown/5-204352-B-133.wav,train
unknown/5-204352-B-134.wav,train
unknown/5-204604-A-240.wav,train
unknown/5-204604-A-241.wav,train
unknown/5-204604-A-242.wav,train
unknown/5-204604-A-243.wav,train
unknown/5-204604-A-244.wav,train
unknown/5-204741-A-460.wav,train
unknown/5-204741-A-461.wav,test
unknown/5-204741-A-462.wav,test
unknown/5-204741-A-463.wav,train
unknown/5-204741-A-464.wav,train
unknown/5-205090-A-320.wav,train
unknown/5-205090-A-321.wav,train
unknown/5-205090-A-322.wav,train
unknown/5-205090-A-323.wav,train
unknown/5-205090-A-324.wav,train
unknown/5-205589-A-170.wav,train
unknown/5-205589-A-171.wav,train
unknown/5-205589-A-172.wav,train
unknown/5-205589-A-173.wav,train
unknown/5-205589-A-174.wav,train
unknown/5-205589-B-170.wav,train
unknown/5-205589-B-171.wav,train
unknown/5-205589-B-172.wav,train
unknown/5-205589-B-173.wav,train
unknown/5-205589-B-174.wav,train
unknown/5-205898-A-400.wav,train
unknown/5-205898-A-401.wav,train
unknown/5-205898-A-402.wav,train
unknown/5-205898-A-403.wav,train
unknown/5-205898-A-404.wav,train
unknown/5-207681-A-240.wav,train
unknown/5-207681-A-241.wav,train
unknown/5-207681-A-242.wav,train
unknown/5-207681-A-243.wav,train
unknown/5-207681-A-244.wav,test
unknown/5-207781-A-170.wav,train
unknown/5-207781-A-171.wav,test
unknown/5-207781-A-172.wav,train
unknown/5-207781-A-173.wav,train
unknown/5-207781-A-174.wav,train
unknown/5-207811-A-350.wav,train
unknown/5-207811-A-351.wav,train
unknown/5-207811-A-352.wav,train
unknown/5-207811-A-353.wav,train
unknown/5-207811-A-354.wav,train
unknown/5-207811-B-350.wav,test
unknown/5-207811-B-351.wav,train
unknown/5-207811-B-352.wav,train
unknown/5-207811-B-353.wav,train
unknown/5-207811-B-354.wav,train
unknown/5-207836-A-290.wav,train
unknown/5-207836-A-291.wav,train
unknown/5-207836-A-292.wav,train
unknown/5-207836-A-293.wav,train
unknown/5-207836-A-294.wav,train
unknown/5-207836-B-290.wav,train
unknown/5-207836-B-291.wav,train
unknown/5-207836-B-292.wav,test
unknown/5-207836-B-293.wav,train
unknown/5-207836-B-294.wav,test
unknown/5-207836-C-290.wav,train
unknown/5-207836-C-291.wav,train
unknown/5-207836-C-292.wav,train
unknown/5-207836-C-293.wav,train
unknown/5-207836-C-294.wav,train
unknown/5-207836-D-290.wav,test
unknown/5-207836-D-291.wav,train
unknown/5-207836-D-292.wav,train
unknown/5-207836-D-293.wav,train
unknown/5-207836-D-294.wav,train
unknown/5-208030-A-00.wav,test
unknown/5-208030-A-01.wav,train
unknown/5-208030-A-02.wav,train
unknown/5-208030-A-03.wav,train
unknown/5-208030-A-04.wav,test
unknown/5-208624-A-380.wav,train
unknown/5-208624-A-381.wav,train
unknown/5-208624-A-382.wav,train
unknown/5-208624-A-383.wav,train
unknown/5-208624-A-384.wav,test
unknown/5-208761-A-240.wav,train
unknown/5-208761-A-241.wav,train
unknown/5-208761-A-242.wav,train
unknown/5-208761-A-243.wav,test
unknown/5-208761-A-244.wav,test
unknown/5-208810-A-110.wav,train
unknown/5-208810-A-111.wav,train
unknown/5-208810-A-112.wav,train
unknown/5-208810-A-113.wav,train
unknown/5-208810-A-114.wav,train
unknown/5-208810-B-110.wav,train
unknown/5-208810-B-111.wav,train
unknown/5-208810-B-112.wav,train
unknown/5-208810-B-113.wav,test
unknown/5-208810-B-114.wav,train
unknown/5-209698-A-380.wav,train
unknown/5-209698-A-381.wav,train
unknown/5-209698-A-382.wav,train
unknown/5-209698-A-383.wav,train
unknown/5-209698-A-384.wav,test
unknown/5-209719-A-240.wav,train
unknown/5-209719-A-241.wav,test
unknown/5-209719-A-242.wav,train
unknown/5-209719-A-243.wav,train
unknown/5-209719-A-244.wav,train
unknown/5-209833-A-380.wav,train
unknown/5-209833-A-381.wav,train
unknown/5-209833-A-382.wav,train
unknown/5-209833-A-383.wav,train
unknown/5-209833-A-384.wav,train
unknown/5-209989-A-220.wav,train
unknown/5-209989-A-221.wav,test
unknown/5-209989-A-222.wav,train
unknown/5-209989-A-223.wav,train
unknown/5-209989-A-224.wav,test
unknown/5-209992-A-440.wav,test
unknown/5-209992-A-441.wav,train
unknown/5-209992-A-442.wav,train
unknown/5-209992-A-443.wav,test
unknown/5-209992-A-444.wav,train
unknown/5-209992-B-440.wav,train
unknown/5-209992-B-441.wav,train
unknown/5-209992-B-442.wav,train
unknown/5-209992-B-443.wav,train
unknown/5-209992-B-444.wav,train
unknown/5-210540-A-130.wav,train
unknown/5-210540-A-131.wav,train
unknown/5-210540-A-132.wav,test
unknown/5-210540-A-133.wav,train
unknown/5-210540-A-134.wav,train
unknown/5-210571-A-380.wav,train
unknown/5-210571-A-381.wav,test
unknown/5-210571-A-382.wav,train
unknown/5-210571-A-383.wav,train
unknown/5-210571-A-384.wav,train
unknown/5-210612-A-370.wav,test
unknown/5-210612-A-371.wav,test
unknown/5-210612-A-372.wav,test
unknown/5-210612-A-373.wav,train
unknown/5-210612-A-374.wav,train
unknown/5-211197-A-240.wav,train
unknown/5-211197-A-241.wav,train
unknown/5-211197-A-242.wav,train
unknown/5-211197-A-243.wav,test
unknown/5-211197-A-244.wav,train
unknown/5-211408-A-370.wav,train
unknown/5-211408-A-371.wav,train
unknown/5-211408-A-372.wav,train
unknown/5-211408-A-373.wav,train
unknown/5-211408-A-374.wav,train
unknown/5-212050-A-270.wav,train
unknown/5-212050-A-271.wav,train
unknown/5-212050-A-272.wav,train
unknown/5-212050-A-273.wav,train
unknown/5-212050-A-274.wav,train
unknown/5-212054-A-360.wav,train
unknown/5-212054-A-361.wav,test
unknown/5-212054-A-362.wav,train
unknown/5-212054-A-363.wav,test
unknown/5-212054-A-364.wav,train
unknown/5-212059-A-360.wav,train
unknown/5-212059-A-361.wav,train
unknown/5-212059-A-362.wav,train
unknown/5-212059-A-363.wav,train
unknown/5-212059-A-364.wav,train
unknown/5-212181-A-380.wav,test
unknown/5-212181-A-381.wav,test
unknown/5-212181-A-382.wav,train
unknown/5-212181-A-383.wav,train
unknown/5-212181-A-384.wav,train
unknown/5-212454-A-00.wav,train
unknown/5-212454-A-01.wav,train
unknown/5-212454-A-02.wav,test
unknown/5-212454-A-03.wav,train
unknown/5-212454-A-04.wav,test
unknown/5-212730-A-170.wav,train
unknown/5-212730-A-171.wav,test
unknown/5-212730-A-172.wav,train
unknown/5-212730-A-173.wav,train
unknown/5-212730-A-174.wav,train
unknown/5-212734-A-170.wav,train
unknown/5-212734-A-171.wav,train
unknown/5-212734-A-172.wav,train
unknown/5-212734-A-173.wav,train
unknown/5-212734-A-174.wav,train
unknown/5-212736-A-170.wav,train
unknown/5-212736-A-171.wav,train
unknown/5-212736-A-172.wav,test
unknown/5-212736-A-173.wav,train
unknown/5-212736-A-174.wav,train
unknown/5-213077-A-110.wav,train
unknown/5-213077-A-111.wav,train
unknown/5-213077-A-112.wav,train
unknown/5-213077-A-113.wav,train
unknown/5-213077-A-114.wav,train
unknown/5-213293-A-230.wav,train
unknown/5-213293-A-231.wav,train
unknown/5-213293-A-232.wav,train
unknown/5-213293-A-233.wav,train
unknown/5-213293-A-234.wav,train
unknown/5-213802-A-120.wav,test
unknown/5-213802-A-121.wav,train
unknown/5-213802-A-122.wav,train
unknown/5-213802-A-123.wav,train
unknown/5-213802-A-124.wav,train
unknown/5-213836-A-90.wav,train
unknown/5-213836-A-91.wav,train
unknown/5-213836-A-92.wav,train
unknown/5-213836-A-93.wav,train
unknown/5-213836-A-94.wav,train
unknown/5-213836-B-90.wav,train
unknown/5-213836-B-91.wav,train
unknown/5-213836-B-92.wav,train
unknown/5-213836-B-93.wav,train
unknown/5-213836-B-94.wav,train
unknown/5-213836-C-90.wav,train
unknown/5-213836-C-91.wav,train
unknown/5-213836-C-92.wav,train
unknown/5-213836-C-93.wav,train
unknown/5-213836-C-94.wav,train
unknown/5-213836-D-90.wav,train
unknown/5-213836-D-91.wav,test
unknown/5-213836-D-92.wav,train
unknown/5-213836-D-93.wav,train
unknown/5-213836-D-94.wav,train
unknown/5-213855-A-00.wav,train
unknown/5-213855-A-01.wav,train
unknown/5-213855-A-02.wav,train
unknown/5-213855-A-03.wav,train
unknown/5-213855-A-04.wav,train
unknown/5-214362-A-170.wav,train
unknown/5-214362-A-171.wav,test
unknown/5-214362-A-172.wav,train
unknown/5-214362-A-173.wav,test
unknown/5-214362-A-174.wav,train
unknown/5-214759-A-50.wav,train
unknown/5-214759-A-51.wav,train
unknown/5-214759-A-52.wav,train
unknown/5-214759-A-53.wav,train
unknown/5-214759-A-54.wav,train
unknown/5-214759-B-50.wav,train
unknown/5-214759-B-51.wav,train
unknown/5-214759-B-52.wav,train
unknown/5-214759-B-53.wav,train
unknown/5-214759-B-54.wav,train
unknown/5-214869-A-90.wav,train
unknown/5-214869-A-91.wav,train
unknown/5-214869-A-92.wav,train
unknown/5-214869-A-93.wav,train
unknown/5-214869-A-94.wav,test
unknown/5-215005-A-320.wav,train
unknown/5-215005-A-321.wav,train
unknown/5-215005-A-322.wav,train
unknown/5-215005-A-323.wav,train
unknown/5-215005-A-324.wav,train
unknown/5-215172-A-130.wav,test
unknown/5-215172-A-131.wav,test
unknown/5-215172-A-132.wav,train
unknown/5-215172-A-133.wav,train
unknown/5-215172-A-134.wav,train
unknown/5-215179-A-130.wav,test
unknown/5-215179-A-131.wav,train
unknown/5-215179-A-132.wav,test
unknown/5-215179-A-133.wav,train
unknown/5-215179-A-134.wav,train
unknown/5-215445-A-470.wav,train
unknown/5-215445-A-471.wav,train
unknown/5-215445-A-472.wav,train
unknown/5-215445-A-473.wav,train
unknown/5-215445-A-474.wav,train
unknown/5-215447-A-470.wav,train
unknown/5-215447-A-471.wav,train
unknown/5-215447-A-472.wav,train
unknown/5-215447-A-473.wav,train
unknown/5-215447-A-474.wav,train
unknown/5-215449-A-470.wav,test
unknown/5-215449-A-471.wav,train
unknown/5-215449-A-472.wav,train
unknown/5-215449-A-473.wav,train
unknown/5-215449-A-474.wav,train
unknown/5-215634-A-170.wav,test
unknown/5-215634-A-171.wav,train
unknown/5-215634-A-172.wav,train
unknown/5-215634-A-173.wav,train
unknown/5-215634-A-174.wav,train
unknown/5-215658-A-120.wav,train
unknown/5-215658-A-121.wav,test
unknown/5-215658-A-122.wav,train
unknown/5-215658-A-123.wav,train
unknown/5-215658-A-124.wav,train
unknown/5-215658-B-120.wav,train
unknown/5-215658-B-121.wav,train
unknown/5-215658-B-122.wav,train
unknown/5-215658-B-123.wav,train
unknown/5-215658-B-124.wav,train
unknown/5-216131-A-320.wav,train
unknown/5-216131-A-321.wav,train
unknown/5-216131-A-322.wav,train
unknown/5-216131-A-323.wav,train
unknown/5-216131-A-324.wav,test
unknown/5-216213-A-130.wav,train
unknown/5-216213-A-131.wav,test
unknown/5-216213-A-132.wav,train
unknown/5-216213-A-133.wav,train
unknown/5-216213-A-134.wav,train
unknown/5-216214-A-130.wav,test
unknown/5-216214-A-131.wav,train
unknown/5-216214-A-132.wav,test
unknown/5-216214-A-133.wav,train
unknown/5-216214-A-134.wav,train
unknown/5-216216-A-130.wav,train
unknown/5-216216-A-131.wav,train
unknown/5-216216-A-132.wav,train
unknown/5-216216-A-133.wav,train
unknown/5-216216-A-134.wav,train
unknown/5-216368-A-280.wav,test
unknown/5-216368-A-281.wav,test
unknown/5-216368-A-282.wav,train
unknown/5-216368-A-283.wav,train
unknown/5-216368-A-284.wav,train
unknown/5-216370-A-410.wav,test
unknown/5-216370-A-411.wav,train
unknown/5-216370-A-412.wav,train
unknown/5-216370-A-413.wav,train
unknown/5-216370-A-414.wav,train
unknown/5-216370-B-410.wav,train
unknown/5-216370-B-411.wav,train
unknown/5-216370-B-412.wav,train
unknown/5-216370-B-413.wav,test
unknown/5-216370-B-414.wav,train
unknown/5-217158-A-00.wav,train
unknown/5-217158-A-01.wav,train
unknown/5-217158-A-02.wav,test
unknown/5-217158-A-03.wav,train
unknown/5-217158-A-04.wav,train
unknown/5-217186-A-160.wav,train
unknown/5-217186-A-161.wav,test
unknown/5-217186-A-162.wav,train
unknown/5-217186-A-163.wav,train
unknown/5-217186-A-164.wav,train
unknown/5-217186-B-160.wav,train
unknown/5-217186-B-161.wav,train
unknown/5-217186-B-162.wav,train
unknown/5-217186-B-163.wav,train
unknown/5-217186-B-164.wav,train
unknown/5-217186-C-160.wav,test
unknown/5-217186-C-161.wav,train
unknown/5-217186-C-162.wav,train
unknown/5-217186-C-163.wav,train
unknown/5-217186-C-164.wav,train
unknown/5-218196-A-270.wav,test
unknown/5-218196-A-271.wav,train
unknown/5-218196-A-272.wav,test
unknown/5-218196-A-273.wav,test
unknown/5-218196-A-274.wav,train
unknown/5-218196-B-270.wav,train
unknown/5-218196-B-271.wav,train
unknown/5-218196-B-272.wav,train
unknown/5-218196-B-273.wav,train
unknown/5-218196-B-274.wav,train
unknown/5-218494-A-220.wav,train
unknown/5-218494-A-221.wav,train
unknown/5-218494-A-222.wav,test
unknown/5-218494-A-223.wav,train
unknown/5-218494-A-224.wav,train
unknown/5-218980-A-300.wav,train
unknown/5-218980-A-301.wav,train
unknown/5-218980-A-302.wav,train
unknown/5-218980-A-303.wav,train
unknown/5-218980-A-304.wav,train
unknown/5-218981-A-300.wav,train
unknown/5-218981-A-301.wav,train
unknown/5-218981-A-302.wav,train
unknown/5-218981-A-303.wav,test
unknown/5-218981-A-304.wav,train
unknown/5-219044-A-460.wav,train
unknown/5-219044-A-461.wav,test
unknown/5-219044-A-462.wav,test
unknown/5-219044-A-463.wav,train
unknown/5-219044-A-464.wav,train
unknown/5-219242-A-370.wav,train
unknown/5-219242-A-371.wav,train
unknown/5-219242-A-372.wav,train
unknown/5-219242-A-373.wav,train
unknown/5-219242-A-374.wav,train
unknown/5-219242-B-370.wav,train
unknown/5-219242-B-371.wav,train
unknown/5-219242-B-372.wav,train
unknown/5-219242-B-373.wav,train
unknown/5-219242-B-374.wav,train
unknown/5-219318-A-310.wav,train
unknown/5-219318-A-311.wav,train
unknown/5-219318-A-312.wav,train
unknown/5-219318-A-313.wav,train
unknown/5-219318-A-314.wav,train
unknown/5-219342-A-380.wav,test
unknown/5-219342-A-381.wav,train
unknown/5-219342-A-382.wav,train
unknown/5-219342-A-383.wav,train
unknown/5-219342-A-384.wav,train
unknown/5-219379-A-110.wav,train
unknown/5-219379-A-111.wav,train
unknown/5-219379-A-112.wav,test
unknown/5-219379-A-113.wav,train
unknown/5-219379-A-114.wav,train
unknown/5-219379-B-110.wav,train
unknown/5-219379-B-111.wav,train
unknown/5-219379-B-112.wav,train
unknown/5-219379-B-113.wav,test
unknown/5-219379-B-114.wav,train
unknown/5-219379-C-110.wav,train
unknown/5-219379-C-111.wav,train
unknown/5-219379-C-112.wav,train
unknown/5-219379-C-113.wav,train
unknown/5-219379-C-114.wav,train
unknown/5-220026-A-210.wav,train
unknown/5-220026-A-211.wav,train
unknown/5-220026-A-212.wav,train
unknown/5-220026-A-213.wav,train
unknown/5-220026-A-214.wav,train
unknown/5-220027-A-210.wav,train
unknown/5-220027-A-211.wav,train
unknown/5-220027-A-212.wav,train
unknown/5-220027-A-213.wav,train
unknown/5-220027-A-214.wav,train
unknown/5-220939-A-270.wav,train
unknown/5-220939-A-271.wav,train
unknown/5-220939-A-272.wav,train
unknown/5-220939-A-273.wav,train
unknown/5-220939-A-274.wav,test
unknown/5-220955-A-400.wav,train
unknown/5-220955-A-401.wav,train
unknown/5-220955-A-402.wav,train
unknown/5-220955-A-403.wav,train
unknown/5-220955-A-404.wav,train
unknown/5-221518-A-210.wav,test
unknown/5-221518-A-211.wav,train
unknown/5-221518-A-212.wav,test
unknown/5-221518-A-213.wav,train
unknown/5-221518-A-214.wav,train
unknown/5-221528-A-390.wav,test
unknown/5-221528-A-391.wav,train
unknown/5-221528-A-392.wav,test
unknown/5-221528-A-393.wav,test
unknown/5-221528-A-394.wav,train
unknown/5-221529-A-390.wav,train
unknown/5-221529-A-391.wav,train
unknown/5-221529-A-392.wav,train
unknown/5-221529-A-393.wav,train
unknown/5-221529-A-394.wav,train
unknown/5-221567-A-220.wav,train
unknown/5-221567-A-221.wav,train
unknown/5-221567-A-222.wav,train
unknown/5-221567-A-223.wav,test
unknown/5-221567-A-224.wav,train
unknown/5-221568-A-220.wav,train
unknown/5-221568-A-221.wav,train
unknown/5-221568-A-222.wav,train
unknown/5-221568-A-223.wav,test
unknown/5-221568-A-224.wav,train
unknown/5-221593-A-210.wav,train
unknown/5-221593-A-211.wav,train
unknown/5-221593-A-212.wav,train
unknown/5-221593-A-213.wav,train
unknown/5-221593-A-214.wav,test
unknown/5-221878-A-340.wav,train
unknown/5-221878-A-341.wav,train
unknown/5-221878-A-342.wav,train
unknown/5-221878-A-343.wav,test
unknown/5-221878-A-344.wav,train
unknown/5-221950-A-220.wav,train
unknown/5-221950-A-221.wav,train
unknown/5-221950-A-222.wav,test
unknown/5-221950-A-223.wav,train
unknown/5-221950-A-224.wav,train
unknown/5-222041-A-90.wav,train
unknown/5-222041-A-91.wav,train
unknown/5-222041-A-92.wav,train
unknown/5-222041-A-93.wav,train
unknown/5-222041-A-94.wav,test
unknown/5-222524-A-410.wav,train
unknown/5-222524-A-411.wav,train
unknown/5-222524-A-412.wav,train
unknown/5-222524-A-413.wav,train
unknown/5-222524-A-414.wav,test
unknown/5-222894-A-320.wav,train
unknown/5-222894-A-321.wav,train
unknown/5-222894-A-322.wav,train
unknown/5-222894-A-323.wav,train
unknown/5-222894-A-324.wav,train
unknown/5-223099-A-320.wav,test
unknown/5-223099-A-321.wav,train
unknown/5-223099-A-322.wav,train
unknown/5-223099-A-323.wav,train
unknown/5-223099-A-324.wav,train
unknown/5-223099-B-320.wav,train
unknown/5-223099-B-321.wav,train
unknown/5-223099-B-322.wav,train
unknown/5-223099-B-323.wav,train
unknown/5-223099-B-324.wav,train
unknown/5-223103-A-310.wav,test
unknown/5-223103-A-311.wav,train
unknown/5-223103-A-312.wav,test
unknown/5-223103-A-313.wav,train
unknown/5-223103-A-314.wav,test
unknown/5-223176-A-370.wav,train
unknown/5-223176-A-371.wav,test
unknown/5-223176-A-372.wav,train
unknown/5-223176-A-373.wav,test
unknown/5-223176-A-374.wav,train
unknown/5-223317-A-310.wav,train
unknown/5-223317-A-311.wav,test
unknown/5-223317-A-312.wav,train
unknown/5-223317-A-313.wav,train
unknown/5-223317-A-314.wav,test
unknown/5-223810-A-350.wav,train
unknown/5-223810-A-351.wav,test
unknown/5-223810-A-352.wav,test
unknown/5-223810-A-353.wav,train
unknown/5-223810-A-354.wav,train
unknown/5-231551-A-360.wav,train
unknown/5-231551-A-361.wav,test
unknown/5-231551-A-362.wav,test
unknown/5-231551-A-363.wav,train
unknown/5-231551-A-364.wav,train
unknown/5-231762-A-00.wav,train
unknown/5-231762-A-01.wav,train
unknown/5-231762-A-02.wav,test
unknown/5-231762-A-03.wav,test
unknown/5-231762-A-04.wav,train
unknown/5-232272-A-440.wav,test
unknown/5-232272-A-441.wav,train
unknown/5-232272-A-442.wav,train
unknown/5-232272-A-443.wav,train
unknown/5-232272-A-444.wav,train
unknown/5-232802-A-310.wav,train
unknown/5-232802-A-311.wav,train
unknown/5-232802-A-312.wav,train
unknown/5-232802-A-313.wav,train
unknown/5-232802-A-314.wav,test
unknown/5-232816-A-230.wav,test
unknown/5-232816-A-231.wav,train
unknown/5-232816-A-232.wav,train
unknown/5-232816-A-233.wav,train
unknown/5-232816-A-234.wav,train
unknown/5-233019-A-310.wav,train
unknown/5-233019-A-311.wav,train
unknown/5-233019-A-312.wav,train
unknown/5-233019-A-313.wav,train
unknown/5-233019-A-314.wav,train
unknown/5-233160-A-10.wav,train
unknown/5-233160-A-11.wav,train
unknown/5-233160-A-12.wav,test
unknown/5-233160-A-13.wav,train
unknown/5-233160-A-14.wav,train
unknown/5-233260-A-230.wav,train
unknown/5-233260-A-231.wav,train
unknown/5-233260-A-232.wav,train
unknown/5-233260-A-233.wav,train
unknown/5-233260-A-234.wav,train
unknown/5-233312-A-280.wav,train
unknown/5-233312-A-281.wav,train
unknown/5-233312-A-282.wav,train
unknown/5-233312-A-283.wav,train
unknown/5-233312-A-284.wav,train
unknown/5-233605-A-390.wav,test
unknown/5-233605-A-391.wav,train
unknown/5-233605-A-392.wav,train
unknown/5-233605-A-393.wav,train
unknown/5-233605-A-394.wav,test
unknown/5-233607-A-390.wav,train
unknown/5-233607-A-391.wav,train
unknown/5-233607-A-392.wav,train
unknown/5-233607-A-393.wav,train
unknown/5-233607-A-394.wav,train
unknown/5-233645-A-370.wav,train
unknown/5-233645-A-371.wav,train
unknown/5-233645-A-372.wav,test
unknown/5-233645-A-373.wav,test
unknown/5-233645-A-374.wav,train
unknown/5-233787-A-70.wav,train
unknown/5-233787-A-71.wav,train
unknown/5-233787-A-72.wav,train
unknown/5-233787-A-73.wav,train
unknown/5-233787-A-74.wav,train
unknown/5-234145-A-280.wav,test
unknown/5-234145-A-281.wav,train
unknown/5-234145-A-282.wav,test
unknown/5-234145-A-283.wav,test
unknown/5-234145-A-284.wav,train
unknown/5-234247-A-370.wav,train
unknown/5-234247-A-371.wav,train
unknown/5-234247-A-372.wav,train
unknown/5-234247-A-373.wav,train
unknown/5-234247-A-374.wav,train
unknown/5-234263-A-250.wav,train
unknown/5-234263-A-251.wav,train
unknown/5-234263-A-252.wav,train
unknown/5-234263-A-253.wav,train
unknown/5-234263-A-254.wav,train
unknown/5-234335-A-230.wav,train
unknown/5-234335-A-231.wav,test
unknown/5-234335-A-232.wav,train
unknown/5-234335-A-233.wav,train
unknown/5-234335-A-234.wav,test
unknown/5-234855-A-250.wav,test
unknown/5-234855-A-251.wav,test
unknown/5-234855-A-252.wav,train
unknown/5-234855-A-253.wav,train
unknown/5-234855-A-254.wav,train
unknown/5-234879-A-10.wav,train
unknown/5-234879-A-11.wav,test
unknown/5-234879-A-12.wav,train
unknown/5-234879-A-13.wav,test
unknown/5-234879-A-14.wav,train
unknown/5-234879-B-10.wav,train
unknown/5-234879-B-11.wav,train
unknown/5-234879-B-12.wav,train
unknown/5-234879-B-13.wav,train
unknown/5-234879-B-14.wav,train
unknown/5-234923-A-320.wav,train
unknown/5-234923-A-321.wav,train
unknown/5-234923-A-322.wav,train
unknown/5-234923-A-323.wav,train
unknown/5-234923-A-324.wav,train
unknown/5-235507-A-440.wav,train
unknown/5-235507-A-441.wav,test
unknown/5-235507-A-442.wav,test
unknown/5-235507-A-443.wav,train
unknown/5-235507-A-444.wav,train
unknown/5-235593-A-230.wav,test
unknown/5-235593-A-231.wav,train
unknown/5-235593-A-232.wav,train
unknown/5-235593-A-233.wav,train
unknown/5-235593-A-234.wav,train
unknown/5-235644-A-300.wav,test
unknown/5-235644-A-301.wav,test
unknown/5-235644-A-302.wav,train
unknown/5-235644-A-303.wav,train
unknown/5-235644-A-304.wav,train
unknown/5-235671-A-380.wav,train
unknown/5-235671-A-381.wav,train
unknown/5-235671-A-382.wav,train
unknown/5-235671-A-383.wav,test
unknown/5-235671-A-384.wav,train
unknown/5-235874-A-280.wav,train
unknown/5-235874-A-281.wav,train
unknown/5-235874-A-282.wav,train
unknown/5-235874-A-283.wav,train
unknown/5-235874-A-284.wav,train
unknown/5-235893-A-280.wav,train
unknown/5-235893-A-281.wav,train
unknown/5-235893-A-282.wav,train
unknown/5-235893-A-283.wav,train
unknown/5-235893-A-284.wav,train
unknown/5-235956-A-470.wav,test
unknown/5-235956-A-471.wav,test
unknown/5-235956-A-472.wav,train
unknown/5-235956-A-473.wav,train
unknown/5-235956-A-474.wav,train
unknown/5-236288-A-280.wav,train
unknown/5-236288-A-281.wav,test
unknown/5-236288-A-282.wav,test
unknown/5-236288-A-283.wav,train
unknown/5-236288-A-284.wav,train
unknown/5-236299-A-340.wav,train
unknown/5-236299-A-341.wav,train
unknown/5-236299-A-342.wav,train
unknown/5-236299-A-343.wav,train
unknown/5-236299-A-344.wav,train
unknown/5-237315-A-310.wav,train
unknown/5-237315-A-311.wav,train
unknown/5-237315-A-312.wav,train
unknown/5-237315-A-313.wav,test
unknown/5-237315-A-314.wav,train
unknown/5-237499-A-40.wav,train
unknown/5-237499-A-41.wav,train
unknown/5-237499-A-42.wav,test
unknown/5-237499-A-43.wav,train
unknown/5-237499-A-44.wav,train
unknown/5-237795-A-340.wav,train
unknown/5-237795-A-341.wav,train
unknown/5-237795-A-342.wav,train
unknown/5-237795-A-343.wav,test
unknown/5-237795-A-344.wav,train
unknown/5-238021-A-350.wav,train
unknown/5-238021-A-351.wav,train
unknown/5-238021-A-352.wav,train
unknown/5-238021-A-353.wav,train
unknown/5-238021-A-354.wav,train
unknown/5-238492-A-230.wav,test
unknown/5-238492-A-231.wav,train
unknown/5-238492-A-232.wav,train
unknown/5-238492-A-233.wav,train
unknown/5-238492-A-234.wav,train
unknown/5-238926-A-310.wav,train
unknown/5-238926-A-311.wav,train
unknown/5-238926-A-312.wav,train
unknown/5-238926-A-313.wav,train
unknown/5-238926-A-314.wav,train
unknown/5-238938-A-270.wav,train
unknown/5-238938-A-271.wav,train
unknown/5-238938-A-272.wav,train
unknown/5-238938-A-273.wav,train
unknown/5-238938-A-274.wav,test
unknown/5-240671-A-440.wav,train
unknown/5-240671-A-441.wav,train
unknown/5-240671-A-442.wav,train
unknown/5-240671-A-443.wav,train
unknown/5-240671-A-444.wav,test
unknown/5-241846-A-150.wav,train
unknown/5-241846-A-151.wav,train
unknown/5-241846-A-152.wav,test
unknown/5-241846-A-153.wav,test
unknown/5-241846-A-154.wav,train
unknown/5-242490-A-140.wav,train
unknown/5-242490-A-141.wav,train
unknown/5-242490-A-142.wav,train
unknown/5-242490-A-143.wav,test
unknown/5-242490-A-144.wav,test
unknown/5-242491-A-140.wav,train
unknown/5-242491-A-141.wav,train
unknown/5-242491-A-142.wav,train
unknown/5-242491-A-143.wav,train
unknown/5-242491-A-144.wav,test
unknown/5-242492-A-30.wav,train
unknown/5-242492-A-31.wav,train
unknown/5-242492-A-32.wav,train
unknown/5-242492-A-33.wav,train
unknown/5-242492-A-34.wav,train
unknown/5-242711-A-90.wav,test
unknown/5-242711-A-91.wav,train
unknown/5-242711-A-92.wav,train
unknown/5-242711-A-93.wav,train
unknown/5-242711-A-94.wav,train
unknown/5-242932-A-260.wav,train
unknown/5-242932-A-261.wav,test
unknown/5-242932-A-262.wav,train
unknown/5-242932-A-263.wav,train
unknown/5-242932-A-264.wav,test
unknown/5-242932-B-260.wav,train
unknown/5-242932-B-261.wav,test
unknown/5-242932-B-262.wav,train
unknown/5-242932-B-263.wav,test
unknown/5-242932-B-264.wav,train
unknown/5-243025-A-250.wav,test
unknown/5-243025-A-251.wav,train
unknown/5-243025-A-252.wav,train
unknown/5-243025-A-253.wav,train
unknown/5-243025-A-254.wav,test
unknown/5-243036-A-290.wav,test
unknown/5-243036-A-291.wav,train
unknown/5-243036-A-292.wav,train
unknown/5-243036-A-293.wav,train
unknown/5-243036-A-294.wav,train
unknown/5-243448-A-140.wav,train
unknown/5-243448-A-141.wav,train
unknown/5-243448-A-142.wav,test
unknown/5-243448-A-143.wav,train
unknown/5-243448-A-144.wav,train
unknown/5-243449-A-140.wav,train
unknown/5-243449-A-141.wav,train
unknown/5-243449-A-142.wav,train
unknown/5-243449-A-143.wav,train
unknown/5-243449-A-144.wav,train
unknown/5-243450-A-140.wav,train
unknown/5-243450-A-141.wav,test
unknown/5-243450-A-142.wav,train
unknown/5-243450-A-143.wav,train
unknown/5-243450-A-144.wav,train
unknown/5-243459-A-140.wav,train
unknown/5-243459-A-141.wav,train
unknown/5-243459-A-142.wav,train
unknown/5-243459-A-143.wav,train
unknown/5-243459-A-144.wav,train
unknown/5-243459-B-140.wav,test
unknown/5-243459-B-141.wav,train
unknown/5-243459-B-142.wav,train
unknown/5-243459-B-143.wav,train
unknown/5-243459-B-144.wav,test
unknown/5-243635-A-290.wav,train
unknown/5-243635-A-291.wav,train
unknown/5-243635-A-292.wav,train
unknown/5-243635-A-293.wav,train
unknown/5-243635-A-294.wav,test
unknown/5-243773-A-440.wav,train
unknown/5-243773-A-441.wav,train
unknown/5-243773-A-442.wav,train
unknown/5-243773-A-443.wav,train
unknown/5-243773-A-444.wav,train
unknown/5-243773-B-440.wav,test
unknown/5-243773-B-441.wav,train
unknown/5-243773-B-442.wav,train
unknown/5-243773-B-443.wav,train
unknown/5-243773-B-444.wav,train
unknown/5-243783-A-440.wav,train
unknown/5-243783-A-441.wav,train
unknown/5-243783-A-442.wav,train
unknown/5-243783-A-443.wav,train
unknown/5-243783-A-444.wav,test
unknown/5-244178-A-320.wav,train
unknown/5-244178-A-321.wav,train
unknown/5-244178-A-322.wav,train
unknown/5-244178-A-323.wav,train
unknown/5-244178-A-324.wav,train
unknown/5-244310-A-250.wav,train
unknown/5-244310-A-251.wav,test
unknown/5-244310-A-252.wav,train
unknown/5-244310-A-253.wav,test
unknown/5-244310-A-254.wav,train
unknown/5-244315-A-60.wav,train
unknown/5-244315-A-61.wav,train
unknown/5-244315-A-62.wav,train
unknown/5-244315-A-63.wav,train
unknown/5-244315-A-64.wav,train
unknown/5-244315-B-60.wav,train
unknown/5-244315-B-61.wav,test
unknown/5-244315-B-62.wav,test
unknown/5-244315-B-63.wav,test
unknown/5-244315-B-64.wav,train
unknown/5-244315-C-60.wav,train
unknown/5-244315-C-61.wav,train
unknown/5-244315-C-62.wav,test
unknown/5-244315-C-63.wav,test
unknown/5-244315-C-64.wav,train
unknown/5-244327-A-340.wav,train
unknown/5-244327-A-341.wav,train
unknown/5-244327-A-342.wav,test
unknown/5-244327-A-343.wav,test
unknown/5-244327-A-344.wav,train
unknown/5-244459-A-280.wav,test
unknown/5-244459-A-281.wav,test
unknown/5-244459-A-282.wav,train
unknown/5-244459-A-283.wav,train
unknown/5-244459-A-284.wav,train
unknown/5-244526-A-260.wav,test
unknown/5-244526-A-261.wav,train
unknown/5-244526-A-262.wav,train
unknown/5-244526-A-263.wav,train
unknown/5-244526-A-264.wav,test
unknown/5-244651-A-310.wav,train
unknown/5-244651-A-311.wav,train
unknown/5-244651-A-312.wav,train
unknown/5-244651-A-313.wav,train
unknown/5-244651-A-314.wav,train
unknown/5-244933-A-340.wav,train
unknown/5-244933-A-341.wav,train
unknown/5-244933-A-342.wav,train
unknown/5-244933-A-343.wav,test
unknown/5-244933-A-344.wav,test
unknown/5-245040-A-350.wav,train
unknown/5-245040-A-351.wav,train
unknown/5-245040-A-352.wav,train
unknown/5-245040-A-353.wav,train
unknown/5-245040-A-354.wav,train
unknown/5-248341-A-60.wav,train
unknown/5-248341-A-61.wav,test
unknown/5-248341-A-62.wav,train
unknown/5-248341-A-63.wav,test
unknown/5-248341-A-64.wav,train
unknown/5-248341-B-60.wav,train
unknown/5-248341-B-61.wav,test
unknown/5-248341-B-62.wav,train
unknown/5-248341-B-63.wav,train
unknown/5-248341-B-64.wav,train
unknown/5-248341-C-60.wav,test
unknown/5-248341-C-61.wav,train
unknown/5-248341-C-62.wav,train
unknown/5-248341-C-63.wav,train
unknown/5-248341-C-64.wav,train
unknown/5-249748-A-280.wav,train
unknown/5-249748-A-281.wav,train
unknown/5-249748-A-282.wav,train
unknown/5-249748-A-283.wav,train
unknown/5-249748-A-284.wav,train
unknown/5-249937-A-220.wav,train
unknown/5-249937-A-221.wav,train
unknown/5-249937-A-222.wav,test
unknown/5-249937-A-223.wav,train
unknown/5-249937-A-224.wav,train
unknown/5-250026-A-300.wav,train
unknown/5-250026-A-301.wav,train
unknown/5-250026-A-302.wav,test
unknown/5-250026-A-303.wav,train
unknown/5-250026-A-304.wav,train
unknown/5-250026-B-300.wav,train
unknown/5-250026-B-301.wav,train
unknown/5-250026-B-302.wav,train
unknown/5-250026-B-303.wav,test
unknown/5-250026-B-304.wav,train
unknown/5-250258-A-490.wav,test
unknown/5-250258-A-491.wav,train
unknown/5-250258-A-492.wav,train
unknown/5-250258-A-493.wav,train
unknown/5-250258-A-494.wav,train
unknown/5-250629-A-370.wav,train
unknown/5-250629-A-371.wav,test
unknown/5-250629-A-372.wav,test
unknown/5-250629-A-373.wav,train
unknown/5-250629-A-374.wav,train
unknown/5-250753-A-340.wav,train
unknown/5-250753-A-341.wav,train
unknown/5-250753-A-342.wav,train
unknown/5-250753-A-343.wav,train
unknown/5-250753-A-344.wav,test
unknown/5-251426-A-300.wav,test
unknown/5-251426-A-301.wav,test
unknown/5-251426-A-302.wav,train
unknown/5-251426-A-303.wav,train
unknown/5-251426-A-304.wav,train
unknown/5-251426-B-300.wav,train
unknown/5-251426-B-301.wav,train
unknown/5-251426-B-302.wav,train
unknown/5-251426-B-303.wav,train
unknown/5-251426-B-304.wav,test
unknown/5-251489-A-240.wav,train
unknown/5-251489-A-241.wav,train
unknown/5-251489-A-242.wav,train
unknown/5-251489-A-243.wav,train
unknown/5-251489-A-244.wav,train
unknown/5-251957-A-470.wav,test
unknown/5-251957-A-471.wav,train
unknown/5-251957-A-472.wav,train
unknown/5-251957-A-473.wav,train
unknown/5-251957-A-474.wav,train
unknown/5-251962-A-470.wav,train
unknown/5-251962-A-471.wav,test
unknown/5-251962-A-472.wav,train
unknown/5-251962-A-473.wav,train
unknown/5-251962-A-474.wav,test
unknown/5-251963-A-470.wav,train
unknown/5-251963-A-471.wav,test
unknown/5-251963-A-472.wav,test
unknown/5-251963-A-473.wav,train
unknown/5-251963-A-474.wav,train
unknown/5-251971-A-470.wav,train
unknown/5-251971-A-471.wav,train
unknown/5-251971-A-472.wav,train
unknown/5-251971-A-473.wav,train
unknown/5-251971-A-474.wav,train
unknown/5-252248-A-340.wav,test
unknown/5-252248-A-341.wav,train
unknown/5-252248-A-342.wav,train
unknown/5-252248-A-343.wav,train
unknown/5-252248-A-344.wav,test
unknown/5-253085-A-30.wav,train
unknown/5-253085-A-31.wav,train
unknown/5-253085-A-32.wav,train
unknown/5-253085-A-33.wav,train
unknown/5-253085-A-34.wav,train
unknown/5-253085-B-30.wav,train
unknown/5-253085-B-31.wav,train
unknown/5-253085-B-32.wav,train
unknown/5-253085-B-33.wav,train
unknown/5-253085-B-34.wav,test
unknown/5-253094-A-490.wav,train
unknown/5-253094-A-491.wav,test
unknown/5-253094-A-492.wav,train
unknown/5-253094-A-493.wav,test
unknown/5-253094-A-494.wav,train
unknown/5-253094-B-490.wav,train
unknown/5-253094-B-491.wav,train
unknown/5-253094-B-492.wav,test
unknown/5-253094-B-493.wav,train
unknown/5-253094-B-494.wav,train
unknown/5-253094-C-490.wav,test
unknown/5-253094-C-491.wav,train
unknown/5-253094-C-492.wav,train
unknown/5-253094-C-493.wav,train
unknown/5-253094-C-494.wav,test
unknown/5-253094-D-490.wav,train
unknown/5-253094-D-491.wav,train
unknown/5-253094-D-492.wav,train
unknown/5-253094-D-493.wav,train
unknown/5-253094-D-494.wav,test
unknown/5-253101-A-490.wav,train
unknown/5-253101-A-491.wav,train
unknown/5-253101-A-492.wav,test
unknown/5-253101-A-493.wav,test
unknown/5-253101-A-494.wav,train
unknown/5-253101-B-490.wav,train
unknown/5-253101-B-491.wav,train
unknown/5-253101-B-492.wav,train
unknown/5-253101-B-493.wav,train
unknown/5-253101-B-494.wav,train
unknown/5-253101-C-490.wav,train
unknown/5-253101-C-491.wav,test
unknown/5-253101-C-492.wav,test
unknown/5-253101-C-493.wav,train
unknown/5-253101-C-494.wav,train
unknown/5-253534-A-260.wav,train
unknown/5-253534-A-261.wav,train
unknown/5-253534-A-262.wav,test
unknown/5-253534-A-263.wav,train
unknown/5-253534-A-264.wav,train
unknown/5-254160-A-220.wav,train
unknown/5-254160-A-221.wav,test
unknown/5-254160-A-222.wav,train
unknown/5-254160-A-223.wav,train
unknown/5-254160-A-224.wav,train
unknown/5-254832-A-150.wav,train
unknown/5-254832-A-151.wav,train
unknown/5-254832-A-152.wav,test
unknown/5-254832-A-153.wav,train
unknown/5-254832-A-154.wav,test
unknown/5-254832-B-150.wav,train
unknown/5-254832-B-151.wav,test
unknown/5-254832-B-152.wav,train
unknown/5-254832-B-153.wav,test
unknown/5-254832-B-154.wav,test
unknown/5-256452-A-50.wav,train
unknown/5-256452-A-51.wav,train
unknown/5-256452-A-52.wav,train
unknown/5-256452-A-53.wav,train
unknown/5-256452-A-54.wav,train
unknown/5-256512-A-300.wav,train
unknown/5-256512-A-301.wav,train
unknown/5-256512-A-302.wav,train
unknown/5-256512-A-303.wav,train
unknown/5-256512-A-304.wav,train
unknown/5-257349-A-150.wav,train
unknown/5-257349-A-151.wav,train
unknown/5-257349-A-152.wav,test
unknown/5-257349-A-153.wav,train
unknown/5-257349-A-154.wav,train
unknown/5-257642-A-390.wav,test
unknown/5-257642-A-391.wav,train
unknown/5-257642-A-392.wav,train
unknown/5-257642-A-393.wav,train
unknown/5-257642-A-394.wav,train
unknown/5-257839-A-140.wav,train
unknown/5-257839-A-141.wav,train
unknown/5-257839-A-142.wav,train
unknown/5-257839-A-143.wav,train
unknown/5-257839-A-144.wav,train
unknown/5-259169-A-50.wav,train
unknown/5-259169-A-51.wav,test
unknown/5-259169-A-52.wav,train
unknown/5-259169-A-53.wav,train
unknown/5-259169-A-54.wav,train
unknown/5-259180-A-150.wav,train
unknown/5-259180-A-151.wav,train
unknown/5-259180-A-152.wav,train
unknown/5-259180-A-153.wav,test
unknown/5-259180-A-154.wav,train
unknown/5-259514-A-260.wav,train
unknown/5-259514-A-261.wav,train
unknown/5-259514-A-262.wav,train
unknown/5-259514-A-263.wav,test
unknown/5-259514-A-264.wav,train
unknown/5-259640-A-290.wav,train
unknown/5-259640-A-291.wav,train
unknown/5-259640-A-292.wav,test
unknown/5-259640-A-293.wav,train
unknown/5-259640-A-294.wav,train
unknown/5-260011-A-340.wav,train
unknown/5-260011-A-341.wav,test
unknown/5-260011-A-342.wav,test
unknown/5-260011-A-343.wav,test
unknown/5-260011-A-344.wav,train
unknown/5-260164-A-230.wav,train
unknown/5-260164-A-231.wav,train
unknown/5-260164-A-232.wav,train
unknown/5-260164-A-233.wav,train
unknown/5-260164-A-234.wav,train
unknown/5-260432-A-390.wav,train
unknown/5-260432-A-391.wav,train
unknown/5-260432-A-392.wav,train
unknown/5-260432-A-393.wav,test
unknown/5-260432-A-394.wav,test
unknown/5-260433-A-390.wav,train
unknown/5-260433-A-391.wav,train
unknown/5-260433-A-392.wav,train
unknown/5-260433-A-393.wav,train
unknown/5-260433-A-394.wav,train
unknown/5-260434-A-390.wav,test
unknown/5-260434-A-391.wav,test
unknown/5-260434-A-392.wav,train
unknown/5-260434-A-393.wav,train
unknown/5-260434-A-394.wav,test
unknown/5-260875-A-350.wav,train
unknown/5-260875-A-351.wav,train
unknown/5-260875-A-352.wav,train
unknown/5-260875-A-353.wav,test
unknown/5-260875-A-354.wav,train
unknown/5-261325-A-90.wav,test
unknown/5-261325-A-91.wav,train
unknown/5-261325-A-92.wav,train
unknown/5-261325-A-93.wav,train
unknown/5-261325-A-94.wav,train
unknown/5-261433-A-150.wav,train
unknown/5-261433-A-151.wav,test
unknown/5-261433-A-152.wav,train
unknown/5-261433-A-153.wav,test
unknown/5-261433-A-154.wav,test
unknown/5-261439-A-150.wav,train
unknown/5-261439-A-151.wav,train
unknown/5-261439-A-152.wav,train
unknown/5-261439-A-153.wav,train
unknown/5-261439-A-154.wav,train
unknown/5-261464-A-230.wav,train
unknown/5-261464-A-231.wav,test
unknown/5-261464-A-232.wav,train
unknown/5-261464-A-233.wav,train
unknown/5-261464-A-234.wav,train
unknown/5-262641-A-150.wav,train
unknown/5-262641-A-151.wav,train
unknown/5-262641-A-152.wav,train
unknown/5-262641-A-153.wav,test
unknown/5-262641-A-154.wav,train
unknown/5-262957-A-220.wav,train
unknown/5-262957-A-221.wav,train
unknown/5-262957-A-222.wav,test
unknown/5-262957-A-223.wav,train
unknown/5-262957-A-224.wav,train
unknown/5-263490-A-250.wav,train
unknown/5-263490-A-251.wav,train
unknown/5-263490-A-252.wav,train
unknown/5-263490-A-253.wav,train
unknown/5-263490-A-254.wav,train
unknown/5-263491-A-250.wav,train
unknown/5-263491-A-251.wav,train
unknown/5-263491-A-252.wav,train
unknown/5-263491-A-253.wav,train
unknown/5-263491-A-254.wav,train
unknown/5-263501-A-250.wav,train
unknown/5-263501-A-251.wav,train
unknown/5-263501-A-252.wav,train
unknown/5-263501-A-253.wav,train
unknown/5-263501-A-254.wav,train
unknown/5-263775-A-260.wav,train
unknown/5-263775-A-261.wav,train
unknown/5-263775-A-262.wav,train
unknown/5-263775-A-263.wav,train
unknown/5-263775-A-264.wav,train
unknown/5-263775-B-260.wav,train
unknown/5-263775-B-261.wav,train
unknown/5-263775-B-262.wav,train
unknown/5-263775-B-263.wav,train
unknown/5-263775-B-264.wav,train
unknown/5-263831-A-60.wav,train
unknown/5-263831-A-61.wav,train
unknown/5-263831-A-62.wav,train
unknown/5-263831-A-63.wav,train
unknown/5-263831-A-64.wav,train
unknown/5-263831-B-60.wav,train
unknown/5-263831-B-61.wav,train
unknown/5-263831-B-62.wav,train
unknown/5-263831-B-63.wav,train
unknown/5-263831-B-64.wav,train
unknown/5-263902-A-360.wav,train
unknown/5-263902-A-361.wav,test
unknown/5-263902-A-362.wav,train
unknown/5-263902-A-363.wav,test
unknown/5-263902-A-364.wav,train
unknown/5-51149-A-250.wav,test
unknown/5-51149-A-251.wav,train
unknown/5-51149-A-252.wav,train
unknown/5-51149-A-253.wav,train
unknown/5-51149-A-254.wav,train
unknown/5-61635-A-80.wav,test
unknown/5-61635-A-81.wav,train
unknown/5-61635-A-82.wav,train
unknown/5-61635-A-83.wav,test
unknown/5-61635-A-84.wav,test
unknown/5-9032-A-00.wav,train
unknown/5-9032-A-01.wav,train
unknown/5-9032-A-02.wav,test
unknown/5-9032-A-03.wav,train
unknown/5-9032-A-04.wav,test
unknown/doing_the_dishes000.wav,train
unknown/doing_the_dishes001.wav,test
unknown/doing_the_dishes002.wav,train
unknown/doing_the_dishes003.wav,train
unknown/doing_the_dishes004.wav,train
unknown/doing_the_dishes005.wav,train
unknown/doing_the_dishes006.wav,train
unknown/doing_the_dishes007.wav,train
unknown/doing_the_dishes008.wav,train
unknown/doing_the_dishes009.wav,test
unknown/doing_the_dishes010.wav,train
unknown/doing_the_dishes011.wav,test
unknown/doing_the_dishes012.wav,test
unknown/doing_the_dishes013.wav,test
unknown/doing_the_dishes014.wav,train
unknown/doing_the_dishes015.wav,train
unknown/doing_the_dishes016.wav,train
unknown/doing_the_dishes017.wav,train
unknown/doing_the_dishes018.wav,train
unknown/doing_the_dishes019.wav,test
unknown/exercise_bike000.wav,train
unknown/exercise_bike001.wav,train
unknown/exercise_bike002.wav,train
unknown/exercise_bike003.wav,train
unknown/exercise_bike004.wav,test
unknown/exercise_bike005.wav,train
unknown/exercise_bike006.wav,test
unknown/exercise_bike007.wav,train
unknown/exercise_bike008.wav,train
unknown/exercise_bike009.wav,test
unknown/exercise_bike010.wav,train
unknown/exercise_bike011.wav,train
unknown/exercise_bike012.wav,test
unknown/pink_noise000.wav,train
unknown/pink_noise001.wav,train
unknown/pink_noise002.wav,train
unknown/pink_noise003.wav,train
unknown/pink_noise004.wav,train
unknown/pink_noise005.wav,test
unknown/pink_noise006.wav,train
unknown/pink_noise007.wav,train
unknown/pink_noise008.wav,train
unknown/pink_noise009.wav,train
unknown/pink_noise010.wav,train
unknown/pink_noise011.wav,train
unknown/running_tap000.wav,train
unknown/running_tap001.wav,train
unknown/running_tap002.wav,train
unknown/running_tap003.wav,train
unknown/running_tap004.wav,train
unknown/running_tap005.wav,train
unknown/running_tap006.wav,train
unknown/running_tap007.wav,test
unknown/running_tap008.wav,train
unknown/running_tap009.wav,train
unknown/running_tap010.wav,train
unknown/running_tap011.wav,train
unknown/running_tap012.wav,train
unknown/silence000.wav,train
unknown/silence001.wav,train
unknown/silence002.wav,train
unknown/silence003.wav,train
unknown/silence004.wav,train
unknown/silence005.wav,train
unknown/silence006.wav,test
unknown/silence007.wav,train
unknown/silence008.wav,train
unknown/silence009.wav,test
unknown/silence010.wav,train
unknown/silence011.wav,train
unknown/silence012.wav,train
unknown/silence013.wav,train
unknown/silence014.wav,train
unknown/silence015.wav,train
unknown/silence016.wav,train
unknown/silence017.wav,train
unknown/silence018.wav,train
unknown/silence019.wav,train
unknown/silence020.wav,test
unknown/silence021.wav,train
unknown/silence022.wav,train
unknown/silence023.wav,test
unknown/silence024.wav,train
unknown/silence025.wav,train
unknown/silence026.wav,train
unknown/silence027.wav,train
unknown/silence028.wav,test
unknown/silence029.wav,test
unknown/silence030.wav,train
unknown/silence031.wav,train
unknown/silence032.wav,test
unknown/silence033.wav,train
unknown/silence034.wav,train
unknown/silence035.wav,train
unknown/silence036.wav,train
unknown/silence037.wav,train
unknown/silence038.wav,train
unknown/silence039.wav,train
unknown/silence040.wav,test
unknown/silence041.wav,train
unknown/silence042.wav,test
unknown/silence043.wav,train
unknown/silence044.wav,train
unknown/silence045.wav,train
unknown/silence046.wav,train
unknown/silence047.wav,train
unknown/silence048.wav,train
unknown/silence049.wav,test
unknown/silence050.wav,train
unknown/silence051.wav,train
unknown/silence052.wav,train
unknown/silence053.wav,train
unknown/silence054.wav,test
unknown/silence055.wav,train
unknown/silence056.wav,train
unknown/silence057.wav,train
unknown/silence058.wav,test
unknown/silence059.wav,train
unknown/silence060.wav,train
unknown/silence061.wav,test
unknown/silence062.wav,test
unknown/silence063.wav,test
unknown/silence064.wav,test
unknown/silence065.wav,train
unknown/silence066.wav,train
unknown/silence067.wav,train
unknown/silence068.wav,train
unknown/silence069.wav,train
unknown/silence070.wav,train
unknown/silence071.wav,train
unknown/silence072.wav,train
unknown/silence073.wav,train
unknown/silence074.wav,train
unknown/silence075.wav,train
unknown/silence076.wav,train
unknown/silence077.wav,test
unknown/silence078.wav,train
unknown/silence079.wav,train
unknown/silence080.wav,train
unknown/silence081.wav,test
unknown/silence082.wav,train
unknown/silence083.wav,train
unknown/silence084.wav,train
unknown/silence085.wav,train
unknown/silence086.wav,test
unknown/silence087.wav,train
unknown/silence088.wav,test
unknown/silence089.wav,train
unknown/silence090.wav,train
unknown/silence091.wav,train
unknown/silence092.wav,test
unknown/silence093.wav,train
unknown/silence094.wav,train
unknown/silence095.wav,train
unknown/silence096.wav,train
unknown/silence097.wav,train
unknown/silence098.wav,train
unknown/silence099.wav,train
unknown/silence100.wav,train
unknown/silence101.wav,train
unknown/silence102.wav,test
unknown/silence103.wav,train
unknown/silence104.wav,train
unknown/silence105.wav,train
unknown/silence106.wav,train
unknown/silence107.wav,train
unknown/silence108.wav,train
unknown/silence109.wav,test
unknown/silence110.wav,train
unknown/silence111.wav,train
unknown/silence112.wav,train
unknown/silence113.wav,train
unknown/silence114.wav,test
unknown/silence115.wav,train
unknown/silence116.wav,train
unknown/silence117.wav,train
unknown/silence118.wav,test
unknown/silence119.wav,train
unknown/silence120.wav,train
unknown/silence121.wav,test
unknown/silence122.wav,train
unknown/silence123.wav,train
unknown/silence124.wav,train
unknown/silence125.wav,train
unknown/silence126.wav,train
unknown/silence127.wav,test
unknown/silence128.wav,test
unknown/silence129.wav,train
unknown/silence130.wav,train
unknown/silence131.wav,train
unknown/silence132.wav,train
unknown/silence133.wav,train
unknown/silence134.wav,train
unknown/silence135.wav,train
unknown/silence136.wav,train
unknown/silence137.wav,test
unknown/silence138.wav,train
unknown/silence139.wav,train
unknown/silence140.wav,train
unknown/silence141.wav,train
unknown/silence142.wav,train
unknown/silence143.wav,train
unknown/silence144.wav,train
unknown/silence145.wav,train
unknown/silence146.wav,train
unknown/silence147.wav,train
unknown/silence148.wav,test
unknown/silence149.wav,train
unknown/silence150.wav,train
unknown/silence151.wav,train
unknown/silence152.wav,train
unknown/silence153.wav,train
unknown/silence154.wav,test
unknown/silence155.wav,test
unknown/silence156.wav,train
unknown/silence157.wav,train
unknown/silence158.wav,test
unknown/silence159.wav,train
unknown/silence160.wav,train
unknown/silence161.wav,test
unknown/silence162.wav,train
unknown/silence163.wav,train
unknown/silence164.wav,train
unknown/silence165.wav,test
unknown/silence166.wav,train
unknown/silence167.wav,train
unknown/silence168.wav,train
unknown/silence169.wav,train
unknown/silence170.wav,train
unknown/silence171.wav,train
unknown/silence172.wav,train
unknown/silence173.wav,train
unknown/silence174.wav,test
unknown/silence175.wav,train
unknown/silence176.wav,train
unknown/silence177.wav,train
unknown/silence178.wav,train
unknown/silence179.wav,train
unknown/silence180.wav,train
unknown/silence181.wav,train
unknown/silence182.wav,train
unknown/silence183.wav,train
unknown/silence184.wav,train
unknown/silence185.wav,train
unknown/silence186.wav,test
unknown/silence187.wav,train
unknown/silence188.wav,train
unknown/silence189.wav,train
unknown/silence190.wav,test
unknown/silence191.wav,train
unknown/silence192.wav,test
unknown/silence193.wav,train
unknown/silence194.wav,test
unknown/silence195.wav,train
unknown/silence196.wav,train
unknown/silence197.wav,train
unknown/silence198.wav,train
unknown/silence199.wav,train
unknown/silence200.wav,train
unknown/silence201.wav,train
unknown/silence202.wav,test
unknown/silence203.wav,train
unknown/silence204.wav,train
unknown/silence205.wav,train
unknown/silence206.wav,train
unknown/silence207.wav,train
unknown/silence208.wav,train
unknown/silence209.wav,train
unknown/silence210.wav,test
unknown/silence211.wav,train
unknown/silence212.wav,train
unknown/silence213.wav,train
unknown/silence214.wav,train
unknown/silence215.wav,train
unknown/silence216.wav,train
unknown/silence217.wav,train
unknown/silence218.wav,train
unknown/silence219.wav,test
unknown/silence220.wav,train
unknown/silence221.wav,train
unknown/silence222.wav,train
unknown/silence223.wav,train
unknown/silence224.wav,train
unknown/silence225.wav,train
unknown/silence226.wav,test
unknown/silence227.wav,train
unknown/silence228.wav,train
unknown/silence229.wav,train
unknown/silence230.wav,train
unknown/silence231.wav,train
unknown/silence232.wav,train
unknown/silence233.wav,train
unknown/silence234.wav,train
unknown/silence235.wav,train
unknown/silence236.wav,train
unknown/silence237.wav,train
unknown/silence238.wav,train
unknown/silence239.wav,train
unknown/silence240.wav,test
unknown/silence241.wav,test
unknown/silence242.wav,train
unknown/silence243.wav,test
unknown/silence244.wav,train
unknown/silence245.wav,train
unknown/silence246.wav,train
unknown/silence247.wav,train
unknown/silence248.wav,train
unknown/silence249.wav,train
unknown/silence250.wav,train
unknown/silence251.wav,train
unknown/silence252.wav,train
unknown/silence253.wav,train
unknown/silence254.wav,train
unknown/silence255.wav,train
unknown/silence256.wav,train
unknown/silence257.wav,train
unknown/silence258.wav,train
unknown/silence259.wav,test
unknown/silence260.wav,test
unknown/silence261.wav,test
unknown/silence262.wav,test
unknown/silence263.wav,train
unknown/silence264.wav,test
unknown/silence265.wav,test
unknown/silence266.wav,train
unknown/silence267.wav,train
unknown/silence268.wav,test
unknown/silence269.wav,train
unknown/silence270.wav,train
unknown/silence271.wav,train
unknown/silence272.wav,train
unknown/silence273.wav,train
unknown/silence274.wav,train
unknown/silence275.wav,train
unknown/silence276.wav,train
unknown/silence277.wav,train
unknown/silence278.wav,train
unknown/silence279.wav,train
unknown/silence280.wav,train
unknown/silence281.wav,train
unknown/silence282.wav,test
unknown/silence283.wav,train
unknown/silence284.wav,train
unknown/silence285.wav,train
unknown/silence286.wav,train
unknown/silence287.wav,train
unknown/silence288.wav,train
unknown/silence289.wav,train
unknown/silence290.wav,train
unknown/silence291.wav,test
unknown/silence292.wav,train
unknown/silence293.wav,train
unknown/silence294.wav,test
unknown/silence295.wav,test
unknown/silence296.wav,test
unknown/silence297.wav,test
unknown/silence298.wav,train
unknown/silence299.wav,test
unknown/silence300.wav,test
unknown/white_noise000.wav,test
unknown/white_noise001.wav,train
unknown/white_noise002.wav,train
unknown/white_noise003.wav,train
unknown/white_noise004.wav,train
unknown/white_noise005.wav,train
unknown/white_noise006.wav,train
unknown/white_noise007.wav,train
unknown/white_noise008.wav,train
unknown/white_noise009.wav,test
unknown/white_noise010.wav,train
unknown/white_noise011.wav,train
